job_id,search_term,title,company,location,location_area,latitude,longitude,category,salary_min,salary_max,contract_type,contract_time,created,extracted_at,posting_date,salary_mid,salary_available,salary_mid_clean,role_group,seniority,region,skill_sql,skill_python,skill_r,skill_power_bi,skill_tableau,skill_excel,skill_looker,skill_aws,skill_azure,skill_gcp,skill_snowflake,skill_databricks,skill_spark,skill_dbt,skill_power_query,skill_dax,skill_sas,skill_alteryx,skill_statistics,skill_machine_learning,skill_git,skills_count
5890919224,data analyst,System Analyst,SES Water,"Earlswood, Redhill",UK > South East England > Surrey > Redhill > Earlswood,51.240958,-0.167818,IT Jobs,40000.0,40000.0,contract,,2026-09-19 20:22:52+00:00,2026-09-20 00:55:59.308159+00:00,2026-09-19,40000.0,1,40000.0,Other Analytics,Mid / Unspecified,South East England,0,0,0,0,0,0,0,0,0,0,0,0,0,0,0,0,0,0,0,0,0,0
5890868470,data analyst,Independent End Point Assessor - Data Technician,NCFE,UK,UK,,,IT Jobs,43908.46,43908.46,,,2026-09-19 18:15:30+00:00,2026-09-20 00:55:59.308159+00:00,2026-09-19,43908.46,1,43908.46,Other,Mid / Unspecified,UK,0,0,0,0,0,0,0,0,0,0,0,0,0,0,0,0,0,0,0,0,0,0
5890841079,data analyst,Associate Data Engineer,Warwickshire Police,UK,UK,,,IT Jobs,0.0,58985.0,permanent,part_time,2026-09-19 17:33:07+00:00,2026-09-20 00:55:59.308159+00:00,2026-09-19,29492.5,1,29492.5,Other,Mid / Unspecified,UK,0,0,0,0,0,0,0,0,0,0,0,0,0,0,0,0,0,0,0,0,0,0
5890838770,data analyst,Senior Resources Administrator - Birmingham Business School - 95539 - Grade 5,University of Birmingham,UK,UK,,,Admin Jobs,0.0,55.0,permanent,full_time,2026-09-19 17:32:52+00:00,2026-09-20 00:55:59.308159+00:00,2026-09-19,27.5,1,,Other,Senior,UK,0,0,0,0,0,0,0,0,0,0,0,0,0,0,0,0,0,0,0,0,0,0
5890654042,data analyst,Reference Data Senior Analyst - Technology Product Management - AVP - Citi,Citi,UK,UK,,,IT Jobs,59860.61,59860.61,,full_time,2026-09-19 14:07:49+00:00,2026-09-20 00:55:59.308159+00:00,2026-09-19,59860.61,1,59860.61,Other Analytics,Senior,UK,0,0,0,0,0,0,0,0,0,0,0,0,0,0,0,0,0,0,0,0,0,0
5890648814,data analyst,Data Product Manager,VIQU IT Recruitment,"Birmingham, West Midlands",UK > West Midlands > Birmingham,52.483002,-1.89359,IT Jobs,70000.0,70000.0,,,2026-09-19 13:50:57+00:00,2026-09-20 00:55:59.308159+00:00,2026-09-19,70000.0,1,70000.0,Other,Senior,West Midlands,0,0,0,0,0,0,0,0,0,0,0,0,0,0,0,0,0,0,0,0,0,0
5890531024,data analyst,Senior Data Analyst,Warrantywise Ltd,"Intack, Blackburn",UK > North West England > Lancashire > Blackburn > Intack,53.76244,-2.450482,IT Jobs,45000.0,60000.0,permanent,full_time,2026-09-19 11:53:14+00:00,2026-09-20 00:55:59.308159+00:00,2026-09-19,52500.0,1,52500.0,Data Analyst,Senior,North West England,0,0,0,1,0,0,0,0,0,0,0,0,0,0,1,1,0,0,1,0,0,4
5890530947,data analyst,Senior Data Analyst - Blackburn,Warrantywise Ltd,"Intack, Blackburn",UK > North West England > Lancashire > Blackburn > Intack,53.76244,-2.450482,IT Jobs,45000.0,60000.0,permanent,full_time,2026-09-19 11:53:13+00:00,2026-09-20 00:55:59.308159+00:00,2026-09-19,52500.0,1,52500.0,Data Analyst,Senior,North West England,0,0,0,1,0,0,0,0,0,0,0,0,0,0,1,1,0,0,1,0,0,4
5890530982,data analyst,Business Data Engineer,Airbus Helicopters UK Ltd,"Oxford, Oxfordshire",UK > South East England > Oxfordshire > Oxford,51.7523,-1.25588,IT Jobs,42000.0,82000.0,permanent,full_time,2026-09-19 11:53:13+00:00,2026-09-20 00:55:59.308159+00:00,2026-09-19,62000.0,1,62000.0,Other,Mid / Unspecified,South East England,1,1,0,0,0,0,1,0,0,0,0,0,0,0,0,0,0,0,0,0,0,3
5890530902,data analyst,Business Analyst,Hunter Selection,"Rowley Village, Rowley Regis",UK > West Midlands > Rowley Regis > Rowley Village,52.470999,-2.055013,IT Jobs,52000.0,78000.0,contract,full_time,2026-09-19 11:53:13+00:00,2026-09-20 00:55:59.308159+00:00,2026-09-19,65000.0,1,65000.0,Other Analytics,Mid / Unspecified,West Midlands,1,0,0,1,0,1,0,0,0,0,0,0,0,0,0,0,0,0,0,0,0,3
5890530820,data analyst,System Analyst,SES Water,"Earlswood, Redhill",UK > South East England > Surrey > Redhill > Earlswood,51.243835,-0.163735,IT Jobs,40000.0,40000.0,,full_time,2026-09-19 11:53:12+00:00,2026-09-20 00:55:59.308159+00:00,2026-09-19,40000.0,1,40000.0,Other Analytics,Mid / Unspecified,South East England,0,0,0,1,0,0,0,0,0,0,0,0,0,0,0,0,0,0,0,0,0,1
5890530766,data analyst,Technical Lead - Tyndalls Park,IO Associates,"St. Augustines, Bristol",UK > South West England > Bristol > St. Augustines,51.456129,-2.596473,IT Jobs,104000.0,117000.0,contract,,2026-09-19 11:53:12+00:00,2026-09-20 00:55:59.308159+00:00,2026-09-19,110500.0,1,110500.0,Other,Senior,South West England,1,0,0,0,0,0,0,1,1,0,0,0,0,0,0,0,0,0,0,0,0,3
5890530752,data analyst,Technical Business Analyst - Risk Data,CBSbutler Holdings Limited trading as CBSbutler,"West End, West London",UK > London > West London > West End,51.512739,-0.149757,IT Jobs,85000.0,95000.0,permanent,full_time,2026-09-19 11:53:12+00:00,2026-09-20 00:55:59.308159+00:00,2026-09-19,90000.0,1,90000.0,Other Analytics,Mid / Unspecified,London,1,0,0,0,0,0,0,0,0,0,0,0,0,0,0,0,0,0,0,0,0,1
5890530839,data analyst,Data Engineer,Acorn Insurance Ltd,"Formby, Liverpool",UK > North West England > Merseyside > Liverpool > Formby,53.550367,-3.055087,IT Jobs,65000.0,70000.0,permanent,full_time,2026-09-19 11:53:12+00:00,2026-09-20 00:55:59.308159+00:00,2026-09-19,67500.0,1,67500.0,Other,Mid / Unspecified,North West England,0,0,0,0,0,0,0,0,1,0,0,1,0,0,0,0,0,0,0,0,0,2
5890530753,data analyst,Data Analyst Specialist,EF Recruitment,"Knightsbridge, South West London",UK > London > South West London > Knightsbridge,51.500121,-0.161665,IT Jobs,53288.47,53288.47,contract,,2026-09-19 11:53:12+00:00,2026-09-20 00:55:59.308159+00:00,2026-09-19,53288.47,1,53288.47,Data Analyst,Mid / Unspecified,London,1,1,1,0,0,0,1,0,0,1,0,0,0,0,0,0,0,0,0,0,0,5
5890530696,data analyst,Data Analyst,TXP,"London, UK",UK > London,51.503378,-0.139134,IT Jobs,59955.28,59955.28,contract,,2026-09-19 11:53:11+00:00,2026-09-20 00:55:59.308159+00:00,2026-09-19,59955.28,1,59955.28,Data Analyst,Mid / Unspecified,London,1,0,0,1,0,0,0,0,0,0,0,0,0,0,0,0,0,0,0,0,0,2
5890530671,data analyst,Data Modeller,Bright Purple,"Edinburgh City Centre, Edinburgh",UK > Scotland > Edinburgh > Edinburgh City Centre,55.956243,-3.19187,IT Jobs,62078.9,62078.9,contract,,2026-09-19 11:53:11+00:00,2026-09-20 00:55:59.308159+00:00,2026-09-19,62078.9,1,62078.9,Other,Mid / Unspecified,Scotland,1,0,0,0,0,0,0,0,0,0,1,0,0,0,0,0,0,0,0,0,0,2
5890530275,data analyst,Mid-Level Business Analyst,IntaPeople,"Roath, Cardiff",UK > Wales > Cardiff County > Cardiff > Roath,51.484523,-3.167078,IT Jobs,48729.35,48729.35,contract,,2026-09-19 11:53:08+00:00,2026-09-20 00:55:59.308159+00:00,2026-09-19,48729.35,1,48729.35,Other Analytics,Mid / Unspecified,Wales,0,0,0,0,0,0,0,0,0,0,0,0,0,0,0,0,0,0,0,0,0,0
5890530227,data analyst,Data Governance Analyst,Experis,"Crownhill, Milton Keynes",UK > South East England > Buckinghamshire > Milton Keynes > Crownhill,52.02976,-0.799852,IT Jobs,52142.04,52142.04,contract,,2026-09-19 11:53:08+00:00,2026-09-20 00:55:59.308159+00:00,2026-09-19,52142.04,1,52142.04,Other Analytics,Mid / Unspecified,South East England,0,0,0,0,0,0,0,0,0,0,0,0,0,0,0,0,0,0,0,0,0,0
5890530339,data analyst,Senior Data Analyst,Ada Meher,"Holbeck, Leeds",UK > Yorkshire And The Humber > West Yorkshire > Leeds > Holbeck,53.798213,-1.549698,IT Jobs,55000.0,60000.0,,full_time,2026-09-19 11:53:08+00:00,2026-09-20 00:55:59.308159+00:00,2026-09-19,57500.0,1,57500.0,Data Analyst,Senior,Yorkshire And The Humber,1,1,0,0,1,0,0,0,1,0,1,0,0,1,0,0,0,0,0,0,0,6
5890530134,data analyst,Technical Business Analyst - Data & AI,Hays Technology,"Manchester Science Park, Manchester",UK > North West England > Greater Manchester > Manchester > Manchester Science Park,53.478158,-2.238328,IT Jobs,55000.0,65000.0,,full_time,2026-09-19 11:53:07+00:00,2026-09-20 00:55:59.308159+00:00,2026-09-19,60000.0,1,60000.0,Other Analytics,Mid / Unspecified,North West England,0,0,0,0,0,0,0,0,0,0,0,0,0,0,0,0,0,0,0,0,0,0
5890529829,data analyst,Learner Analytics Product Manager,Real,"Mayfair, West London",UK > London > West London > Mayfair,51.509083,-0.151188,IT Jobs,70006.24,70006.24,contract,,2026-09-19 11:53:05+00:00,2026-09-20 00:55:59.308159+00:00,2026-09-19,70006.24,1,70006.24,Other Analytics,Senior,London,0,0,0,0,0,0,0,0,0,0,0,0,0,0,0,0,0,0,0,0,0,0
5890529197,data analyst,Senior Scala Engineer,Experis,UK,UK,,,IT Jobs,75215.62,75215.62,contract,,2026-09-19 11:53:00+00:00,2026-09-20 00:55:59.308159+00:00,2026-09-19,75215.62,1,75215.62,Other,Senior,UK,0,0,0,0,0,0,0,1,0,0,0,0,0,0,0,0,0,0,0,0,0,1
5890529009,data analyst,Data Analyst - Gateshead,Jackson Hogg Ltd,"New York Industrial Park, Newcastle Upon Tyne",UK > North East England > Tyne & Wear > Newcastle Upon Tyne > New York Industrial Park,55.015593,-1.503687,IT Jobs,35000.0,40000.0,,full_time,2026-09-19 11:52:59+00:00,2026-09-20 00:55:59.308159+00:00,2026-09-19,37500.0,1,37500.0,Data Analyst,Mid / Unspecified,North East England,1,1,0,1,0,0,0,1,0,0,0,0,0,0,0,0,0,0,0,0,1,5
5890528752,data analyst,Product Data Analyst,Fabric Recruitment Ltd,"Castle Donington, Derby",UK > East Midlands > Derbyshire > Derby > Castle Donington,52.844398,-1.33769,IT Jobs,35000.0,40000.0,permanent,full_time,2026-09-19 11:52:57+00:00,2026-09-20 00:55:59.308159+00:00,2026-09-19,37500.0,1,37500.0,Data Analyst,Mid / Unspecified,East Midlands,1,0,0,1,0,1,0,0,0,0,0,0,0,0,0,0,0,0,0,0,0,3
5890528547,data analyst,Data Analyst - Customer Success,EF Recruitment,"Knightsbridge, South West London",UK > London > South West London > Knightsbridge,51.500121,-0.161665,IT Jobs,32500.0,33800.0,contract,full_time,2026-09-19 11:52:56+00:00,2026-09-20 00:55:59.308159+00:00,2026-09-19,33150.0,1,33150.0,Data Analyst,Mid / Unspecified,London,1,1,1,0,1,0,0,0,0,0,1,1,1,0,0,0,0,0,0,0,0,7
5890528519,data analyst,Data Architect,Essential Employment,"Heapey, Chorley",UK > North West England > Lancashire > Chorley > Heapey,53.683844,-2.607835,IT Jobs,62927.0,84460.0,contract,full_time,2026-09-19 11:52:56+00:00,2026-09-20 00:55:59.308159+00:00,2026-09-19,73693.5,1,73693.5,Other,Mid / Unspecified,North West England,0,0,0,0,0,0,0,0,0,0,0,0,0,0,0,0,0,0,0,0,0,0
5890528163,data analyst,Data Analyst,CBSbutler Holdings Limited trading as CBSbutler,"Charing Cross, Central London",UK > London > Central London > Charing Cross,51.507189,-0.126998,IT Jobs,81535.29,81535.29,contract,,2026-09-19 11:52:53+00:00,2026-09-20 00:55:59.308159+00:00,2026-09-19,81535.29,1,81535.29,Data Analyst,Mid / Unspecified,London,0,0,0,0,0,0,0,0,0,0,0,0,0,0,0,0,0,0,0,0,0,0
5890527135,data analyst,Data Migration Analyst,Amtis Professional Ltd,"Stoke Newington, North London",UK > London > North London > Stoke Newington,51.560101,-0.073739,IT Jobs,50000.0,60000.0,permanent,full_time,2026-09-19 11:52:47+00:00,2026-09-20 00:55:59.308159+00:00,2026-09-19,55000.0,1,55000.0,Other Analytics,Mid / Unspecified,London,1,1,0,0,0,1,0,0,0,0,0,0,0,0,0,0,0,0,0,0,0,3
5890526677,data analyst,Data Analyst,Reed Technology,"Fleet Street, Central London",UK > London > Central London > Fleet Street,51.515456,-0.112059,IT Jobs,40068.08,40068.08,contract,,2026-09-19 11:52:45+00:00,2026-09-20 00:55:59.308159+00:00,2026-09-19,40068.08,1,40068.08,Data Analyst,Mid / Unspecified,London,0,0,0,0,0,1,0,0,0,0,0,0,0,0,0,0,0,0,0,0,0,1
5890526290,data analyst,Data Analyst SAP SuccessFactors,Pertemps Thames Water,"Caversham, Reading",UK > South East England > Berkshire > Reading > Caversham,51.458934,-0.9734,IT Jobs,73788.53,73788.53,contract,,2026-09-19 11:52:43+00:00,2026-09-20 00:55:59.308159+00:00,2026-09-19,73788.53,1,73788.53,Data Analyst,Mid / Unspecified,South East England,1,0,0,1,0,0,0,0,0,0,0,0,0,0,0,0,0,0,0,0,0,2
5890525912,data analyst,Data Business Analyst,Permanent Futures Limited,"East Carlton, Yeadon",UK > Yorkshire And The Humber > West Yorkshire > Leeds > Yeadon > East Carlton,53.866079,-1.684111,IT Jobs,47000.0,52000.0,,full_time,2026-09-19 11:52:40+00:00,2026-09-20 00:55:59.308159+00:00,2026-09-19,49500.0,1,49500.0,Other Analytics,Mid / Unspecified,Yorkshire And The Humber,1,0,0,1,0,1,0,0,0,0,0,0,0,0,1,0,0,0,0,0,0,4
5890525372,data analyst,Data Analyst,Hays Technology,"Ormeau, Belfast",UK > Northern Ireland > Belfast > Ormeau,54.596636,-5.930085,IT Jobs,53239.45,53239.45,contract,,2026-09-19 11:52:37+00:00,2026-09-20 00:55:59.308159+00:00,2026-09-19,53239.45,1,53239.45,Data Analyst,Mid / Unspecified,Northern Ireland,0,0,0,0,0,1,0,0,0,0,0,0,0,0,0,0,0,0,0,0,0,1
5890406396,data analyst,"Sr. Ad Tech Consultant, Ad Tech Solutions (ATS)",Advertising,"London, UK",UK > London,,,IT Jobs,54190.91,54190.91,,full_time,2026-09-19 11:07:59+00:00,2026-09-20 00:55:59.308159+00:00,2026-09-19,54190.91,1,54190.91,Other,Mid / Unspecified,London,0,0,0,0,0,0,0,0,0,0,0,0,0,0,0,0,0,0,0,0,0,0
5890404930,data analyst,Occupational Therapist - Integrated Front Door Team,Shropshire Community Health NHS Trust,"Shelton, Shrewsbury",UK > West Midlands > Shropshire > Shrewsbury > Shelton,52.709361,-2.793752,Healthcare & Nursing Jobs,39959.0,48117.0,,full_time,2026-09-19 11:06:57+00:00,2026-09-20 00:55:59.308159+00:00,2026-09-19,44038.0,1,44038.0,Other,Mid / Unspecified,West Midlands,0,0,0,0,0,0,0,0,0,0,0,0,0,0,0,0,0,0,0,0,0,0
5890404824,data analyst,Community Manager - FTC,Monks,"London, UK",UK > London,51.503378,-0.139134,"PR, Advertising & Marketing Jobs",49571.93,49571.93,contract,,2026-09-19 11:06:50+00:00,2026-09-20 00:55:59.308159+00:00,2026-09-19,49571.93,1,49571.93,Other,Senior,London,0,0,0,0,0,0,0,0,0,0,0,0,0,0,0,0,0,0,0,0,0,0
5890404740,data analyst,Finance Data Analyst,Halfords Careers,"Worcestershire, West Midlands",UK > West Midlands > Worcestershire,52.22285,-2.183016,IT Jobs,37376.63,37376.63,,full_time,2026-09-19 11:06:44+00:00,2026-09-20 00:55:59.308159+00:00,2026-09-19,37376.63,1,37376.63,Data Analyst,Mid / Unspecified,West Midlands,0,0,0,0,0,0,0,0,0,0,0,0,0,0,0,0,0,0,0,0,0,0
5890400840,data analyst,Senior Analytics Engineer,MOO,"London, UK",UK > London,51.503378,-0.139134,IT Jobs,66992.32,66992.32,,full_time,2026-09-19 11:02:37+00:00,2026-09-20 00:55:59.308159+00:00,2026-09-19,66992.32,1,66992.32,Other Analytics,Senior,London,0,0,0,0,0,0,0,0,0,0,0,0,0,0,0,0,0,0,0,0,0,0
5890400824,data analyst,Senior People Data Analyst,Howden,"London, UK",UK > London,,,IT Jobs,54638.71,54638.71,permanent,full_time,2026-09-19 11:02:36+00:00,2026-09-20 00:55:59.308159+00:00,2026-09-19,54638.71,1,54638.71,Data Analyst,Senior,London,0,0,0,0,0,0,0,0,0,0,0,0,0,0,0,0,0,0,0,0,0,0
5890400226,data analyst,Data Analyst,EXL,"London, UK",UK > London,51.503378,-0.139134,IT Jobs,52708.24,52708.24,permanent,full_time,2026-09-19 11:01:49+00:00,2026-09-20 00:55:59.308159+00:00,2026-09-19,52708.24,1,52708.24,Data Analyst,Mid / Unspecified,London,0,0,0,0,0,0,0,0,0,0,0,0,0,0,0,0,0,0,0,0,0,0
5890398010,data analyst,Data Scientist – Labour Productivity / Hospitality,Talent Locker,"Temple, Central London",UK > London > Central London > Temple,51.512421,-0.11511,IT Jobs,36400.0,37700.0,contract,full_time,2026-09-19 10:58:06+00:00,2026-09-20 00:55:59.308159+00:00,2026-09-19,37050.0,1,37050.0,Data Scientist,Mid / Unspecified,London,0,0,0,0,0,0,0,0,0,0,0,0,0,0,0,0,0,0,0,0,0,0
5890397558,data analyst,Assistant Product Manager,Nationwide,"Glasgow, Scotland",UK > Scotland > Glasgow,55.86026,-4.25596,Admin Jobs,35934.64,35934.64,,part_time,2026-09-19 10:57:38+00:00,2026-09-20 00:55:59.308159+00:00,2026-09-19,35934.64,1,35934.64,Other,Senior,Scotland,0,0,0,0,0,0,0,0,0,0,0,0,0,0,0,0,0,0,0,0,0,0
5890397414,data analyst,Senior Insight Analyst,Encore Capital Group,UK,UK,,,Accounting & Finance Jobs,45000.0,45000.0,permanent,full_time,2026-09-19 10:57:33+00:00,2026-09-20 00:55:59.308159+00:00,2026-09-19,45000.0,1,45000.0,Other Analytics,Senior,UK,0,0,0,0,0,0,0,0,0,0,0,0,0,0,0,0,0,0,0,0,0,0
5890397112,data analyst,Senior Data Analyst - Insider Risk,Nationwide,"Shaw, Swindon",UK > South West England > Wiltshire > Swindon > Shaw,51.572273,-1.83676,IT Jobs,48281.34,48281.34,,part_time,2026-09-19 10:56:59+00:00,2026-09-20 00:55:59.308159+00:00,2026-09-19,48281.34,1,48281.34,Data Analyst,Senior,South West England,1,1,0,1,0,0,0,0,0,0,0,0,0,0,0,0,0,0,0,0,0,3
5890396572,data analyst,Performance Analyst Apprentice,Network Plus,"Llanfabon, Nelson",UK > Wales > Merthyr Tydfil County > Treharris > Nelson > Llanfabon,51.652395,-3.297681,IT Jobs,16640.0,26436.0,,,2026-09-19 10:56:10+00:00,2026-09-20 00:55:59.308159+00:00,2026-09-19,21538.0,1,21538.0,Other Analytics,Junior,Wales,0,0,0,0,0,0,0,0,0,0,0,0,0,0,0,0,0,0,0,0,0,0
5890395895,data analyst,Data Protection Analyst,Heathrow Airport,"London, UK",UK > London,51.503378,-0.139134,IT Jobs,59176.81,59176.81,,full_time,2026-09-19 10:54:42+00:00,2026-09-20 00:55:59.308159+00:00,2026-09-19,59176.81,1,59176.81,Other Analytics,Mid / Unspecified,London,0,0,0,0,0,0,0,0,0,0,0,0,0,0,0,0,0,0,0,0,0,0
5890395880,data analyst,Data Modeller,Vanquis,"London, UK",UK > London,51.503378,-0.139134,IT Jobs,49002.96,49002.96,permanent,,2026-09-19 10:54:41+00:00,2026-09-20 00:55:59.308159+00:00,2026-09-19,49002.96,1,49002.96,Other,Mid / Unspecified,London,0,0,0,0,0,0,0,0,0,0,0,0,0,0,0,0,0,0,0,0,0,0
5890395655,data analyst,Market Data Operations Analyst,Barclays,"Glasgow, Scotland",UK > Scotland > Glasgow,55.86026,-4.25596,Accounting & Finance Jobs,38635.61,38635.61,,full_time,2026-09-19 10:54:20+00:00,2026-09-20 00:55:59.308159+00:00,2026-09-19,38635.61,1,38635.61,Other Analytics,Mid / Unspecified,Scotland,0,0,0,0,0,0,0,0,0,0,0,0,0,0,0,0,0,0,0,0,0,0
5890395464,data analyst,Data Analyst,Graphcore,"Bristol, South West England",UK > South West England > Bristol,,,IT Jobs,48867.2,48867.2,,,2026-09-19 10:53:56+00:00,2026-09-20 00:55:59.308159+00:00,2026-09-19,48867.2,1,48867.2,Data Analyst,Mid / Unspecified,South West England,0,0,0,0,0,0,0,0,0,0,0,0,0,0,0,0,0,0,0,0,0,0
5890394661,data analyst,Senior Data Analytics Engineer,Beauty Pie,"London, UK",UK > London,51.503378,-0.139134,IT Jobs,62598.86,62598.86,,full_time,2026-09-19 10:52:31+00:00,2026-09-20 00:55:59.308159+00:00,2026-09-19,62598.86,1,62598.86,Other Analytics,Senior,London,0,0,0,0,0,0,0,0,0,0,0,0,0,0,0,0,0,0,0,0,0,0
5890392942,data analyst,Senior Data Analyst – Revenue Intelligence,Kpler,"London, UK",UK > London,51.503378,-0.139134,IT Jobs,58332.91,58332.91,,full_time,2026-09-19 10:49:56+00:00,2026-09-20 00:55:59.308159+00:00,2026-09-19,58332.91,1,58332.91,Data Analyst,Senior,London,0,0,0,0,0,0,0,0,0,0,0,0,0,0,0,0,0,0,0,0,0,0
5890392932,data analyst,Data Governance and Quality Analyst,Phoenix Group,"Blackfriars, Central London",UK > London > Central London > Blackfriars,51.51564,-0.102827,IT Jobs,420000.0,540000.0,contract,full_time,2026-09-19 10:49:55+00:00,2026-09-20 00:55:59.308159+00:00,2026-09-19,480000.0,1,,Other Analytics,Mid / Unspecified,London,0,0,0,0,0,0,0,0,0,0,0,0,0,0,0,0,0,0,0,0,0,0
5890389550,data analyst,Data Platform Engineer,Code First Girls,"Clerkenwell, Central London",UK > London > Central London > Clerkenwell,51.523616,-0.097248,IT Jobs,52180.74,52180.74,,full_time,2026-09-19 10:44:50+00:00,2026-09-20 00:55:59.308159+00:00,2026-09-19,52180.74,1,52180.74,Other,Mid / Unspecified,London,0,0,0,0,0,0,0,0,0,0,0,0,0,0,0,0,0,0,0,0,0,0
5890388987,data analyst,Business Systems Officer,DN Colleges Group,"Hyde Park, Doncaster",UK > Yorkshire And The Humber > South Yorkshire > Doncaster > Hyde Park,53.528847,-1.136225,IT Jobs,27944.0,30468.0,,full_time,2026-09-19 10:44:05+00:00,2026-09-20 00:55:59.308159+00:00,2026-09-19,29206.0,1,29206.0,Other,Mid / Unspecified,Yorkshire And The Humber,0,0,0,0,0,0,0,0,0,0,0,0,0,0,0,0,0,0,0,0,0,0
5890388351,data analyst,"Alpha Data Content & Configuration Analyst, Assistant Vice President",State Street,"London, UK",UK > London,51.503378,-0.139134,IT Jobs,57991.23,57991.23,,full_time,2026-09-19 10:43:23+00:00,2026-09-20 00:55:59.308159+00:00,2026-09-19,57991.23,1,57991.23,Other Analytics,Mid / Unspecified,London,0,0,0,0,0,0,0,0,0,0,0,0,0,0,0,0,0,0,0,0,0,0
5890388319,data analyst,Head of Programmatic Analysis,News UK,"London, UK",UK > London,51.503378,-0.139134,IT Jobs,42930.89,42930.89,contract,full_time,2026-09-19 10:43:19+00:00,2026-09-20 00:55:59.308159+00:00,2026-09-19,42930.89,1,42930.89,Other,Senior,London,0,0,0,0,0,0,0,0,0,0,0,0,0,0,0,0,0,0,0,0,0,0
5890387981,data analyst,Senior Data Analyst - Operational Excellence,HelloFresh,"London, UK",UK > London,51.503378,-0.139134,IT Jobs,44332.5,44332.5,,,2026-09-19 10:42:39+00:00,2026-09-20 00:55:59.308159+00:00,2026-09-19,44332.5,1,44332.5,Data Analyst,Senior,London,0,0,0,0,0,0,0,0,0,0,0,0,0,0,0,0,0,0,1,0,0,1
5890386901,data analyst,"Snr Program Manager, AMZL Launch & Expansion, AMZL Launch & Expansion",Amazon,"London, UK",UK > London,,,IT Jobs,60319.23,60319.23,,full_time,2026-09-19 10:40:51+00:00,2026-09-20 00:55:59.308159+00:00,2026-09-19,60319.23,1,60319.23,Other,Senior,London,0,0,0,0,0,0,0,0,0,0,0,0,0,0,0,0,0,0,0,0,0,0
5890386391,data analyst,Functional Data Analyst,University of Salford,"Salford, Greater Manchester",UK > North West England > Greater Manchester > Salford,53.487701,-2.29042,IT Jobs,38073.86,38073.86,contract,full_time,2026-09-19 10:39:49+00:00,2026-09-20 00:55:59.308159+00:00,2026-09-19,38073.86,1,38073.86,Data Analyst,Mid / Unspecified,North West England,0,0,0,0,0,0,0,0,0,0,0,0,0,0,0,0,0,0,0,0,0,0
5890299515,data analyst,IPCM Engineer,Mactech Energy Group,"Gaunts Earthcott, Almondsbury",UK > South West England > Bristol > Almondsbury > Gaunts Earthcott,51.542677,-2.572183,Engineering Jobs,69791.0,98131.0,,,2026-09-19 08:21:32+00:00,2026-09-20 00:55:59.308159+00:00,2026-09-19,83961.0,1,83961.0,Other,Mid / Unspecified,South West England,0,0,0,0,0,0,0,0,0,0,0,0,0,0,0,0,0,0,0,0,0,0
5890213622,data analyst,Business Intelligence Analyst,Leeds Building Society,"Leeds, West Yorkshire",UK > Yorkshire And The Humber > West Yorkshire > Leeds,53.799599,-1.54912,IT Jobs,10000.0,10000.0,,,2026-09-19 05:51:51+00:00,2026-09-20 00:55:59.308159+00:00,2026-09-19,10000.0,1,,BI Analyst,Mid / Unspecified,Yorkshire And The Humber,0,0,0,0,0,0,0,0,0,0,0,0,0,0,0,0,0,0,0,0,0,0
5890212562,data analyst,Project Management Lead (Engineering),Ernest Gordon Recruitment,"Tamworth, Staffordshire",UK > West Midlands > Staffordshire > Tamworth,52.6343,-1.69071,Consultancy Jobs,65000.0,65000.0,permanent,,2026-09-19 05:49:17+00:00,2026-09-20 00:55:59.308159+00:00,2026-09-19,65000.0,1,65000.0,Other,Senior,West Midlands,0,0,0,0,0,0,0,0,0,0,0,0,0,0,0,0,0,0,0,0,0,0
5890163197,data analyst,Asset Data Analyst,Watmos Community Homes,"London, UK",UK > London,,,Trade & Construction Jobs,40000.0,43700.0,,,2026-09-19 05:04:11+00:00,2026-09-20 00:55:59.308159+00:00,2026-09-19,41850.0,1,41850.0,Data Analyst,Mid / Unspecified,London,0,0,0,0,0,0,0,0,0,0,0,0,0,0,0,0,0,0,0,0,0,0
5890098530,data analyst,Digital Analytics Engineer,ASOS,"London, UK",UK > London,51.503378,-0.139134,Engineering Jobs,60129.35,60129.35,,,2026-09-19 03:52:44+00:00,2026-09-20 00:55:59.308159+00:00,2026-09-19,60129.35,1,60129.35,Other Analytics,Mid / Unspecified,London,0,0,0,0,0,0,0,0,0,0,0,1,0,0,0,0,0,0,0,0,0,1
5890060819,data analyst,Data Analyst,Unknown,UK,UK,,,IT Jobs,35663.88,35663.88,contract,,2026-09-19 02:53:14+00:00,2026-09-20 00:55:59.308159+00:00,2026-09-19,35663.88,1,35663.88,Data Analyst,Mid / Unspecified,UK,0,0,0,0,0,0,0,0,0,0,0,0,0,0,0,0,0,0,0,0,0,0
5890054566,data analyst,Senior CRM Strategist Planner – Client Success Team,Next 15 Group plc,"Oxford Circus, Central London",UK > London > Central London > Oxford Circus,51.517786,-0.141366,"PR, Advertising & Marketing Jobs",55849.52,55849.52,,part_time,2026-09-19 02:41:27+00:00,2026-09-20 00:55:59.308159+00:00,2026-09-19,55849.52,1,55849.52,Other,Senior,London,0,0,0,0,0,0,0,0,0,0,0,0,0,0,0,0,0,0,0,0,0,0
5890034298,data analyst,Bloomberg Intelligence Strategic Data & Content Associate (12 Months Contract),Bloomberg,"London, UK",UK > London,51.503378,-0.139134,IT Jobs,65633.45,65633.45,contract,,2026-09-19 02:15:35+00:00,2026-09-20 00:55:59.308159+00:00,2026-09-19,65633.45,1,65633.45,Other,Mid / Unspecified,London,0,0,0,0,0,0,0,0,0,0,0,0,0,0,0,0,0,0,0,0,0,0
5890034303,data analyst,Senior Data Engineer - Python,Bloomberg,"London, UK",UK > London,51.503378,-0.139134,IT Jobs,78282.09,78282.09,,,2026-09-19 02:15:35+00:00,2026-09-20 00:55:59.308159+00:00,2026-09-19,78282.09,1,78282.09,Other,Senior,London,0,1,0,0,0,0,0,0,0,0,0,0,0,0,0,0,0,0,0,0,0,1
5889900161,data analyst,Transformation Portfolio Manager,Royal Mail Group,"London, UK",UK > London,51.503378,-0.139134,IT Jobs,56754.99,56754.99,permanent,full_time,2026-09-19 01:18:04+00:00,2026-09-20 00:55:59.308159+00:00,2026-09-19,56754.99,1,56754.99,Other,Senior,London,0,0,0,0,0,0,0,0,0,0,0,0,0,0,0,0,0,0,0,0,0,0
5889882195,data analyst,Data Analyst I,Schneider Electric,"Manchester, Greater Manchester",UK > North West England > Greater Manchester > Manchester,53.480701,-2.23438,Accounting & Finance Jobs,41353.78,41353.78,permanent,full_time,2026-09-19 01:04:08+00:00,2026-09-20 00:55:59.308159+00:00,2026-09-19,41353.78,1,41353.78,Data Analyst,Mid / Unspecified,North West England,0,0,0,0,0,0,0,0,0,0,0,0,0,0,0,0,0,0,0,0,0,0
5889787374,data analyst,Senior Azure Developer,Profectus Recruitment,"Newbury, West Berkshire",UK > South East England > West Berkshire > Newbury,51.400398,-1.32186,IT Jobs,60000.0,70000.0,permanent,full_time,2026-09-18 22:27:48+00:00,2026-09-20 00:55:59.308159+00:00,2026-09-18,65000.0,1,65000.0,Other,Senior,South East England,0,0,0,0,0,0,0,0,1,0,0,0,0,0,0,0,0,0,0,0,0,1
5889781343,data analyst,ERP Data Analyst,JLA Resourcing Ltd,"Kingston Upon Thames, South West London",UK > London > South West London > Kingston Upon Thames,51.4123,-0.300443,IT Jobs,123500.0,130000.0,contract,,2026-09-18 21:55:05+00:00,2026-09-20 00:55:59.308159+00:00,2026-09-18,126750.0,1,126750.0,Data Analyst,Mid / Unspecified,London,0,0,0,0,0,0,0,0,0,0,0,0,0,0,0,0,0,0,0,0,0,0
5889777508,data analyst,Data Engineer,Acorn Insurance,"Liverpool, Merseyside",UK > North West England > Merseyside > Liverpool,53.410801,-2.97784,IT Jobs,70000.0,70000.0,permanent,full_time,2026-09-18 21:53:12+00:00,2026-09-20 00:55:59.308159+00:00,2026-09-18,70000.0,1,70000.0,Other,Mid / Unspecified,North West England,0,0,0,0,0,0,0,0,0,0,0,0,0,0,0,0,0,0,0,0,0,0
5889777515,data analyst,Technical Business Analyst - Risk Data,CBSbutler Holdings Limited,"London, UK",UK > London,,,IT Jobs,95000.0,95000.0,permanent,,2026-09-18 21:53:12+00:00,2026-09-20 00:55:59.308159+00:00,2026-09-18,95000.0,1,95000.0,Other Analytics,Mid / Unspecified,London,0,0,0,0,0,0,0,0,0,0,0,0,0,0,0,0,0,0,0,0,0,0
5889745511,data analyst,Performance Data Analyst,Hall&Kay Fire Engineering,"Quinton, Birmingham",UK > West Midlands > Birmingham > Quinton,52.452499,-1.983525,Accounting & Finance Jobs,44084.89,44084.89,,full_time,2026-09-18 21:03:08+00:00,2026-09-20 00:55:59.308159+00:00,2026-09-18,44084.89,1,44084.89,Data Analyst,Mid / Unspecified,West Midlands,0,0,0,0,0,0,0,0,0,0,0,0,0,0,0,0,0,0,0,0,0,0
5889705151,data analyst,Technical Business Analyst,Harnham - Data & Analytics Recruitment,"London, UK",UK > London,,,IT Jobs,130000.0,156000.0,contract,full_time,2026-09-18 19:33:53+00:00,2026-09-20 00:55:59.308159+00:00,2026-09-18,143000.0,1,143000.0,Other Analytics,Mid / Unspecified,London,0,0,0,0,0,0,0,0,0,0,0,0,0,0,0,0,0,0,0,0,0,0
5889704973,data analyst,ServiceNow Data Analyst,Investigo,"South West England, UK",UK > South West England,50.950482,-3.230444,IT Jobs,130000.0,169000.0,contract,full_time,2026-09-18 19:33:50+00:00,2026-09-20 00:55:59.308159+00:00,2026-09-18,149500.0,1,149500.0,Data Analyst,Mid / Unspecified,South West England,0,0,0,0,0,0,0,0,0,0,0,0,0,0,0,0,0,0,0,0,0,0
5889704976,data analyst,Remote Online Data Analyst - English (United Kingdom),TELUS Digital,"London, UK",UK > London,,,Scientific & QA Jobs,49813.68,49813.68,contract,part_time,2026-09-18 19:33:50+00:00,2026-09-20 00:55:59.308159+00:00,2026-09-18,49813.68,1,49813.68,Data Analyst,Mid / Unspecified,London,0,0,0,0,0,0,0,0,0,0,0,0,0,0,0,0,0,0,0,0,0,0
5889699031,data analyst,Datastage Developer Sep 17,Infinity Quest UK,UK,UK,,,IT Jobs,63938.79,63938.79,contract,,2026-09-18 19:13:52+00:00,2026-09-20 00:55:59.308159+00:00,2026-09-18,63938.79,1,63938.79,Other,Mid / Unspecified,UK,0,0,0,0,0,0,0,0,0,0,0,0,0,0,0,0,0,0,0,0,0,0
5889697814,data analyst,Maritime Intelligence Analyst,Matchtech,"Surrey, South East England",UK > South East England > Surrey,51.253928,-0.4677,IT Jobs,44962.24,44962.24,permanent,full_time,2026-09-18 19:10:20+00:00,2026-09-20 00:55:59.308159+00:00,2026-09-18,44962.24,1,44962.24,Other Analytics,Mid / Unspecified,South East England,0,0,0,0,0,0,0,0,0,0,0,0,0,0,0,0,0,0,0,0,0,0
5889690525,data analyst,Data Analyst,Hays Technology,"Edinburgh, Scotland",UK > Scotland > Edinburgh,55.943116,-3.327942,IT Jobs,65000.0,78000.0,contract,,2026-09-18 18:58:37+00:00,2026-09-20 00:55:59.308159+00:00,2026-09-18,71500.0,1,71500.0,Data Analyst,Mid / Unspecified,Scotland,0,0,0,1,0,0,0,0,0,0,0,0,0,0,0,0,0,0,0,0,0,1
5889690514,data analyst,Data Engineer,Acorn Insurance Ltd,"Stanley, Liverpool",UK > North West England > Merseyside > Liverpool > Stanley,53.408258,-2.916292,IT Jobs,65000.0,70000.0,permanent,full_time,2026-09-18 18:58:36+00:00,2026-09-20 00:55:59.308159+00:00,2026-09-18,67500.0,1,67500.0,Other,Mid / Unspecified,North West England,0,0,0,0,0,0,0,0,0,0,0,0,0,0,0,0,0,0,0,0,0,0
5889647016,data analyst,Data Analyst (Power BI),Cooper Parry,"Diseworth, Derby",UK > East Midlands > Derbyshire > Derby > Diseworth,52.826474,-1.330627,IT Jobs,52942.3,52942.3,,full_time,2026-09-18 18:27:29+00:00,2026-09-20 00:55:59.308159+00:00,2026-09-18,52942.3,1,52942.3,BI Analyst,Mid / Unspecified,East Midlands,0,0,0,1,0,0,0,0,0,0,0,0,0,0,0,0,0,0,0,0,0,1
5889543209,data analyst,Business Analyst,Hunter Selection,"Bristol, South West England",UK > South West England > Bristol,,,IT Jobs,52000.0,78000.0,contract,,2026-09-18 17:16:33+00:00,2026-09-20 00:55:59.308159+00:00,2026-09-18,65000.0,1,65000.0,Other Analytics,Mid / Unspecified,South West England,0,0,0,1,0,1,0,0,0,0,0,0,0,0,0,0,0,0,0,0,0,2
5889504011,data analyst,Senior / Principal Energy Consultant - Energy Advisory (UK-Wide),Jacobs,"London, UK",UK > London,51.503378,-0.139134,Consultancy Jobs,64366.07,64366.07,,,2026-09-18 16:57:16+00:00,2026-09-20 00:55:59.308159+00:00,2026-09-18,64366.07,1,64366.07,Other,Senior,London,0,0,0,0,0,0,0,0,0,0,0,0,0,0,0,0,0,0,0,0,0,0
5889503993,data analyst,Senior / Principal Energy Consultant - Energy Advisory (UK-Wide),Jacobs,"Bristol, South West England",UK > South West England > Bristol,,,Consultancy Jobs,60393.6,60393.6,,,2026-09-18 16:57:15+00:00,2026-09-20 00:55:59.308159+00:00,2026-09-18,60393.6,1,60393.6,Other,Senior,South West England,0,0,0,0,0,0,0,0,0,0,0,0,0,0,0,0,0,0,0,0,0,0
5889503994,data analyst,Senior / Principal Energy Consultant - Energy Advisory (UK-Wide),Jacobs,"Glasgow, Scotland",UK > Scotland > Glasgow,55.86026,-4.25596,Consultancy Jobs,59498.92,59498.92,,,2026-09-18 16:57:15+00:00,2026-09-20 00:55:59.308159+00:00,2026-09-18,59498.92,1,59498.92,Other,Senior,Scotland,0,0,0,0,0,0,0,0,0,0,0,0,0,0,0,0,0,0,0,0,0,0
5889503987,data analyst,Senior / Principal Energy Consultant - Energy Advisory (UK-Wide),Jacobs,"Manchester, Greater Manchester",UK > North West England > Greater Manchester > Manchester,53.480701,-2.23438,Consultancy Jobs,60824.68,60824.68,,,2026-09-18 16:57:15+00:00,2026-09-20 00:55:59.308159+00:00,2026-09-18,60824.68,1,60824.68,Other,Senior,North West England,0,0,0,0,0,0,0,0,0,0,0,0,0,0,0,0,0,0,0,0,0,0
5889503997,data analyst,Senior / Principal Energy Consultant - Energy Advisory (UK-Wide),Jacobs,"Birmingham, West Midlands",UK > West Midlands > Birmingham,52.483002,-1.89359,Consultancy Jobs,60526.39,60526.39,,,2026-09-18 16:57:15+00:00,2026-09-20 00:55:59.308159+00:00,2026-09-18,60526.39,1,60526.39,Other,Senior,West Midlands,0,0,0,0,0,0,0,0,0,0,0,0,0,0,0,0,0,0,0,0,0,0
5889503985,data analyst,Senior / Principal Energy Consultant - Energy Advisory (UK-Wide),Jacobs,UK,UK,,,Consultancy Jobs,62191.13,62191.13,,,2026-09-18 16:57:15+00:00,2026-09-20 00:55:59.308159+00:00,2026-09-18,62191.13,1,62191.13,Other,Senior,UK,0,0,0,0,0,0,0,0,0,0,0,0,0,0,0,0,0,0,0,0,0,0
5889503988,data analyst,Senior / Principal Energy Consultant - Energy Advisory (UK-Wide),Jacobs,"Newcastle Upon Tyne, Tyne & Wear",UK > North East England > Tyne & Wear > Newcastle Upon Tyne,55.028274,-1.746207,Consultancy Jobs,60069.74,60069.74,,,2026-09-18 16:57:15+00:00,2026-09-20 00:55:59.308159+00:00,2026-09-18,60069.74,1,60069.74,Other,Senior,North East England,0,0,0,0,0,0,0,0,0,0,0,0,0,0,0,0,0,0,0,0,0,0
5889503990,data analyst,Senior / Principal Energy Consultant - Energy Advisory (UK-Wide),Jacobs,"Leeds, West Yorkshire",UK > Yorkshire And The Humber > West Yorkshire > Leeds,53.799599,-1.54912,Consultancy Jobs,58710.36,58710.36,,,2026-09-18 16:57:15+00:00,2026-09-20 00:55:59.308159+00:00,2026-09-18,58710.36,1,58710.36,Other,Senior,Yorkshire And The Humber,0,0,0,0,0,0,0,0,0,0,0,0,0,0,0,0,0,0,0,0,0,0
5889503983,data analyst,Senior / Principal Energy Consultant - Energy Advisory (UK-Wide),Jacobs,"Exeter, Devon",UK > South West England > Devon > Exeter,50.721802,-3.53362,Consultancy Jobs,60783.45,60783.45,,,2026-09-18 16:57:15+00:00,2026-09-20 00:55:59.308159+00:00,2026-09-18,60783.45,1,60783.45,Other,Senior,South West England,0,0,0,0,0,0,0,0,0,0,0,0,0,0,0,0,0,0,0,0,0,0
5889502928,data analyst,AI Growth Lead,Capgemini,"Woking, Surrey",UK > South East England > Surrey > Woking,51.316799,-0.55908,IT Jobs,65657.37,65657.37,,,2026-09-18 16:56:42+00:00,2026-09-20 00:55:59.308159+00:00,2026-09-18,65657.37,1,65657.37,Other,Senior,South East England,0,0,0,0,0,0,0,0,0,0,0,0,0,0,0,0,0,0,0,0,0,0
5889479961,data analyst,Technical Business Analyst,Harnham - Data & Analytics Recruitment,"London, UK",UK > London,,,IT Jobs,156000.0,156000.0,contract,full_time,2026-09-18 16:39:18+00:00,2026-09-20 00:55:59.308159+00:00,2026-09-18,156000.0,1,156000.0,Other Analytics,Mid / Unspecified,London,0,0,0,0,0,0,0,0,0,0,0,0,0,0,0,0,0,0,0,0,0,0
5889479837,data analyst,Graduate Finance Data Analyst – Commercial Lending,Regal Brooke Limited,"London, UK",UK > London,,,Graduate Jobs,38000.0,44000.0,permanent,full_time,2026-09-18 16:39:15+00:00,2026-09-20 00:55:59.308159+00:00,2026-09-18,41000.0,1,41000.0,Data Analyst,Junior,London,0,0,0,0,0,0,0,0,0,0,0,0,0,0,0,0,0,0,0,0,0,0
5889409662,data analyst,Senior Software Engineer - Recommend Team,Wise,"London, UK",UK > London,51.503378,-0.139134,IT Jobs,60780.38,60780.38,,,2026-09-18 15:51:31+00:00,2026-09-20 00:55:59.308159+00:00,2026-09-18,60780.38,1,60780.38,Other,Senior,London,0,0,0,0,0,0,0,0,0,0,0,0,0,0,0,0,0,0,0,0,0,0
5889409679,data analyst,Digital Data Analyst,Greene King Corporate - BRA 001,"Burton-On-Trent, Staffordshire",UK > West Midlands > Staffordshire > Burton-On-Trent,52.8069,-1.64303,IT Jobs,36869.31,36869.31,,,2026-09-18 15:51:31+00:00,2026-09-20 00:55:59.308159+00:00,2026-09-18,36869.31,1,36869.31,Data Analyst,Mid / Unspecified,West Midlands,0,0,0,0,0,0,0,0,0,0,0,0,0,0,0,0,0,0,0,0,0,0
5889389435,data analyst,Data Analyst,HAYS,"Edinburgh, Scotland",UK > Scotland > Edinburgh,55.943116,-3.327942,IT Jobs,65000.0,78000.0,contract,,2026-09-18 15:43:41+00:00,2026-09-20 00:55:59.308159+00:00,2026-09-18,71500.0,1,71500.0,Data Analyst,Mid / Unspecified,Scotland,0,0,0,1,0,0,0,0,0,0,0,0,0,0,0,0,0,0,0,0,0,1
5889376654,data analyst,Data Analyst,Nigel Wright Group,"Gateshead, Tyne & Wear",UK > North East England > Tyne & Wear > Gateshead,,,IT Jobs,40000.0,50000.0,,full_time,2026-09-18 15:31:37+00:00,2026-09-20 00:55:59.308159+00:00,2026-09-18,45000.0,1,45000.0,Data Analyst,Mid / Unspecified,North East England,0,0,0,0,0,0,0,0,0,0,0,0,0,0,0,0,0,0,0,0,0,0
5889376400,data analyst,Senior Data Engineer,Oliver James,"London, UK",UK > London,,,IT Jobs,143000.0,143000.0,contract,full_time,2026-09-18 15:31:35+00:00,2026-09-20 00:55:59.308159+00:00,2026-09-18,143000.0,1,143000.0,Other,Senior,London,0,0,0,0,0,0,0,0,0,0,0,1,0,0,0,0,0,0,0,0,0,1
5889376411,data analyst,Data Analyst,TXP Technology x People,"London, UK",UK > London,,,IT Jobs,113100.0,113100.0,contract,full_time,2026-09-18 15:31:35+00:00,2026-09-20 00:55:59.308159+00:00,2026-09-18,113100.0,1,113100.0,Data Analyst,Mid / Unspecified,London,0,0,0,0,0,0,0,0,0,0,0,0,0,0,0,0,0,0,0,0,0,0
5889376418,data analyst,Senior Data Engineer,Tenth Revolution Group,"London, UK",UK > London,,,IT Jobs,70000.0,85000.0,,full_time,2026-09-18 15:31:35+00:00,2026-09-20 00:55:59.308159+00:00,2026-09-18,77500.0,1,77500.0,Other,Senior,London,0,0,0,0,0,0,0,0,0,0,0,0,0,0,0,0,0,0,0,0,0,0
5889328942,data analyst,Housing IDVA,Supporting Futures Consulting Ltd,"Hammersmith, West London",UK > London > West London > Hammersmith,51.4925,-0.229095,Social work Jobs,30680.0,39520.0,contract,,2026-09-18 15:11:09+00:00,2026-09-20 00:55:59.308159+00:00,2026-09-18,35100.0,1,35100.0,Other,Mid / Unspecified,London,0,0,0,0,0,0,0,0,0,0,0,0,0,0,0,0,0,0,0,0,0,0
5889320545,data analyst,Data Analyst Specialist,EF Recruitment,"Farringdon, Central London",UK > London > Central London > Farringdon,51.523772,-0.103815,IT Jobs,123500.0,130000.0,contract,,2026-09-18 15:00:44+00:00,2026-09-20 00:55:59.308159+00:00,2026-09-18,126750.0,1,126750.0,Data Analyst,Mid / Unspecified,London,0,0,0,0,0,0,0,0,0,0,0,0,0,0,0,0,0,0,0,0,0,0
5889320115,data analyst,Technical Business Analyst - Risk Data,CBSbutler Holdings Limited trading as CBSbutler,"Farringdon, Central London",UK > London > Central London > Farringdon,51.523772,-0.103815,IT Jobs,85000.0,95000.0,permanent,full_time,2026-09-18 15:00:02+00:00,2026-09-20 00:55:59.308159+00:00,2026-09-18,90000.0,1,90000.0,Other Analytics,Mid / Unspecified,London,0,0,0,0,0,0,0,0,0,0,0,0,0,0,0,0,0,0,0,0,0,0
5889227282,data analyst,Data Analyst,TXP,"Farringdon, Central London",UK > London > Central London > Farringdon,51.523772,-0.103815,IT Jobs,9100.0,113100.0,contract,,2026-09-18 13:04:51+00:00,2026-09-20 00:55:59.308159+00:00,2026-09-18,61100.0,1,61100.0,Data Analyst,Mid / Unspecified,London,0,0,0,0,0,0,0,0,0,0,0,0,0,0,0,0,0,0,0,0,0,0
5889156324,data analyst,Data Analyst,Mears Group,UK,UK,,,IT Jobs,31889.42,31889.42,contract,full_time,2026-09-18 12:05:19+00:00,2026-09-20 00:55:59.308159+00:00,2026-09-18,31889.42,1,31889.42,Data Analyst,Mid / Unspecified,UK,0,0,0,0,0,0,0,0,0,0,0,0,0,0,0,0,0,0,0,0,0,0
5889042434,data analyst,Advanced Pharmacist - Virtual Ward,Shropshire Community Health NHS Trust,"Brockton, Shifnal",UK > West Midlands > Shropshire > Shifnal > Brockton,52.642523,-2.421932,Healthcare & Nursing Jobs,57528.0,64750.0,,full_time,2026-09-18 11:00:28+00:00,2026-09-20 00:55:59.308159+00:00,2026-09-18,61139.0,1,61139.0,Other,Mid / Unspecified,West Midlands,0,0,0,0,0,0,0,0,0,0,0,0,0,0,0,0,0,0,0,0,0,0
5889042248,data analyst,Platform Lead Subject Matter Expert - Child Safety vertical,Resolver,"Leeds, West Yorkshire",UK > Yorkshire And The Humber > West Yorkshire > Leeds,53.799599,-1.54912,IT Jobs,57235.92,57235.92,,full_time,2026-09-18 11:00:19+00:00,2026-09-20 00:55:59.308159+00:00,2026-09-18,57235.92,1,57235.92,Other,Senior,Yorkshire And The Humber,0,0,0,0,0,0,0,0,0,0,0,0,0,0,0,0,0,0,0,0,0,0
5889041876,data analyst,Graduate Data Engineer,Blenheim Chalcot,"London, UK",UK > London,51.503378,-0.139134,Graduate Jobs,39021.16,39021.16,,,2026-09-18 10:59:57+00:00,2026-09-20 00:55:59.308159+00:00,2026-09-18,39021.16,1,39021.16,Other,Junior,London,0,0,0,0,0,0,0,0,0,0,0,0,0,0,0,0,0,0,0,0,0,0
5889040471,data analyst,Senior Data Engineer,Quantum,"London, UK",UK > London,51.503378,-0.139134,IT Jobs,55744.69,55744.69,,full_time,2026-09-18 10:59:26+00:00,2026-09-20 00:55:59.308159+00:00,2026-09-18,55744.69,1,55744.69,Other,Senior,London,0,0,0,0,0,0,0,0,0,0,0,0,0,0,0,0,0,0,0,0,0,0
5889039975,data analyst,Senior Data Engineer (Commercial Analytics),Pleo,UK,UK,,,IT Jobs,82053.39,82053.39,,full_time,2026-09-18 10:59:16+00:00,2026-09-20 00:55:59.308159+00:00,2026-09-18,82053.39,1,82053.39,Other Analytics,Senior,UK,0,0,0,0,0,0,0,0,0,0,0,0,0,0,0,0,0,0,0,0,0,0
5889039373,data analyst,Senior Machine Learning Engineer & Data Analyst – Financial Risk Scoring,Range,"London, UK",UK > London,51.503378,-0.139134,IT Jobs,46958.03,46958.03,,full_time,2026-09-18 10:59:04+00:00,2026-09-20 00:55:59.308159+00:00,2026-09-18,46958.03,1,46958.03,Data Analyst,Senior,London,0,0,0,0,0,0,0,0,0,0,0,0,0,0,0,0,0,0,0,1,0,1
5889038127,data analyst,Machine Learning Scientist- Mid-Level,Tripadvisor,"London, UK",UK > London,51.503378,-0.139134,Scientific & QA Jobs,45077.17,45077.17,,,2026-09-18 10:58:38+00:00,2026-09-20 00:55:59.308159+00:00,2026-09-18,45077.17,1,45077.17,Other,Mid / Unspecified,London,0,0,0,0,0,0,0,0,0,0,0,0,0,0,0,0,0,0,0,1,0,1
5889034880,data analyst,Data Analyst,Formula 1 Group,"Biggin Hill, Westerham",UK > South East England > Kent > Westerham > Biggin Hill,51.311199,0.035201,IT Jobs,49178.14,49178.14,,full_time,2026-09-18 10:57:34+00:00,2026-09-20 00:55:59.308159+00:00,2026-09-18,49178.14,1,49178.14,Data Analyst,Mid / Unspecified,South East England,0,0,0,0,0,0,0,0,0,0,0,0,0,0,0,0,0,0,0,0,0,0
5889030784,data analyst,Pulmonary Rehabilitation Administrator,Shropshire Community Health NHS Trust,"Betton Strange, Cross Houses",UK > West Midlands > Shropshire > Shrewsbury > Cross Houses > Betton Strange,52.691421,-2.718547,Admin Jobs,25272.0,25272.0,,full_time,2026-09-18 10:56:35+00:00,2026-09-20 00:55:59.308159+00:00,2026-09-18,25272.0,1,25272.0,Other,Mid / Unspecified,West Midlands,0,0,0,0,0,0,0,0,0,0,0,0,0,0,0,0,0,0,0,0,0,0
5889030601,data analyst,Data Analyst and Quality Lead,University Hospital Southampton NHS Foundation Trust,"Chilworth Science Park, Chilworth",UK > South East England > Hampshire > Southampton > Chilworth > Chilworth Science Park,50.961044,-1.422576,IT Jobs,16640.0,16640.0,contract,full_time,2026-09-18 10:56:23+00:00,2026-09-20 00:55:59.308159+00:00,2026-09-18,16640.0,1,16640.0,Data Analyst,Senior,South East England,0,0,0,0,0,0,0,0,0,0,0,0,0,0,0,0,0,0,0,0,0,0
5889029820,data analyst,LBA Scientist (Lab Analyst role),Synexa Life Sciences,"Bollington, Macclesfield",UK > North West England > Cheshire > Macclesfield > Bollington,53.280767,-2.119434,Scientific & QA Jobs,22477.29,22477.29,,full_time,2026-09-18 10:55:34+00:00,2026-09-20 00:55:59.308159+00:00,2026-09-18,22477.29,1,22477.29,Other Analytics,Mid / Unspecified,North West England,0,0,0,0,0,0,0,0,0,0,0,0,0,0,0,0,0,0,0,0,0,0
5889029355,data analyst,Junior Software Engineer,Blenheim Chalcot,"London, UK",UK > London,51.503378,-0.139134,Engineering Jobs,37973.7,37973.7,,,2026-09-18 10:55:07+00:00,2026-09-20 00:55:59.308159+00:00,2026-09-18,37973.7,1,37973.7,Other,Junior,London,0,0,0,0,0,0,0,0,0,0,0,0,0,0,0,0,0,0,0,0,0,0
5889028970,data analyst,Sector Lead (Energy & Industrials) - Directed Content,AlphaSense,"London, UK",UK > London,51.503378,-0.139134,"PR, Advertising & Marketing Jobs",62041.2,62041.2,,,2026-09-18 10:54:46+00:00,2026-09-20 00:55:59.308159+00:00,2026-09-18,62041.2,1,62041.2,Other,Senior,London,0,0,0,0,0,0,0,0,0,0,0,0,0,0,0,0,0,0,0,0,0,0
5889028249,data analyst,Business Data Manager and Analyst,University Hospitals of North Midlands NHS Trust,"Trent Vale, Stoke-On-Trent",UK > West Midlands > Staffordshire > Stoke-On-Trent > Trent Vale,53.007522,-2.2041,IT Jobs,57528.0,64750.0,contract,full_time,2026-09-18 10:53:55+00:00,2026-09-20 00:55:59.308159+00:00,2026-09-18,61139.0,1,61139.0,Other Analytics,Senior,West Midlands,0,0,0,0,0,0,0,0,0,0,0,0,0,0,0,0,0,0,0,0,0,0
5889028091,data analyst,Graduate Data Engineer,Fospha,"London, UK",UK > London,51.503378,-0.139134,Graduate Jobs,38732.16,38732.16,,,2026-09-18 10:53:45+00:00,2026-09-20 00:55:59.308159+00:00,2026-09-18,38732.16,1,38732.16,Other,Junior,London,0,0,0,0,0,0,0,0,0,0,0,0,0,0,0,0,0,0,0,0,0,0
5889027437,data analyst,Technology & Data Risk Analyst,Co-op Insurance,"Manchester, Greater Manchester",UK > North West England > Greater Manchester > Manchester,,,IT Jobs,29000.0,35000.0,,full_time,2026-09-18 10:53:03+00:00,2026-09-20 00:55:59.308159+00:00,2026-09-18,32000.0,1,32000.0,Other Analytics,Mid / Unspecified,North West England,0,0,0,0,0,0,0,0,0,0,0,0,0,0,0,0,0,0,0,0,0,0
5889027186,data analyst,Junior Data Engineer,West and North London ICB,"Fitzrovia, West London",UK > London > West London > Fitzrovia,51.522838,-0.151539,IT Jobs,47951.0,56863.0,,full_time,2026-09-18 10:52:46+00:00,2026-09-20 00:55:59.308159+00:00,2026-09-18,52407.0,1,52407.0,Other,Junior,London,0,0,0,0,0,0,0,0,0,0,0,0,0,0,0,0,0,0,0,0,0,0
5889026468,data analyst,Lead Insights Analyst (Remote),Smart Financial Decisions Made Simple,"London, UK",UK > London,51.503378,-0.139134,IT Jobs,61260.71,61260.71,,full_time,2026-09-18 10:52:02+00:00,2026-09-20 00:55:59.308159+00:00,2026-09-18,61260.71,1,61260.71,Other Analytics,Senior,London,0,0,0,0,0,0,0,0,0,0,0,0,0,0,0,0,0,0,0,0,0,0
5889026345,data analyst,Data Analyst - Service Management,Indigo TG,"Llandavenny, Magor",UK > Wales > Monmouthshire > Caldicot > Magor > Llandavenny,51.586403,-2.840954,IT Jobs,33508.22,33508.22,,full_time,2026-09-18 10:51:54+00:00,2026-09-20 00:55:59.308159+00:00,2026-09-18,33508.22,1,33508.22,Data Analyst,Mid / Unspecified,Wales,0,0,0,0,0,0,0,0,0,0,0,0,0,0,0,0,0,0,0,0,0,0
5889026239,data analyst,Data Analyst,HP,"Cambridge, Cambridgeshire",UK > Eastern England > Cambridgeshire > Cambridge,52.202499,0.131237,IT Jobs,36902.87,36902.87,contract,full_time,2026-09-18 10:51:48+00:00,2026-09-20 00:55:59.308159+00:00,2026-09-18,36902.87,1,36902.87,Data Analyst,Mid / Unspecified,Eastern England,0,0,1,0,0,0,0,0,0,0,0,0,0,0,0,0,0,0,0,0,0,1
5889025044,data analyst,Full Stack Developer,Booz Allen Hamilton,UK,UK,,,IT Jobs,99000.0,225000.0,,full_time,2026-09-18 10:51:03+00:00,2026-09-20 00:55:59.308159+00:00,2026-09-18,162000.0,1,162000.0,Other,Mid / Unspecified,UK,0,0,0,0,0,0,0,0,0,0,0,0,0,0,0,0,0,0,0,0,0,0
5889024762,data analyst,Agile Coach (FTC),TrustedHousesitters,UK,UK,,,IT Jobs,416000.0,416000.0,contract,,2026-09-18 10:50:48+00:00,2026-09-20 00:55:59.308159+00:00,2026-09-18,416000.0,1,,Other,Mid / Unspecified,UK,0,0,0,0,0,0,0,0,0,0,0,0,0,0,0,0,0,0,0,0,0,0
5889024344,data analyst,"Sr Data Analyst, Search Marketing",Tripadvisor,"London, UK",UK > London,51.503378,-0.139134,"PR, Advertising & Marketing Jobs",47559.43,47559.43,,,2026-09-18 10:50:33+00:00,2026-09-20 00:55:59.308159+00:00,2026-09-18,47559.43,1,47559.43,Data Analyst,Mid / Unspecified,London,0,0,0,0,0,0,0,0,0,0,0,0,0,0,0,0,0,0,0,0,0,0
5889023930,data analyst,Senior Information Analyst and Service Improvement Data Lead,Swansea Bay University Health Board,"Baglan Industrial Park, Port Talbot",UK > Wales > Neath Port Talbot > Port Talbot > Baglan Industrial Park,51.613372,-3.816178,IT Jobs,50129.0,57365.0,contract,full_time,2026-09-18 10:50:11+00:00,2026-09-20 00:55:59.308159+00:00,2026-09-18,53747.0,1,53747.0,Other Analytics,Senior,Wales,0,0,0,0,0,0,0,0,0,0,0,0,0,0,0,0,0,0,0,0,0,0
5889023256,data analyst,Principal Business Analyst - Data Technology Platforms,Schroders,"London, UK",UK > London,51.503378,-0.139134,IT Jobs,68940.68,68940.68,,full_time,2026-09-18 10:49:44+00:00,2026-09-20 00:55:59.308159+00:00,2026-09-18,68940.68,1,68940.68,Other Analytics,Senior,London,0,0,0,0,0,0,0,0,0,0,0,0,0,0,0,0,0,0,0,0,0,0
5889023255,data analyst,Nurse Associate - Bridgnorth Community Hospital,Shropshire Community Health NHS Trust,"Cantern Bank, Bridgnorth",UK > West Midlands > Shropshire > Bridgnorth > Cantern Bank,52.537901,-2.421503,Healthcare & Nursing Jobs,28392.0,31157.0,,part_time,2026-09-18 10:49:44+00:00,2026-09-20 00:55:59.308159+00:00,2026-09-18,29774.5,1,29774.5,Other,Mid / Unspecified,West Midlands,0,0,0,0,0,0,0,0,0,0,0,0,0,0,0,0,0,0,0,0,0,0
5889022063,data analyst,Lead AI Engineer,Fundment,"London, UK",UK > London,51.503378,-0.139134,IT Jobs,65133.62,65133.62,,full_time,2026-09-18 10:48:52+00:00,2026-09-20 00:55:59.308159+00:00,2026-09-18,65133.62,1,65133.62,Other,Senior,London,0,0,0,0,0,0,0,0,0,0,0,0,0,0,0,0,0,0,0,0,0,0
5889018832,data analyst,Data Architect,Baillie Gifford & Co,"Edinburgh, Scotland",UK > Scotland > Edinburgh,55.943116,-3.327942,IT Jobs,55781.54,55781.54,,,2026-09-18 10:46:29+00:00,2026-09-20 00:55:59.308159+00:00,2026-09-18,55781.54,1,55781.54,Other,Mid / Unspecified,Scotland,0,0,0,0,0,0,0,0,0,0,0,0,0,0,0,0,0,0,0,0,0,0
5889017924,data analyst,Invoice Processing Coordinator - 3 Month Fixed Term Contract,Sustainable Energy First,"Fulwood, Preston",UK > North West England > Lancashire > Preston > Fulwood,53.788799,-2.70802,Accounting & Finance Jobs,25343.0,25343.0,contract,,2026-09-18 10:45:57+00:00,2026-09-20 00:55:59.308159+00:00,2026-09-18,25343.0,1,25343.0,Other,Mid / Unspecified,North West England,0,0,0,0,0,0,0,0,0,0,0,0,0,0,0,0,0,0,0,0,0,0
5889017155,data analyst,Data Analyst,The Guardian,"London, UK",UK > London,51.503378,-0.139134,IT Jobs,30000.0,30000.0,,full_time,2026-09-18 10:45:34+00:00,2026-09-20 00:55:59.308159+00:00,2026-09-18,30000.0,1,30000.0,Data Analyst,Mid / Unspecified,London,0,0,0,0,0,0,0,0,0,0,0,0,0,0,0,0,0,0,0,0,0,0
5889014288,data analyst,Data Analyst,DeepReel,"London, UK",UK > London,51.503378,-0.139134,IT Jobs,42914.89,42914.89,,full_time,2026-09-18 10:44:29+00:00,2026-09-20 00:55:59.308159+00:00,2026-09-18,42914.89,1,42914.89,Data Analyst,Mid / Unspecified,London,0,0,0,0,0,0,0,0,0,0,0,0,0,0,0,0,0,0,0,0,0,0
5889013215,data analyst,Senior Data Engineer (Commercial Analytics),Pleo,"London, UK",UK > London,51.503378,-0.139134,IT Jobs,84922.79,84922.79,,full_time,2026-09-18 10:44:02+00:00,2026-09-20 00:55:59.308159+00:00,2026-09-18,84922.79,1,84922.79,Other Analytics,Senior,London,0,0,0,0,0,0,0,0,0,0,0,0,0,0,0,0,0,0,0,0,0,0
5889012752,data analyst,Data Scientist,Funding Circle,"London, UK",UK > London,51.503378,-0.139134,IT Jobs,87485.19,87485.19,,full_time,2026-09-18 10:43:51+00:00,2026-09-20 00:55:59.308159+00:00,2026-09-18,87485.19,1,87485.19,Data Scientist,Mid / Unspecified,London,0,0,0,0,0,0,0,0,0,0,0,0,0,0,0,0,0,0,0,0,0,0
5889010838,data analyst,2027 BNY Analyst Program – Engineering (Data Science) (Manchester),BNY Mellon,"Manchester, Greater Manchester",UK > North West England > Greater Manchester > Manchester,53.480701,-2.23438,IT Jobs,67466.52,67466.52,,full_time,2026-09-18 10:42:47+00:00,2026-09-20 00:55:59.308159+00:00,2026-09-18,67466.52,1,67466.52,Other Analytics,Mid / Unspecified,North West England,0,1,0,0,0,0,0,0,0,0,0,0,0,0,0,0,0,0,0,0,0,1
5889010806,data analyst,BI Analyst,EMED Group,"Shrewsbury, Shropshire",UK > West Midlands > Shropshire > Shrewsbury,,,IT Jobs,40000.0,50000.0,permanent,full_time,2026-09-18 10:42:46+00:00,2026-09-20 00:55:59.308159+00:00,2026-09-18,45000.0,1,45000.0,BI Analyst,Mid / Unspecified,West Midlands,0,0,0,0,0,0,0,0,0,0,0,0,0,0,0,0,0,0,0,0,0,0
5888853987,data analyst,Technical Lead - Contract - Must have HE experience,IO Associates,"Tyndalls Park, Bristol",UK > South West England > Bristol > Tyndalls Park,51.455597,-2.605519,IT Jobs,104000.0,117000.0,contract,,2026-09-18 08:19:22+00:00,2026-09-20 00:55:59.308159+00:00,2026-09-18,110500.0,1,110500.0,Other,Senior,South West England,0,0,0,0,0,0,0,0,0,0,0,0,0,0,0,0,0,0,0,0,0,0
5888840234,data analyst,Systems Analyst,Burberry,"Castleford, West Yorkshire",UK > Yorkshire And The Humber > West Yorkshire > Castleford,53.725899,-1.35626,IT Jobs,38217.12,38217.12,,,2026-09-18 08:07:40+00:00,2026-09-20 00:55:59.308159+00:00,2026-09-18,38217.12,1,38217.12,Other Analytics,Mid / Unspecified,Yorkshire And The Humber,0,0,0,0,0,0,0,0,0,0,0,0,0,0,0,0,0,0,0,0,0,0
5888731857,data analyst,Functional Data Analyst,University of Salford,"Salford, Greater Manchester",UK > North West England > Greater Manchester > Salford,53.487701,-2.29042,IT Jobs,45000.0,45000.0,contract,,2026-09-18 05:52:47+00:00,2026-09-20 00:55:59.308159+00:00,2026-09-18,45000.0,1,45000.0,Data Analyst,Mid / Unspecified,North West England,0,0,0,0,0,0,0,0,0,0,0,0,0,0,0,0,0,0,0,0,0,0
5888731089,data analyst,Technical Project Manager / Technical Consultant - SC Cleared,Sanderson Government and Defence,"The City, Central London",UK > London > Central London > The City,,,IT Jobs,75000.0,75000.0,permanent,,2026-09-18 05:50:51+00:00,2026-09-20 00:55:59.308159+00:00,2026-09-18,75000.0,1,75000.0,Other,Senior,London,0,0,0,0,0,0,0,0,0,0,0,0,0,0,0,0,0,0,0,0,0,0
5888730569,data analyst,Data analyst,Kingdom People,"Newton-Le-Willows, Merseyside",UK > North West England > Merseyside > Newton-Le-Willows,53.456402,-2.63355,IT Jobs,42022.59,42022.59,,,2026-09-18 05:49:16+00:00,2026-09-20 00:55:59.308159+00:00,2026-09-18,42022.59,1,42022.59,Data Analyst,Mid / Unspecified,North West England,0,0,0,0,0,0,0,0,0,0,0,0,0,0,0,0,0,0,0,0,0,0
5888730567,data analyst,Data Scientist - Labour Productivity / Hospitality,Talent Locker,"London, UK",UK > London,,,IT Jobs,169000.0,182000.0,contract,,2026-09-18 05:49:15+00:00,2026-09-20 00:55:59.308159+00:00,2026-09-18,175500.0,1,175500.0,Data Scientist,Mid / Unspecified,London,0,0,0,0,0,0,0,0,0,0,0,0,0,0,0,0,0,0,0,0,0,0
5888676196,data analyst,Digital Procurement and Data Analyst,Solihull Metropolitan Borough Council,UK,UK,,,IT Jobs,33673.0,38510.0,,full_time,2026-09-18 04:58:48+00:00,2026-09-20 00:55:59.308159+00:00,2026-09-18,36091.5,1,36091.5,Data Analyst,Mid / Unspecified,UK,0,0,0,0,0,0,0,0,0,0,0,0,0,0,0,0,0,0,0,0,0,0
5888656916,data analyst,Trainee Project Manager - no experience needed,NEWTO TRAINING LIMITED,"Edinburgh, Scotland",UK > Scotland > Edinburgh,55.943116,-3.327942,IT Jobs,55000.0,55000.0,permanent,full_time,2026-09-18 04:48:50+00:00,2026-09-20 00:55:59.308159+00:00,2026-09-18,55000.0,1,55000.0,Other,Junior,Scotland,0,0,0,0,0,0,0,0,0,0,0,0,0,0,0,0,0,0,0,0,0,0
5888612719,data analyst,Account Executive - Nordics,MicroStrategy United Kingdom,"London, UK",UK > London,51.503378,-0.139134,Sales Jobs,51504.54,51504.54,,,2026-09-18 03:51:46+00:00,2026-09-20 00:55:59.308159+00:00,2026-09-18,51504.54,1,51504.54,Other,Mid / Unspecified,London,0,0,0,0,0,0,0,0,0,0,0,0,0,0,0,0,0,0,0,0,0,0
5888526856,data analyst,Research Trainee,University of York,"York, North Yorkshire",UK > Yorkshire And The Humber > North Yorkshire > York,53.957699,-1.08229,Scientific & QA Jobs,32080.0,36636.0,,full_time,2026-09-18 02:51:40+00:00,2026-09-20 00:55:59.308159+00:00,2026-09-18,34358.0,1,34358.0,Other,Junior,Yorkshire And The Humber,0,0,0,0,0,0,0,0,0,0,0,0,0,0,0,0,0,0,0,0,0,0
5888522528,data analyst,Data Analyst - SAP Success Factors,Thames Water,"Reading, Berkshire",UK > South East England > Berkshire > Reading,51.455002,-0.969088,IT Jobs,104000.0,104000.0,contract,full_time,2026-09-18 02:39:14+00:00,2026-09-20 00:55:59.308159+00:00,2026-09-18,104000.0,1,104000.0,Data Analyst,Mid / Unspecified,South East England,1,0,0,1,0,0,0,0,0,0,0,0,0,0,0,0,0,0,0,0,0,2
5888359387,data analyst,"Senior Data Strategist / Analyst – £53,500 – Remote Working",Pearson Carter,UK,UK,,,IT Jobs,53500.0,53500.0,permanent,full_time,2026-09-18 01:20:04+00:00,2026-09-20 00:55:59.308159+00:00,2026-09-18,53500.0,1,53500.0,Other Analytics,Senior,UK,0,0,0,0,0,0,0,0,0,0,0,0,0,0,0,0,0,0,0,0,0,0
5888299736,data analyst,Senior DataStage Developer (8 Years),Test Triangle,"Bristol, South West England",UK > South West England > Bristol,,,IT Jobs,66379.2,66379.2,contract,,2026-09-17 23:58:47+00:00,2026-09-20 00:55:59.308159+00:00,2026-09-17,66379.2,1,66379.2,Other,Senior,South West England,0,0,0,0,0,0,0,0,0,0,0,0,0,0,0,0,0,0,0,0,0,0
5888248277,data analyst,Business Systems Officer,DN Colleges Group,"Hyde Park, Doncaster",UK > Yorkshire And The Humber > South Yorkshire > Doncaster > Hyde Park,53.528847,-1.136225,IT Jobs,27944.0,30468.0,,part_time,2026-09-17 23:23:57+00:00,2026-09-20 00:55:59.308159+00:00,2026-09-17,29206.0,1,29206.0,Other,Mid / Unspecified,Yorkshire And The Humber,0,0,0,0,0,0,0,0,0,0,0,0,0,0,0,0,0,0,0,0,0,0
5888222844,data analyst,Data Science Trainee,ITOL Recruit,UK,UK,,,IT Jobs,50000.0,50000.0,,part_time,2026-09-17 22:46:00+00:00,2026-09-20 00:55:59.308159+00:00,2026-09-17,50000.0,1,50000.0,Other,Junior,UK,0,0,0,0,0,0,0,0,0,0,0,0,0,0,0,0,0,0,0,0,0,0
5888222830,data analyst,Data Analyst Trainee,ITOL Recruit,UK,UK,,,IT Jobs,65000.0,65000.0,,,2026-09-17 22:45:59+00:00,2026-09-20 00:55:59.308159+00:00,2026-09-17,65000.0,1,65000.0,Data Analyst,Junior,UK,0,0,0,0,0,0,0,0,0,0,0,0,0,0,0,0,0,0,0,0,0,0
5888206653,data analyst,Data Analyst - Securities Technology,Vertus Partners Ltd,"The City, Central London",UK > London > Central London > The City,,,IT Jobs,70000.0,80000.0,permanent,full_time,2026-09-17 21:59:49+00:00,2026-09-20 00:55:59.308159+00:00,2026-09-17,75000.0,1,75000.0,Data Analyst,Mid / Unspecified,London,0,0,0,0,0,0,0,0,0,0,0,0,0,0,0,0,0,0,0,0,0,0
5888201339,data analyst,Senior Data Engineer - Databricks,JLA Resourcing Ltd,"South West London, London",UK > London > South West London,51.448229,-0.195605,IT Jobs,130000.0,140400.0,contract,,2026-09-17 21:55:40+00:00,2026-09-20 00:55:59.308159+00:00,2026-09-17,135200.0,1,135200.0,Other,Senior,London,0,0,0,0,0,0,0,0,0,0,0,1,1,0,0,0,0,0,0,0,0,2
5888201344,data analyst,Data Quality Analyst,Leeds Building Society,"Leeds, West Yorkshire",UK > Yorkshire And The Humber > West Yorkshire > Leeds,53.799599,-1.54912,IT Jobs,40000.0,40000.0,,,2026-09-17 21:55:40+00:00,2026-09-20 00:55:59.308159+00:00,2026-09-17,40000.0,1,40000.0,Other Analytics,Mid / Unspecified,Yorkshire And The Humber,0,0,0,0,0,0,0,0,0,0,0,0,0,0,0,0,0,0,0,0,0,0
5888200559,data analyst,Data & Digital Consultant,JLA Resourcing Ltd,"Central London, London",UK > London > Central London,51.51985,-0.11126,IT Jobs,136500.0,136500.0,contract,,2026-09-17 21:54:57+00:00,2026-09-20 00:55:59.308159+00:00,2026-09-17,136500.0,1,136500.0,Other,Mid / Unspecified,London,0,0,0,0,0,0,0,0,0,0,0,0,0,0,0,0,0,0,0,0,0,0
5888197991,data analyst,FinOps Data Analyst,Henderson Scott,"London, UK",UK > London,,,IT Jobs,117000.0,119600.0,contract,,2026-09-17 21:53:09+00:00,2026-09-20 00:55:59.308159+00:00,2026-09-17,118300.0,1,118300.0,Data Analyst,Mid / Unspecified,London,0,1,0,0,0,1,0,0,0,0,0,0,0,0,0,0,0,0,0,0,0,2
5888197961,data analyst,Administration and Operations Analyst - Global Bank - Birmingham,Lancaster Associates Limited,"Birmingham, West Midlands",UK > West Midlands > Birmingham,52.483002,-1.89359,IT Jobs,45000.0,45000.0,contract,,2026-09-17 21:53:08+00:00,2026-09-20 00:55:59.308159+00:00,2026-09-17,45000.0,1,45000.0,Other Analytics,Mid / Unspecified,West Midlands,0,0,0,0,0,0,0,0,0,0,0,0,0,0,0,0,0,0,0,0,0,0
5888197500,data analyst,IPCM Engineer,Mactech Energy Group,"Bristol, South West England",UK > South West England > Bristol,,,Engineering Jobs,69791.0,98131.0,,,2026-09-17 21:52:43+00:00,2026-09-20 00:55:59.308159+00:00,2026-09-17,83961.0,1,83961.0,Other,Mid / Unspecified,South West England,0,0,0,0,0,0,0,0,0,0,0,0,0,0,0,0,0,0,0,0,0,0
5888197319,data analyst,Technical Lead - Contract - Must have HE experience,IO Associates,"Bristol, South West England",UK > South West England > Bristol,,,IT Jobs,104000.0,117000.0,,,2026-09-17 21:52:31+00:00,2026-09-20 00:55:59.308159+00:00,2026-09-17,110500.0,1,110500.0,Other,Senior,South West England,0,0,0,0,0,0,0,0,0,0,0,0,0,0,0,0,0,0,0,0,0,0
5888197325,data analyst,Lead Systems Analyst,AWD online,"Hounslow, London",UK > London > Hounslow,51.467602,-0.361799,IT Jobs,75000.0,75000.0,permanent,full_time,2026-09-17 21:52:31+00:00,2026-09-20 00:55:59.308159+00:00,2026-09-17,75000.0,1,75000.0,Other Analytics,Senior,London,0,0,0,0,0,0,0,0,0,0,0,0,0,0,0,0,0,0,0,0,0,0
5888194511,data analyst,Data Modeller,Bright Purple Resourcing,"Edinburgh, Scotland",UK > Scotland > Edinburgh,,,IT Jobs,130446.0,130446.0,contract,,2026-09-17 21:50:02+00:00,2026-09-20 00:55:59.308159+00:00,2026-09-17,130446.0,1,130446.0,Other,Mid / Unspecified,Scotland,0,0,0,0,0,0,0,0,0,0,0,0,0,0,0,0,0,0,0,0,0,0
5888177987,data analyst,AI & Data Apprenticeship Trainer / Coach & IQA,Pertemps Specialist Division,"North West England, UK",UK > North West England,53.954491,-2.749077,Teaching Jobs,40000.0,60000.0,,full_time,2026-09-17 21:29:17+00:00,2026-09-20 00:55:59.308159+00:00,2026-09-17,50000.0,1,50000.0,Other,Junior,North West England,0,0,0,0,0,0,0,0,0,0,0,0,0,0,0,0,0,0,0,0,0,0
5888162038,data analyst,Talent Acquisition Manager,Insight Select,"London, UK",UK > London,51.503378,-0.139134,IT Jobs,45760.0,45760.0,contract,,2026-09-17 21:08:44+00:00,2026-09-20 00:55:59.308159+00:00,2026-09-17,45760.0,1,45760.0,Other,Senior,London,0,0,0,0,0,0,0,0,0,0,0,0,0,0,0,0,0,0,0,0,0,0
5888159536,data analyst,AI & Data Apprenticeship Trainer / Coach & IQA,Pertemps Specialist Talent Solutions,UK,UK,,,Teaching Jobs,40000.0,60000.0,,full_time,2026-09-17 21:04:49+00:00,2026-09-20 00:55:59.308159+00:00,2026-09-17,50000.0,1,50000.0,Other,Junior,UK,0,0,0,0,0,0,0,0,0,0,0,0,0,0,0,0,0,0,0,0,0,0
5888123739,data analyst,Asset Data Analyst,GreenPower Developments,"Alloa, Clackmannanshire",UK > Scotland > Clackmannanshire > Alloa,56.116299,-3.79537,Scientific & QA Jobs,62647.71,62647.71,,,2026-09-17 20:48:53+00:00,2026-09-20 00:55:59.308159+00:00,2026-09-17,62647.71,1,62647.71,Data Analyst,Mid / Unspecified,Scotland,0,0,0,0,0,0,0,0,0,0,0,0,0,0,0,0,0,0,0,0,0,0
5888092131,data analyst,Senior Specialist (MicroStrategy and Tableau),Infinity Quest UK,UK,UK,,,IT Jobs,49679.08,49679.08,,,2026-09-17 19:13:59+00:00,2026-09-20 00:55:59.308159+00:00,2026-09-17,49679.08,1,49679.08,Other,Senior,UK,0,0,0,0,1,0,0,0,0,0,0,0,0,0,0,0,0,0,0,0,0,1
5888092091,data analyst,Senior DataStage Developer,INSIGHT INTERNATIONAL  Limited,"Bristol, South West England",UK > South West England > Bristol,,,IT Jobs,73210.61,73210.61,,,2026-09-17 19:13:57+00:00,2026-09-20 00:55:59.308159+00:00,2026-09-17,73210.61,1,73210.61,Other,Senior,South West England,0,0,0,0,0,0,0,0,0,0,0,0,0,0,0,0,0,0,0,0,0,0
5888091176,data analyst,Data Quality & Reporting Analyst,Adecco,"Croydon, London",UK > London > Croydon,51.372398,-0.100401,IT Jobs,34320.0,34320.0,contract,,2026-09-17 19:10:35+00:00,2026-09-20 00:55:59.308159+00:00,2026-09-17,34320.0,1,34320.0,Reporting Analyst,Mid / Unspecified,London,0,0,0,0,0,0,0,0,0,0,0,0,0,0,0,0,0,0,0,0,0,0
5888091052,data analyst,Data analyst,Kingdom People,"Golborne Dale, Newton-Le-Willows",UK > North West England > Merseyside > Newton-Le-Willows > Golborne Dale,53.465402,-2.63128,IT Jobs,35000.0,40000.0,,full_time,2026-09-17 19:10:02+00:00,2026-09-20 00:55:59.308159+00:00,2026-09-17,37500.0,1,37500.0,Data Analyst,Mid / Unspecified,North West England,0,0,0,0,0,0,0,0,0,0,0,0,0,0,0,0,0,0,0,0,0,0
5888029328,data analyst,Performance Analyst Apprentice,Network Plus,"Llanfabon, Nelson",UK > Wales > Merthyr Tydfil County > Treharris > Nelson > Llanfabon,51.652395,-3.297681,IT Jobs,16640.0,26437.0,,,2026-09-17 18:02:22+00:00,2026-09-20 00:55:59.308159+00:00,2026-09-17,21538.5,1,21538.5,Other Analytics,Junior,Wales,0,0,0,0,0,0,0,0,0,0,0,0,0,0,0,0,0,0,0,0,0,0
5888027553,data analyst,Investment Reporting Specialist,eFinancialCareers Sourcing Services,"London, UK",UK > London,51.503378,-0.139134,IT Jobs,70865.91,70865.91,permanent,full_time,2026-09-17 17:59:50+00:00,2026-09-20 00:55:59.308159+00:00,2026-09-17,70865.91,1,70865.91,Reporting Analyst,Mid / Unspecified,London,0,0,0,0,0,0,0,0,0,0,0,0,0,0,0,0,0,0,0,0,0,0
5887998885,data analyst,Data analyst,Kingdom People,"Newton-Le-Willows, Merseyside",UK > North West England > Merseyside > Newton-Le-Willows,53.456402,-2.63355,IT Jobs,35000.0,40000.0,,full_time,2026-09-17 17:33:45+00:00,2026-09-20 00:55:59.308159+00:00,2026-09-17,37500.0,1,37500.0,Data Analyst,Mid / Unspecified,North West England,0,0,0,0,0,0,0,0,0,0,0,0,0,0,0,0,0,0,0,0,0,0
5887998682,data analyst,Product Data Scientist,Harnham - Data & Analytics Recruitment,"Sheffield, South Yorkshire",UK > Yorkshire And The Humber > South Yorkshire > Sheffield,53.383099,-1.4648,IT Jobs,50000.0,60000.0,,full_time,2026-09-17 17:33:43+00:00,2026-09-20 00:55:59.308159+00:00,2026-09-17,55000.0,1,55000.0,Data Scientist,Mid / Unspecified,Yorkshire And The Humber,0,0,0,0,0,0,0,0,0,0,0,0,0,0,0,0,0,0,0,1,0,1
5887998554,data analyst,Data Analyst - retail,Sanderson,"London, UK",UK > London,,,IT Jobs,130000.0,143000.0,contract,full_time,2026-09-17 17:33:40+00:00,2026-09-20 00:55:59.308159+00:00,2026-09-17,136500.0,1,136500.0,Data Analyst,Mid / Unspecified,London,0,0,0,0,0,0,0,0,0,0,0,0,0,0,0,0,0,0,0,0,0,0
5887998383,data analyst,"Sr. Ad Tech Consultant, Ad Tech Solutions (ATS)",Amazon Online UK Limited,"London, UK",UK > London,51.503378,-0.139134,IT Jobs,56736.48,56736.48,,full_time,2026-09-17 17:33:25+00:00,2026-09-20 00:55:59.308159+00:00,2026-09-17,56736.48,1,56736.48,Other,Mid / Unspecified,London,0,0,0,0,0,0,0,0,0,0,0,0,0,0,0,0,0,0,0,0,0,0
5887903109,data analyst,Data Modeller,Bright Purple,"Edinburgh, Scotland",UK > Scotland > Edinburgh,55.943116,-3.327942,IT Jobs,136500.0,156000.0,contract,,2026-09-17 17:00:45+00:00,2026-09-20 00:55:59.308159+00:00,2026-09-17,146250.0,1,146250.0,Other,Mid / Unspecified,Scotland,0,0,0,0,0,0,0,0,0,0,0,0,0,0,0,0,0,0,0,0,0,0
5887847648,data analyst,"Interim Data Analyst, Adults Social Care",Eden Brown Synergy,"London, UK",UK > London,,,Accounting & Finance Jobs,104000.0,104000.0,contract,full_time,2026-09-17 16:28:28+00:00,2026-09-20 00:55:59.308159+00:00,2026-09-17,104000.0,1,104000.0,Data Analyst,Mid / Unspecified,London,0,0,0,0,0,0,0,0,0,0,0,0,0,0,0,0,0,0,0,0,0,0
5887778492,data analyst,Graduate Programme 2027 - Digital - UK Wide,Turner & Townsend,UK,UK,,,Graduate Jobs,59068.5,59068.5,,,2026-09-17 15:54:22+00:00,2026-09-20 00:55:59.308159+00:00,2026-09-17,59068.5,1,59068.5,Other,Junior,UK,0,0,0,0,0,0,0,0,0,0,0,0,0,0,0,0,0,0,0,0,0,0
5887736945,data analyst,"Interim Data Analyst, Adults Social Care",Eden Brown Synergy,"Farringdon, Central London",UK > London > Central London > Farringdon,51.523772,-0.103815,Accounting & Finance Jobs,0.0,104000.0,contract,,2026-09-17 15:05:56+00:00,2026-09-20 00:55:59.308159+00:00,2026-09-17,52000.0,1,52000.0,Data Analyst,Mid / Unspecified,London,0,0,0,0,0,0,0,0,0,0,0,0,0,0,0,0,0,0,0,0,0,0
5887733634,data analyst,Data & BI Analyst,Kingdom Security,"Golborne Dale, Newton-Le-Willows",UK > North West England > Merseyside > Newton-Le-Willows > Golborne Dale,53.465402,-2.63128,IT Jobs,56463.03,56463.03,,,2026-09-17 14:56:38+00:00,2026-09-20 00:55:59.308159+00:00,2026-09-17,56463.03,1,56463.03,BI Analyst,Mid / Unspecified,North West England,0,0,0,0,0,0,0,0,0,0,0,0,0,0,0,0,0,0,0,0,0,0
5887689820,data analyst,Lead Systems Analyst,AWD Online,"Heathrow, Hounslow",UK > London > Hounslow > Heathrow,,,IT Jobs,65000.0,75000.0,permanent,full_time,2026-09-17 13:27:55+00:00,2026-09-20 00:55:59.308159+00:00,2026-09-17,70000.0,1,70000.0,Other Analytics,Senior,London,0,0,0,0,0,0,0,0,0,0,0,0,0,0,0,0,0,0,0,0,0,0
5887661636,data analyst,Energy Analytics Engineer,Veolia,"The City, Central London",UK > London > Central London > The City,,,IT Jobs,40000.0,40000.0,,full_time,2026-09-17 13:08:22+00:00,2026-09-20 00:55:59.308159+00:00,2026-09-17,40000.0,1,40000.0,Other Analytics,Mid / Unspecified,London,0,0,0,0,0,0,0,0,0,0,0,0,0,0,0,0,0,0,0,0,0,0
5887653468,data analyst,Data Analyst,Mane Contract Services,"Bristol, South West England",UK > South West England > Bristol,,,IT Jobs,35000.0,60000.0,contract,,2026-09-17 13:04:59+00:00,2026-09-20 00:55:59.308159+00:00,2026-09-17,47500.0,1,47500.0,Data Analyst,Mid / Unspecified,South West England,0,0,0,1,0,1,0,0,0,0,0,0,0,0,0,0,0,0,0,0,0,2
5887506860,data analyst,Financial Data Analyst FTC 6M,Rail Delivery Group,"London, UK",UK > London,51.503378,-0.139134,Accounting & Finance Jobs,55475.38,55475.38,contract,full_time,2026-09-17 11:37:57+00:00,2026-09-20 00:55:59.308159+00:00,2026-09-17,55475.38,1,55475.38,Data Analyst,Mid / Unspecified,London,0,0,0,0,0,0,0,0,0,0,0,0,0,0,0,0,0,0,0,0,0,0
5887475408,data analyst,Information Security Manager,Sotheby's,"London, UK",UK > London,51.503378,-0.139134,IT Jobs,74084.33,74084.33,,,2026-09-17 11:02:45+00:00,2026-09-20 00:55:59.308159+00:00,2026-09-17,74084.33,1,74084.33,Other,Senior,London,0,0,0,0,0,0,0,0,0,0,0,0,0,0,0,0,0,0,0,0,0,0
5887474511,data analyst,Bloomberg Intelligence Strategic Data & Content Associate (12 Months Contract),Bloomberg,"London, UK",UK > London,51.503378,-0.139134,IT Jobs,63032.75,63032.75,contract,,2026-09-17 11:01:59+00:00,2026-09-20 00:55:59.308159+00:00,2026-09-17,63032.75,1,63032.75,Other,Mid / Unspecified,London,0,0,0,0,0,0,0,0,0,0,0,0,0,0,0,0,0,0,0,0,0,0
5887472570,data analyst,Data Analyst,Envitia,UK,UK,,,IT Jobs,37662.24,37662.24,,full_time,2026-09-17 11:00:51+00:00,2026-09-20 00:55:59.308159+00:00,2026-09-17,37662.24,1,37662.24,Data Analyst,Mid / Unspecified,UK,0,0,0,0,0,0,0,0,0,0,0,0,0,0,0,0,0,0,0,0,0,0
5887470891,data analyst,Senior Data Analyst (12 month maternity cover),GEDU Global Education,UK,UK,,,IT Jobs,32000.0,43000.0,contract,full_time,2026-09-17 10:59:45+00:00,2026-09-20 00:55:59.308159+00:00,2026-09-17,37500.0,1,37500.0,Data Analyst,Senior,UK,0,0,0,0,0,0,0,0,0,0,0,0,0,0,0,0,0,0,0,0,0,0
5887470856,data analyst,Customer Operational Intelligence Lead,Essex County Council,"Willows Green, Chelmsford",UK > Eastern England > Essex > Chelmsford > Willows Green,51.734793,0.470036,Customer Services Jobs,29785.0,35041.0,contract,full_time,2026-09-17 10:59:44+00:00,2026-09-20 00:55:59.308159+00:00,2026-09-17,32413.0,1,32413.0,Other,Senior,Eastern England,0,0,0,0,0,0,0,0,0,0,0,0,0,0,0,0,0,0,0,0,0,0
5887470091,data analyst,Market Analyst (Nordic),Modo Energy,"London, UK",UK > London,51.503378,-0.139134,IT Jobs,59634.46,59634.46,,,2026-09-17 10:59:16+00:00,2026-09-20 00:55:59.308159+00:00,2026-09-17,59634.46,1,59634.46,Other Analytics,Mid / Unspecified,London,0,0,0,0,0,0,0,0,0,0,0,0,0,0,0,0,0,0,0,0,0,0
5887469806,data analyst,"Underwriting Assistant, Contingency",Arch Capital Group,"London, UK",UK > London,51.503378,-0.139134,Accounting & Finance Jobs,39238.16,39238.16,,full_time,2026-09-17 10:59:04+00:00,2026-09-20 00:55:59.308159+00:00,2026-09-17,39238.16,1,39238.16,Other,Mid / Unspecified,London,0,0,0,0,0,0,0,0,0,0,0,0,0,0,0,0,0,0,0,0,0,0
5887466277,data analyst,Data Product & Governance Lead Vice President,JPMorganChase,"Bournemouth, Dorset",UK > South West England > Dorset > Bournemouth,50.721699,-1.87853,IT Jobs,81348.8,81348.8,,full_time,2026-09-17 10:56:49+00:00,2026-09-20 00:55:59.308159+00:00,2026-09-17,81348.8,1,81348.8,Other,Senior,South West England,0,0,0,0,0,0,0,0,0,0,0,0,0,0,0,0,0,0,0,0,0,0
5890529399,business intelligence analyst,Business Intelligence Analyst,Michael Page,"Hulme, Manchester",UK > North West England > Greater Manchester > Manchester > Hulme,53.48013,-2.245526,IT Jobs,50000.0,55000.0,permanent,full_time,2026-09-19 11:53:01+00:00,2026-09-20 00:55:59.308159+00:00,2026-09-19,52500.0,1,52500.0,BI Analyst,Mid / Unspecified,North West England,0,0,0,1,0,0,0,0,0,0,0,0,0,0,0,0,0,0,1,0,0,2
5890528316,business intelligence analyst,Business Intelligence Analyst,Cathcart Technology,"Newbattle, Dalkeith",UK > Scotland > Midlothian > Dalkeith > Newbattle,55.892262,-3.057573,IT Jobs,35000.0,40000.0,,full_time,2026-09-19 11:52:54+00:00,2026-09-20 00:55:59.308159+00:00,2026-09-19,37500.0,1,37500.0,BI Analyst,Mid / Unspecified,Scotland,1,0,0,1,0,0,0,0,0,0,0,0,0,0,0,0,0,0,0,0,0,2
5890394082,business intelligence analyst,Reporting and Intelligence Analyst,Amentum,UK,UK,,,IT Jobs,30529.78,30529.78,,full_time,2026-09-19 10:51:38+00:00,2026-09-20 00:55:59.308159+00:00,2026-09-19,30529.78,1,30529.78,Reporting Analyst,Mid / Unspecified,UK,0,0,0,0,0,0,0,0,0,0,0,0,0,0,0,0,0,0,0,0,0,0
5890393761,business intelligence analyst,Graduate Business Delivery Analyst,Northrop Grumman,UK,UK,,,Graduate Jobs,32500.0,32500.0,,full_time,2026-09-19 10:51:11+00:00,2026-09-20 00:55:59.308159+00:00,2026-09-19,32500.0,1,32500.0,Other Analytics,Junior,UK,0,0,1,0,0,0,0,0,0,0,0,0,0,0,0,0,0,0,0,0,0,1
5890079464,business intelligence analyst,Marketing Analytics & Business Intelligence Analyst,Afina,"Kings Cross, Central London",UK > London > Central London > Kings Cross,51.534275,-0.121979,"PR, Advertising & Marketing Jobs",86828.71,86828.71,,,2026-09-19 03:31:33+00:00,2026-09-20 00:55:59.308159+00:00,2026-09-19,86828.71,1,86828.71,BI Analyst,Mid / Unspecified,London,0,0,0,0,0,0,0,0,0,0,0,0,0,0,0,0,0,0,0,0,0,0
5889800070,business intelligence analyst,Business Intelligence Performance Analyst,RHP,"Teddington, South West London",UK > London > South West London > Teddington,51.428203,-0.334656,IT Jobs,46350.0,46350.0,,,2026-09-18 23:28:33+00:00,2026-09-20 00:55:59.308159+00:00,2026-09-18,46350.0,1,46350.0,BI Analyst,Mid / Unspecified,London,0,0,0,0,0,0,0,0,0,0,0,0,0,0,0,0,0,0,0,0,0,0
5889018106,business intelligence analyst,Information Manager,Mace,UK,UK,,,IT Jobs,51469.29,51469.29,,full_time,2026-09-18 10:46:00+00:00,2026-09-20 00:55:59.308159+00:00,2026-09-18,51469.29,1,51469.29,Other,Senior,UK,0,0,0,0,0,0,0,0,0,0,0,0,0,0,0,0,0,0,0,0,0,0
5888659754,business intelligence analyst,Reporting and Intelligence Analyst,Amentum,"Bristol, South West England",UK > South West England > Bristol,,,IT Jobs,30458.94,30458.94,,,2026-09-18 04:49:39+00:00,2026-09-20 00:55:59.308159+00:00,2026-09-18,30458.94,1,30458.94,Reporting Analyst,Mid / Unspecified,South West England,0,0,0,0,0,0,0,0,0,0,0,0,0,0,0,0,0,0,0,0,0,0
5888087075,business intelligence analyst,Reporting and Business Intelligence Analyst,Booth Welsh Ltd,"Bristol, South West England",UK > South West England > Bristol,,,IT Jobs,56773.18,56773.18,contract,,2026-09-17 19:01:45+00:00,2026-09-20 00:55:59.308159+00:00,2026-09-17,56773.18,1,56773.18,BI Analyst,Mid / Unspecified,South West England,0,0,0,1,0,0,0,0,0,0,0,0,0,0,0,0,0,0,0,0,0,1
5887998782,business intelligence analyst,Junior Finance Systems Analyst (AI & Automation),Michael Page Technology,"Northampton, Northamptonshire",UK > East Midlands > Northamptonshire > Northampton,52.2369,-0.897391,IT Jobs,35000.0,45000.0,,full_time,2026-09-17 17:33:44+00:00,2026-09-20 00:55:59.308159+00:00,2026-09-17,40000.0,1,40000.0,Other Analytics,Junior,East Midlands,0,0,0,0,0,0,0,0,0,0,0,0,0,0,0,0,0,0,0,0,0,0
5887468475,business intelligence analyst,Technical BI & Reporting Lead,Lloyds Bank,UK,UK,,,IT Jobs,67000.0,81000.0,,full_time,2026-09-17 10:58:19+00:00,2026-09-20 00:55:59.308159+00:00,2026-09-17,74000.0,1,74000.0,BI Analyst,Senior,UK,0,0,0,0,0,0,0,0,0,0,0,0,0,0,0,0,0,0,0,0,0,0
5886984422,business intelligence analyst,SEND Business Intelligence Developer,Baltimore Consulting,"Thatcham, West Berkshire",UK > South East England > West Berkshire > Thatcham,51.403702,-1.26051,IT Jobs,63110.64,63110.64,contract,full_time,2026-09-17 02:36:47+00:00,2026-09-20 00:55:59.308159+00:00,2026-09-17,63110.64,1,63110.64,BI Analyst,Mid / Unspecified,South East England,0,0,0,0,0,0,0,0,0,0,0,0,0,0,0,0,0,0,0,0,0,0
5886244148,business intelligence analyst,Senior BI Analyst,BCM Global,"Ipswich, Suffolk",UK > Eastern England > Suffolk > Ipswich,52.059299,1.15567,IT Jobs,64502.61,64502.61,,full_time,2026-09-16 14:20:09+00:00,2026-09-20 00:55:59.308159+00:00,2026-09-16,64502.61,1,64502.61,BI Analyst,Senior,Eastern England,0,0,0,0,0,0,0,0,0,0,0,0,0,0,0,0,0,0,0,0,0,0
5885544758,business intelligence analyst,Reporting and Intelligence Analyst,Rullion,"Stogursey, Bridgwater",UK > South West England > Somerset > Bridgwater > Stogursey,51.207087,-3.131634,IT Jobs,52000.0,68900.0,contract,full_time,2026-09-16 03:57:24+00:00,2026-09-20 00:55:59.308159+00:00,2026-09-16,60450.0,1,60450.0,Reporting Analyst,Mid / Unspecified,South West England,0,0,0,0,0,0,0,0,0,0,0,0,0,0,0,0,0,0,0,0,0,0
5885144954,business intelligence analyst,Reporting and Intelligence Analyst,Mactech Energy Group,"Bridgwater, Somerset",UK > South West England > Somerset > Bridgwater,51.127602,-3.00403,IT Jobs,66375.0,93457.0,,,2026-09-15 21:55:26+00:00,2026-09-20 00:55:59.308159+00:00,2026-09-15,79916.0,1,79916.0,Reporting Analyst,Mid / Unspecified,South West England,0,0,0,1,0,0,0,0,0,0,0,0,0,0,0,0,0,0,0,0,0,1
5885066203,business intelligence analyst,Reporting and Intelligence Analyst,Rullion Managed Services,"Somerset, South West England",UK > South West England > Somerset,51.067069,-2.884066,IT Jobs,52000.0,68900.0,contract,,2026-09-15 20:53:29+00:00,2026-09-20 00:55:59.308159+00:00,2026-09-15,60450.0,1,60450.0,Reporting Analyst,Mid / Unspecified,South West England,0,0,0,0,0,0,0,0,0,0,0,0,0,0,0,0,0,0,0,0,0,0
5884644734,business intelligence analyst,Finance Systems / Reporting Developer (AI Automation),Michael Page,"Holcot, Northampton",UK > East Midlands > Northamptonshire > Northampton > Holcot,52.319636,-0.831728,IT Jobs,40000.0,45000.0,,full_time,2026-09-15 14:52:08+00:00,2026-09-20 00:55:59.308159+00:00,2026-09-15,42500.0,1,42500.0,Reporting Analyst,Mid / Unspecified,East Midlands,0,0,0,0,0,0,0,0,0,0,0,0,0,0,0,0,0,0,0,0,0,0
5884633407,business intelligence analyst,Reporting and Intelligence Analyst,Mactech Energy Group,UK,UK,,,IT Jobs,66375.0,93457.0,,,2026-09-15 13:46:59+00:00,2026-09-20 00:55:59.308159+00:00,2026-09-15,79916.0,1,79916.0,Reporting Analyst,Mid / Unspecified,UK,0,0,0,1,0,0,0,0,0,0,0,0,0,0,0,0,0,0,0,0,0,1
5883610914,business intelligence analyst,"Trainee Data Analyst (Excel, SQL & Power BI)",Netcom Online Learning,"Birmingham, West Midlands",UK > West Midlands > Birmingham,52.483002,-1.89359,IT Jobs,33970.43,33970.43,,full_time,2026-09-14 13:09:13+00:00,2026-09-20 00:55:59.308159+00:00,2026-09-14,33970.43,1,33970.43,BI Analyst,Junior,West Midlands,1,0,0,1,0,1,0,0,0,0,0,0,0,0,0,0,0,0,0,0,0,3
5883610878,business intelligence analyst,Trainee Data Analyst,Netcom Online Learning,"Birmingham, West Midlands",UK > West Midlands > Birmingham,52.483002,-1.89359,IT Jobs,32637.68,32637.68,,full_time,2026-09-14 13:09:12+00:00,2026-09-20 00:55:59.308159+00:00,2026-09-14,32637.68,1,32637.68,Data Analyst,Junior,West Midlands,0,0,0,0,0,0,0,0,0,0,0,0,0,0,0,0,0,0,0,0,0,0
5883570356,business intelligence analyst,"Data Analyst Training Course (Excel, SQL & Power BI)",Netcom Training,"Balsall Heath, Birmingham",UK > West Midlands > Birmingham > Balsall Heath,52.460083,-1.902086,IT Jobs,34309.26,34309.26,,part_time,2026-09-14 12:54:00+00:00,2026-09-20 00:55:59.308159+00:00,2026-09-14,34309.26,1,34309.26,BI Analyst,Mid / Unspecified,West Midlands,1,0,0,1,0,1,0,0,0,0,0,0,0,0,0,0,0,0,0,0,0,3
5882953819,business intelligence analyst,Senior Business Intelligence Analyst,Michael Page,"The City, Central London",UK > London > Central London > The City,,,IT Jobs,55000.0,65000.0,permanent,full_time,2026-09-14 00:47:50+00:00,2026-09-20 00:55:59.308159+00:00,2026-09-14,60000.0,1,60000.0,BI Analyst,Senior,London,0,0,0,0,0,0,0,0,0,0,0,0,0,0,0,0,0,0,0,0,0,0
5882088918,business intelligence analyst,Finance/Business Analyst Internship,The Opportunity Hub UK,"Surrey, South East England",UK > South East England > Surrey,51.253928,-0.4677,IT Jobs,24000.0,25000.0,permanent,full_time,2026-09-13 02:35:10+00:00,2026-09-20 00:55:59.308159+00:00,2026-09-13,24500.0,1,24500.0,Other Analytics,Mid / Unspecified,South East England,0,0,0,0,0,0,0,0,0,0,0,0,0,0,0,0,0,0,0,0,0,0
5881159110,business intelligence analyst,Senior Data Analyst,Richemont,UK,UK,,,IT Jobs,55827.57,55827.57,,full_time,2026-09-12 17:06:09+00:00,2026-09-20 00:55:59.308159+00:00,2026-09-12,55827.57,1,55827.57,Data Analyst,Senior,UK,0,0,0,0,0,0,0,0,0,0,0,0,0,0,0,0,0,0,0,0,0,0
5881111383,business intelligence analyst,MI Analyst,CMS Cameron McKenna Nabarro Olswang,"Bristol, South West England",UK > South West England > Bristol,,,IT Jobs,42933.76,42933.76,,full_time,2026-09-12 16:43:25+00:00,2026-09-20 00:55:59.308159+00:00,2026-09-12,42933.76,1,42933.76,Other Analytics,Mid / Unspecified,South West England,0,0,0,0,0,0,0,0,0,0,0,0,0,0,0,0,0,0,0,0,0,0
5880668388,business intelligence analyst,Finance/Business Analyst Internship,The Opportunity Hub UK,"Surrey, South East England",UK > South East England > Surrey,51.253928,-0.4677,IT Jobs,24000.0,25000.0,permanent,,2026-09-12 06:37:56+00:00,2026-09-20 00:55:59.308159+00:00,2026-09-12,24500.0,1,24500.0,Other Analytics,Mid / Unspecified,South East England,0,0,0,0,0,0,0,0,0,0,0,0,0,0,0,0,0,0,0,0,0,0
5880667781,business intelligence analyst,Finance/Business Analyst Internship,The Opportunity Hub UK,"Surrey, South East England",UK > South East England > Surrey,51.253928,-0.4677,IT Jobs,24000.0,25000.0,permanent,,2026-09-12 06:37:36+00:00,2026-09-20 00:55:59.308159+00:00,2026-09-12,24500.0,1,24500.0,Other Analytics,Mid / Unspecified,South East England,0,0,0,0,0,0,0,0,0,0,0,0,0,0,0,0,0,0,0,0,0,0
5879942598,business intelligence analyst,Junior Business Intelligence Analyst,Wren Kitchens,"Hoe Hill, Barton-Upon-Humber",UK > Yorkshire And The Humber > North Lincolnshire > Barton-Upon-Humber > Hoe Hill,53.690556,-0.431245,IT Jobs,500.0,500.0,,full_time,2026-09-11 17:09:42+00:00,2026-09-20 00:55:59.308159+00:00,2026-09-11,500.0,1,,BI Analyst,Junior,Yorkshire And The Humber,1,0,0,0,0,0,0,0,0,0,0,0,0,0,0,0,0,0,0,0,0,1
5879775802,business intelligence analyst,Business Intelligence & Performance Officer,Lynx Employment Services Ltd,"Long Lawford, Rugby",UK > West Midlands > Warwickshire > Rugby > Long Lawford,52.390168,-1.298443,IT Jobs,91000.0,91000.0,contract,,2026-09-11 14:41:00+00:00,2026-09-20 00:55:59.308159+00:00,2026-09-11,91000.0,1,91000.0,BI Analyst,Mid / Unspecified,West Midlands,0,0,0,0,0,0,0,0,0,0,0,0,0,0,0,0,0,0,0,0,0,0
5879774551,business intelligence analyst,Business Intelligence Analyst,Solihull College & University Centre,"Bentley Heath, Solihull",UK > West Midlands > Solihull > Bentley Heath,52.413907,-1.782484,IT Jobs,39122.0,41057.0,,full_time,2026-09-11 14:37:44+00:00,2026-09-20 00:55:59.308159+00:00,2026-09-11,40089.5,1,40089.5,BI Analyst,Mid / Unspecified,West Midlands,1,0,1,1,0,0,0,0,0,0,0,0,0,0,0,0,0,0,0,0,0,3
5878873094,business intelligence analyst,H&H Performance Analyst,Civic Recruitment Limited,"Bermuda Park, Nuneaton",UK > West Midlands > Warwickshire > Nuneaton > Bermuda Park,52.499185,-1.47784,IT Jobs,38555.74,38555.74,contract,full_time,2026-09-10 21:52:15+00:00,2026-09-20 00:55:59.308159+00:00,2026-09-10,38555.74,1,38555.74,Other Analytics,Mid / Unspecified,West Midlands,1,1,0,1,0,0,0,0,0,0,0,0,0,0,0,0,0,0,0,0,0,3
5878831834,business intelligence analyst,Business Intelligence Analyst,Michael Page Business Support,"Manchester, Greater Manchester",UK > North West England > Greater Manchester > Manchester,,,IT Jobs,50000.0,55000.0,permanent,full_time,2026-09-10 20:48:28+00:00,2026-09-20 00:55:59.308159+00:00,2026-09-10,52500.0,1,52500.0,BI Analyst,Mid / Unspecified,North West England,0,0,0,0,0,0,0,0,0,0,0,0,0,0,0,0,0,0,0,0,0,0
5878796733,business intelligence analyst,Business Intelligence Analyst,Michael Page,"Rusholme, Manchester",UK > North West England > Greater Manchester > Manchester > Rusholme,53.459145,-2.220609,IT Jobs,50000.0,55000.0,permanent,full_time,2026-09-10 18:36:22+00:00,2026-09-20 00:55:59.308159+00:00,2026-09-10,52500.0,1,52500.0,BI Analyst,Mid / Unspecified,North West England,0,0,0,0,0,0,0,0,0,0,0,0,0,0,0,0,0,0,0,0,0,0
5878627765,business intelligence analyst,Analytics Engineer,Global Media Group,"Holborn, Central London",UK > London > Central London > Holborn,51.51758,-0.12048,IT Jobs,65590.9,65590.9,,full_time,2026-09-10 16:41:52+00:00,2026-09-20 00:55:59.308159+00:00,2026-09-10,65590.9,1,65590.9,Other Analytics,Mid / Unspecified,London,0,0,0,0,0,0,0,0,0,0,0,0,0,0,0,0,0,0,0,0,0,0
5877539569,business intelligence analyst,Power BI Developer,Police Digital Services,"Central London, London",UK > London > Central London,51.51985,-0.11126,IT Jobs,70580.27,70580.27,,,2026-09-09 21:43:57+00:00,2026-09-20 00:55:59.308159+00:00,2026-09-09,70580.27,1,70580.27,BI Analyst,Mid / Unspecified,London,0,0,0,1,0,0,0,0,0,0,0,0,0,0,0,0,0,0,0,0,0,1
5877214719,business intelligence analyst,Application Management Analyst-DEF Academy Services,Serco,"Watchfield, Swindon",UK > South West England > Wiltshire > Swindon > Watchfield,51.603507,-1.638748,IT Jobs,32911.3,32911.3,contract,full_time,2026-09-09 16:24:20+00:00,2026-09-20 00:55:59.308159+00:00,2026-09-09,32911.3,1,32911.3,Other Analytics,Mid / Unspecified,South West England,0,0,0,0,0,0,0,0,0,0,0,0,0,0,0,0,0,0,0,0,0,0
5877048264,business intelligence analyst,Senior BI Support Analyst,IT Talent Solutions,"Crownhill, Milton Keynes",UK > South East England > Buckinghamshire > Milton Keynes > Crownhill,52.032628,-0.802219,IT Jobs,50000.0,65000.0,,full_time,2026-09-09 12:43:59+00:00,2026-09-20 00:55:59.308159+00:00,2026-09-09,57500.0,1,57500.0,BI Analyst,Senior,South East England,0,0,0,0,0,0,0,0,0,0,0,0,0,0,0,0,0,0,0,0,0,0
5877047005,business intelligence analyst,Senior BI Developer,Nextech,"Reading, Berkshire",UK > South East England > Berkshire > Reading,51.455002,-0.969088,IT Jobs,42000.0,45000.0,,full_time,2026-09-09 12:43:25+00:00,2026-09-20 00:55:59.308159+00:00,2026-09-09,43500.0,1,43500.0,BI Analyst,Senior,South East England,1,0,0,0,0,0,0,0,0,0,0,0,0,0,0,0,0,0,0,0,0,1
5877046747,business intelligence analyst,Senior BI Support Analyst,IT Talent Solutions Ltd,"Milton Keynes, Buckinghamshire",UK > South East England > Buckinghamshire > Milton Keynes,52.042198,-0.7047,IT Jobs,45000.0,60000.0,,full_time,2026-09-09 12:43:23+00:00,2026-09-20 00:55:59.308159+00:00,2026-09-09,52500.0,1,52500.0,BI Analyst,Senior,South East England,0,0,0,0,0,0,0,0,0,0,0,0,0,0,0,0,0,0,0,0,0,0
5874800211,business intelligence analyst,Data Analyst,PeoplePlus,"Full Sutton, York",UK > Yorkshire And The Humber > North Yorkshire > York > Full Sutton,53.98565,-0.868594,IT Jobs,30000.0,30000.0,,,2026-09-07 23:20:06+00:00,2026-09-20 00:55:59.308159+00:00,2026-09-07,30000.0,1,30000.0,Data Analyst,Mid / Unspecified,Yorkshire And The Humber,0,0,0,0,0,0,0,0,0,0,0,0,0,0,0,0,0,0,0,0,0,0
5874519937,business intelligence analyst,Finance BI Analyst - (Business Inteligence),Eriban Business Services Ltd,"Sheffield, South Yorkshire",UK > Yorkshire And The Humber > South Yorkshire > Sheffield,53.383099,-1.4648,IT Jobs,60000.0,60000.0,,,2026-09-07 21:47:56+00:00,2026-09-20 00:55:59.308159+00:00,2026-09-07,60000.0,1,60000.0,BI Analyst,Mid / Unspecified,Yorkshire And The Humber,0,0,0,0,0,0,0,0,0,0,0,0,0,0,0,0,0,0,0,0,0,0
5874305309,business intelligence analyst,Business Intelligence Analyst,Sanderson,"Bristol, South West England",UK > South West England > Bristol,,,IT Jobs,34000.0,36500.0,,full_time,2026-09-07 18:15:51+00:00,2026-09-20 00:55:59.308159+00:00,2026-09-07,35250.0,1,35250.0,BI Analyst,Mid / Unspecified,South West England,0,0,0,1,0,0,0,0,0,0,0,0,0,0,0,0,0,0,0,0,0,1
5873200149,business intelligence analyst,21863 - HMP Chelmsford - Business Administrator Specialist - Intelligence Analyst,Ministry of Justice,"Chelmsford, Essex",UK > Eastern England > Essex > Chelmsford,51.735802,0.469708,Admin Jobs,34440.0,34440.0,permanent,full_time,2026-09-06 16:51:52+00:00,2026-09-20 00:55:59.308159+00:00,2026-09-06,34440.0,1,34440.0,Other Analytics,Mid / Unspecified,Eastern England,0,0,0,0,0,0,0,0,0,0,0,0,0,0,0,0,0,0,0,0,0,0
5872096136,business intelligence analyst,Events Administrator - Part time/22.5 hours a week,Incisive Media,"Covent Garden, Central London",UK > London > Central London > Covent Garden,51.515431,-0.122797,Part time Jobs,35151.09,35151.09,,full_time,2026-09-05 16:39:24+00:00,2026-09-20 00:55:59.308159+00:00,2026-09-05,35151.09,1,35151.09,Other,Mid / Unspecified,London,0,0,0,0,0,0,0,0,0,0,0,0,0,0,0,0,0,0,0,0,0,0
5871611706,business intelligence analyst,Data Analyst Placement Programme No Experience Needed,IT Online Learning,"Edinburgh, Scotland",UK > Scotland > Edinburgh,55.943116,-3.327942,IT Jobs,65000.0,65000.0,permanent,,2026-09-05 07:31:41+00:00,2026-09-20 00:55:59.308159+00:00,2026-09-05,65000.0,1,65000.0,Data Analyst,Mid / Unspecified,Scotland,0,0,0,0,0,0,0,0,0,0,0,0,0,0,0,0,0,0,0,0,0,0
5870534177,business intelligence analyst,Senior Power BI Developer,WellData Limited,"Balsall Heath, Birmingham",UK > West Midlands > Birmingham > Balsall Heath,52.460083,-1.902086,IT Jobs,61471.33,61471.33,permanent,full_time,2026-09-04 12:32:16+00:00,2026-09-20 00:55:59.308159+00:00,2026-09-04,61471.33,1,61471.33,BI Analyst,Senior,West Midlands,1,0,0,1,0,0,0,0,0,0,0,0,0,0,0,0,0,0,0,0,0,2
5870168295,business intelligence analyst,Data Architect,Essential Employment,"Lincoln, Lincolnshire",UK > East Midlands > Lincolnshire > Lincoln,53.234901,-0.538436,IT Jobs,63003.0,84468.0,contract,full_time,2026-09-04 07:33:42+00:00,2026-09-20 00:55:59.308159+00:00,2026-09-04,73735.5,1,73735.5,Other,Mid / Unspecified,East Midlands,0,0,0,0,0,0,0,0,0,0,0,0,0,0,0,0,0,0,0,0,0,0
5869804842,business intelligence analyst,Finance/Business Analyst Internship,The Opportunity Hub UK,"Surrey, South East England",UK > South East England > Surrey,51.253928,-0.4677,IT Jobs,25000.0,25000.0,permanent,full_time,2026-09-04 02:31:29+00:00,2026-09-20 00:55:59.308159+00:00,2026-09-04,25000.0,1,25000.0,Other Analytics,Mid / Unspecified,South East England,0,0,0,0,0,0,0,0,0,0,0,0,0,0,0,0,0,0,0,0,0,0
5869559599,business intelligence analyst,Senior Power BI Developer,WellData Limited,"Birmingham, West Midlands",UK > West Midlands > Birmingham,52.483002,-1.89359,IT Jobs,64686.99,64686.99,permanent,full_time,2026-09-03 22:06:50+00:00,2026-09-20 00:55:59.308159+00:00,2026-09-03,64686.99,1,64686.99,BI Analyst,Senior,West Midlands,1,0,0,1,0,0,0,0,0,0,0,0,0,0,0,0,0,0,0,0,0,2
5869442923,business intelligence analyst,Junior Business Intelligence Analyst,Navitas,"Thames View Industrial Park, Abingdon",UK > South East England > Oxfordshire > Abingdon > Thames View Industrial Park,51.677893,-1.274336,IT Jobs,26000.0,32000.0,permanent,full_time,2026-09-03 17:59:05+00:00,2026-09-20 00:55:59.308159+00:00,2026-09-03,29000.0,1,29000.0,BI Analyst,Junior,South East England,0,0,0,0,0,0,0,0,0,0,0,0,0,0,0,0,0,0,0,0,0,0
5869219371,business intelligence analyst,Motion Graphics Designer/Video Editor,Incisive Media,"Covent Garden, Central London",UK > London > Central London > Covent Garden,51.515431,-0.122797,Creative & Design Jobs,45214.73,45214.73,contract,full_time,2026-09-03 17:00:27+00:00,2026-09-20 00:55:59.308159+00:00,2026-09-03,45214.73,1,45214.73,Other,Mid / Unspecified,London,0,0,0,0,0,0,0,0,0,0,0,0,0,0,0,0,0,0,0,0,0,0
5868457878,business intelligence analyst,Data Analyst Placement Programme No Experience Needed,IT Online Learning,"Cardiff County, Wales",UK > Wales > Cardiff County,51.5078,-3.210445,IT Jobs,65000.0,65000.0,permanent,,2026-09-03 07:29:42+00:00,2026-09-20 00:55:59.308159+00:00,2026-09-03,65000.0,1,65000.0,Data Analyst,Mid / Unspecified,Wales,0,0,0,0,0,0,0,0,0,0,0,0,0,0,0,0,0,0,0,0,0,0
5868457872,business intelligence analyst,Data Analyst Placement Programme No Experience Needed,IT Online Learning,"Sheffield, South Yorkshire",UK > Yorkshire And The Humber > South Yorkshire > Sheffield,53.383099,-1.4648,IT Jobs,65000.0,65000.0,permanent,,2026-09-03 07:29:41+00:00,2026-09-20 00:55:59.308159+00:00,2026-09-03,65000.0,1,65000.0,Data Analyst,Mid / Unspecified,Yorkshire And The Humber,0,0,0,0,0,0,0,0,0,0,0,0,0,0,0,0,0,0,0,0,0,0
5868457216,business intelligence analyst,Data Analyst Placement Programme No Experience Needed,IT Online Learning,"Bristol, South West England",UK > South West England > Bristol,,,IT Jobs,65000.0,65000.0,permanent,,2026-09-03 07:28:37+00:00,2026-09-20 00:55:59.308159+00:00,2026-09-03,65000.0,1,65000.0,Data Analyst,Mid / Unspecified,South West England,0,0,0,0,0,0,0,0,0,0,0,0,0,0,0,0,0,0,0,0,0,0
5867727691,business intelligence analyst,Business Intelligence Analyst,Cathcart Technology,"Motherwell, North Lanarkshire",UK > Scotland > North Lanarkshire > Motherwell,55.789101,-3.99546,IT Jobs,35000.0,40000.0,,full_time,2026-09-03 00:08:37+00:00,2026-09-20 00:55:59.308159+00:00,2026-09-03,37500.0,1,37500.0,BI Analyst,Mid / Unspecified,Scotland,0,0,0,0,0,0,0,0,0,0,0,0,0,0,0,0,0,0,0,0,0,0
5867645768,business intelligence analyst,Business Intelligence Analyst - Facilities & Innovation,ABM UK,"East London, London",UK > London > East London,51.54571,-0.016402,IT Jobs,51128.2,51128.2,,,2026-09-02 23:16:17+00:00,2026-09-20 00:55:59.308159+00:00,2026-09-02,51128.2,1,51128.2,BI Analyst,Mid / Unspecified,London,0,0,0,0,0,0,0,0,0,0,0,0,0,0,0,0,0,0,0,0,0,0
5867515337,business intelligence analyst,Business Intelligence Analyst,Cathcart Technology,"Glasgow, Scotland",UK > Scotland > Glasgow,55.86026,-4.25596,IT Jobs,35000.0,40000.0,,full_time,2026-09-02 20:11:01+00:00,2026-09-20 00:55:59.308159+00:00,2026-09-02,37500.0,1,37500.0,BI Analyst,Mid / Unspecified,Scotland,0,0,0,0,0,0,0,0,0,0,0,0,0,0,0,0,0,0,0,0,0,0
5867249869,business intelligence analyst,Data Analyst,Supernova Technology,"London, UK",UK > London,51.503378,-0.139134,IT Jobs,45669.5,45669.5,,full_time,2026-09-02 17:11:00+00:00,2026-09-20 00:55:59.308159+00:00,2026-09-02,45669.5,1,45669.5,Data Analyst,Mid / Unspecified,London,0,0,0,0,0,0,0,0,0,0,0,0,0,0,0,0,0,0,0,0,0,0
5867249007,business intelligence analyst,Business Intelligence Analyst,Unisys,UK,UK,,,IT Jobs,55617.14,55617.14,,full_time,2026-09-02 17:10:38+00:00,2026-09-20 00:55:59.308159+00:00,2026-09-02,55617.14,1,55617.14,BI Analyst,Mid / Unspecified,UK,1,0,0,1,0,0,0,0,0,0,0,0,0,0,0,0,0,0,0,0,0,2
5867240123,business intelligence analyst,BI Developer,EOS,"Banbridge, County Down",UK > Northern Ireland > County Down > Banbridge,54.351002,-6.26702,IT Jobs,52867.07,52867.07,,,2026-09-02 17:06:38+00:00,2026-09-20 00:55:59.308159+00:00,2026-09-02,52867.07,1,52867.07,BI Analyst,Mid / Unspecified,Northern Ireland,0,0,0,0,0,0,0,0,0,0,0,0,0,0,0,0,0,0,0,0,0,0
5866718600,business intelligence analyst,Business Intelligence Analyst - Facilities & Innovation,ABM UK,"Canary Wharf, East London",UK > London > East London > Canary Wharf,51.508092,-0.022997,IT Jobs,45000.0,45000.0,,full_time,2026-09-02 09:24:18+00:00,2026-09-20 00:55:59.308159+00:00,2026-09-02,45000.0,1,45000.0,BI Analyst,Mid / Unspecified,London,0,0,0,0,0,0,0,0,0,0,0,0,0,0,0,0,0,0,0,0,0,0
5866532951,business intelligence analyst,Data Analyst Placement Programme No Experience Needed,IT Online Learning,"Glasgow, Scotland",UK > Scotland > Glasgow,55.86026,-4.25596,IT Jobs,65000.0,65000.0,permanent,,2026-09-02 05:55:36+00:00,2026-09-20 00:55:59.308159+00:00,2026-09-02,65000.0,1,65000.0,Data Analyst,Mid / Unspecified,Scotland,0,0,0,0,0,0,0,0,0,0,0,0,0,0,0,0,0,0,0,0,0,0
5866532946,business intelligence analyst,Data Analyst Placement Programme No Experience Needed,IT Online Learning,"Manchester, Greater Manchester",UK > North West England > Greater Manchester > Manchester,,,IT Jobs,65000.0,65000.0,permanent,,2026-09-02 05:55:35+00:00,2026-09-20 00:55:59.308159+00:00,2026-09-02,65000.0,1,65000.0,Data Analyst,Mid / Unspecified,North West England,0,0,0,0,0,0,0,0,0,0,0,0,0,0,0,0,0,0,0,0,0,0
5866532945,business intelligence analyst,Data Analyst Placement Programme No Experience Needed,IT Online Learning,"Liverpool, Merseyside",UK > North West England > Merseyside > Liverpool,53.410801,-2.97784,IT Jobs,65000.0,65000.0,permanent,,2026-09-02 05:55:35+00:00,2026-09-20 00:55:59.308159+00:00,2026-09-02,65000.0,1,65000.0,Data Analyst,Mid / Unspecified,North West England,0,0,0,0,0,0,0,0,0,0,0,0,0,0,0,0,0,0,0,0,0,0
5866532944,business intelligence analyst,Data Analyst Placement Programme No Experience Needed,IT Online Learning,"Leeds, West Yorkshire",UK > Yorkshire And The Humber > West Yorkshire > Leeds,53.799599,-1.54912,IT Jobs,65000.0,65000.0,permanent,,2026-09-02 05:55:35+00:00,2026-09-20 00:55:59.308159+00:00,2026-09-02,65000.0,1,65000.0,Data Analyst,Mid / Unspecified,Yorkshire And The Humber,0,0,0,0,0,0,0,0,0,0,0,0,0,0,0,0,0,0,0,0,0,0
5865267722,business intelligence analyst,Trainee Data Analyst No experience needed,IT Online Learning,UK,UK,,,IT Jobs,65000.0,65000.0,,,2026-09-01 21:40:14+00:00,2026-09-20 00:55:59.308159+00:00,2026-09-01,65000.0,1,65000.0,Data Analyst,Junior,UK,0,0,0,0,0,0,0,0,0,0,0,0,0,0,0,0,0,0,0,0,0,0
5865265484,business intelligence analyst,Data Analyst Placement Programme No Experience Needed,IT Online Learning,"Birmingham, West Midlands",UK > West Midlands > Birmingham,52.483002,-1.89359,IT Jobs,65000.0,65000.0,,,2026-09-01 21:39:03+00:00,2026-09-20 00:55:59.308159+00:00,2026-09-01,65000.0,1,65000.0,Data Analyst,Mid / Unspecified,West Midlands,0,0,0,0,0,0,0,0,0,0,0,0,0,0,0,0,0,0,0,0,0,0
5865265477,business intelligence analyst,Data Analyst Placement Programme No Experience Needed,IT Online Learning,"Cardiff, Cardiff County",UK > Wales > Cardiff County > Cardiff,51.4813,-3.1805,IT Jobs,65000.0,65000.0,,,2026-09-01 21:39:02+00:00,2026-09-20 00:55:59.308159+00:00,2026-09-01,65000.0,1,65000.0,Data Analyst,Mid / Unspecified,Wales,0,0,0,0,0,0,0,0,0,0,0,0,0,0,0,0,0,0,0,0,0,0
5865265463,business intelligence analyst,Data Analyst Placement Programme No Experience Needed,IT Online Learning,"North London, London",UK > London > North London,51.586237,-0.123313,IT Jobs,65000.0,65000.0,,,2026-09-01 21:39:02+00:00,2026-09-20 00:55:59.308159+00:00,2026-09-01,65000.0,1,65000.0,Data Analyst,Mid / Unspecified,London,0,0,0,0,0,0,0,0,0,0,0,0,0,0,0,0,0,0,0,0,0,0
5865190461,business intelligence analyst,Data Analyst Placement Programme,Ad Warrior Ltd,"Belgrave, Leicester",UK > East Midlands > Leicestershire > Leicester > Belgrave,52.633577,-1.13299,IT Jobs,30000.0,80000.0,,,2026-09-01 20:00:07+00:00,2026-09-20 00:55:59.308159+00:00,2026-09-01,55000.0,1,55000.0,Data Analyst,Mid / Unspecified,East Midlands,0,0,0,0,0,0,0,0,0,0,0,0,0,0,0,0,0,0,0,0,0,0
5865190460,business intelligence analyst,Data Analyst Placement Programme,Ad Warrior Ltd,"Caversham, Reading",UK > South East England > Berkshire > Reading > Caversham,51.456915,-0.969761,IT Jobs,30000.0,80000.0,,,2026-09-01 20:00:07+00:00,2026-09-20 00:55:59.308159+00:00,2026-09-01,55000.0,1,55000.0,Data Analyst,Mid / Unspecified,South East England,0,0,0,0,0,0,0,0,0,0,0,0,0,0,0,0,0,0,0,0,0,0
5865190456,business intelligence analyst,Data Analyst Placement Programme,Ad Warrior Ltd,"Hackney, East London",UK > London > East London > Hackney,51.5439,-0.066098,IT Jobs,30000.0,80000.0,,,2026-09-01 20:00:06+00:00,2026-09-20 00:55:59.308159+00:00,2026-09-01,55000.0,1,55000.0,Data Analyst,Mid / Unspecified,London,0,0,0,0,0,0,0,0,0,0,0,0,0,0,0,0,0,0,0,0,0,0
5865190431,business intelligence analyst,Trainee Data Analyst,Ad Warrior Ltd,"Birmingham, West Midlands",UK > West Midlands > Birmingham,,,IT Jobs,35000.0,80000.0,,,2026-09-01 20:00:06+00:00,2026-09-20 00:55:59.308159+00:00,2026-09-01,57500.0,1,57500.0,Data Analyst,Junior,West Midlands,0,0,0,0,0,0,0,0,0,0,0,0,0,0,0,0,0,0,0,0,0,0
5865190433,business intelligence analyst,Trainee Data Analyst,Ad Warrior Ltd,"Sneinton, Nottingham",UK > East Midlands > Nottinghamshire > Nottingham > Sneinton,52.948059,-1.144547,IT Jobs,35000.0,80000.0,,,2026-09-01 20:00:06+00:00,2026-09-20 00:55:59.308159+00:00,2026-09-01,57500.0,1,57500.0,Data Analyst,Junior,East Midlands,0,0,0,0,0,0,0,0,0,0,0,0,0,0,0,0,0,0,0,0,0,0
5865190429,business intelligence analyst,Trainee Data Analyst,Ad Warrior Ltd,"Manchester, Greater Manchester",UK > North West England > Greater Manchester > Manchester,53.480701,-2.23438,IT Jobs,35000.0,80000.0,,,2026-09-01 20:00:06+00:00,2026-09-20 00:55:59.308159+00:00,2026-09-01,57500.0,1,57500.0,Data Analyst,Junior,North West England,0,0,0,0,0,0,0,0,0,0,0,0,0,0,0,0,0,0,0,0,0,0
5865190430,business intelligence analyst,Business Analyst Placement Programme,Ad Warrior Ltd,"Newham, East London",UK > London > East London > Newham,51.526798,0.025682,IT Jobs,28000.0,80000.0,,,2026-09-01 20:00:06+00:00,2026-09-20 00:55:59.308159+00:00,2026-09-01,54000.0,1,54000.0,Other Analytics,Mid / Unspecified,London,0,0,0,0,0,0,0,0,0,0,0,0,0,0,0,0,0,0,0,0,0,0
5865190432,business intelligence analyst,Business Analyst Placement Programme,Ad Warrior Ltd,"Coventry, West Midlands",UK > West Midlands > Coventry,52.4058,-1.51266,IT Jobs,28000.0,80000.0,,,2026-09-01 20:00:06+00:00,2026-09-20 00:55:59.308159+00:00,2026-09-01,54000.0,1,54000.0,Other Analytics,Mid / Unspecified,West Midlands,0,0,0,0,0,0,0,0,0,0,0,0,0,0,0,0,0,0,0,0,0,0
5865190459,business intelligence analyst,Data Analyst Placement Programme,Ad Warrior Ltd,"Manchester, Greater Manchester",UK > North West England > Greater Manchester > Manchester,53.480701,-2.23438,IT Jobs,30000.0,80000.0,,,2026-09-01 20:00:06+00:00,2026-09-20 00:55:59.308159+00:00,2026-09-01,55000.0,1,55000.0,Data Analyst,Mid / Unspecified,North West England,0,0,0,0,0,0,0,0,0,0,0,0,0,0,0,0,0,0,0,0,0,0
5865190435,business intelligence analyst,Business Analyst Placement Programme,Ad Warrior Ltd,"Manchester, Greater Manchester",UK > North West England > Greater Manchester > Manchester,53.480701,-2.23438,IT Jobs,28000.0,80000.0,,,2026-09-01 20:00:06+00:00,2026-09-20 00:55:59.308159+00:00,2026-09-01,54000.0,1,54000.0,Other Analytics,Mid / Unspecified,North West England,0,0,0,0,0,0,0,0,0,0,0,0,0,0,0,0,0,0,0,0,0,0
5865190428,business intelligence analyst,Trainee Data Analyst,Ad Warrior Ltd,"Hackney, East London",UK > London > East London > Hackney,51.5439,-0.066098,IT Jobs,35000.0,80000.0,,,2026-09-01 20:00:06+00:00,2026-09-20 00:55:59.308159+00:00,2026-09-01,57500.0,1,57500.0,Data Analyst,Junior,London,0,0,0,0,0,0,0,0,0,0,0,0,0,0,0,0,0,0,0,0,0,0
5864598448,business intelligence analyst,Trainee Business Analyst,Ad Warrior Ltd,"Belgrave, Leicester",UK > East Midlands > Leicestershire > Leicester > Belgrave,52.633577,-1.13299,IT Jobs,28000.0,80000.0,,,2026-09-01 13:58:57+00:00,2026-09-20 00:55:59.308159+00:00,2026-09-01,54000.0,1,54000.0,Other Analytics,Junior,East Midlands,0,0,0,0,0,0,0,0,0,0,0,0,0,0,0,0,0,0,0,0,0,0
5864598451,business intelligence analyst,Trainee Business Analyst,Ad Warrior Ltd,"East Ham, East London",UK > London > East London > East Ham,51.532761,0.055219,IT Jobs,28000.0,80000.0,,,2026-09-01 13:58:57+00:00,2026-09-20 00:55:59.308159+00:00,2026-09-01,54000.0,1,54000.0,Other Analytics,Junior,London,0,0,0,0,0,0,0,0,0,0,0,0,0,0,0,0,0,0,0,0,0,0
5864598450,business intelligence analyst,Trainee Business Analyst,Ad Warrior Ltd,"Low Hill, Liverpool",UK > North West England > Merseyside > Liverpool > Low Hill,53.40715,-2.991803,IT Jobs,28000.0,80000.0,,,2026-09-01 13:58:57+00:00,2026-09-20 00:55:59.308159+00:00,2026-09-01,54000.0,1,54000.0,Other Analytics,Junior,North West England,0,0,0,0,0,0,0,0,0,0,0,0,0,0,0,0,0,0,0,0,0,0
5863110331,business intelligence analyst,Commercial Operations Lead,VANRATH,"Belfast, Northern Ireland",UK > Northern Ireland > Belfast,,,Sales Jobs,45000.0,45000.0,permanent,full_time,2026-08-31 20:24:36+00:00,2026-09-20 00:55:59.308159+00:00,2026-08-31,45000.0,1,45000.0,Other,Senior,Northern Ireland,0,0,0,0,0,0,0,0,0,0,0,0,0,0,0,0,0,0,0,0,0,0
5859822727,business intelligence analyst,International Sales and Market Analyst,Elix Sourcing Solutions,"Bristol, South West England",UK > South West England > Bristol,,,Sales Jobs,26000.0,28000.0,contract,full_time,2026-08-28 16:42:57+00:00,2026-09-20 00:55:59.308159+00:00,2026-08-28,27000.0,1,27000.0,Other Analytics,Mid / Unspecified,South West England,0,0,0,0,0,0,0,0,0,0,0,0,0,0,0,0,0,0,0,0,0,0
5858374336,business intelligence analyst,Business Analyst - Security & Intelligence,Envitia,"London, UK",UK > London,51.503378,-0.139134,IT Jobs,50959.04,50959.04,,full_time,2026-08-27 16:26:36+00:00,2026-09-20 00:55:59.308159+00:00,2026-08-27,50959.04,1,50959.04,Other Analytics,Mid / Unspecified,London,0,0,0,0,0,0,0,0,0,0,0,0,0,0,0,0,0,0,0,0,0,0
5857901116,business intelligence analyst,Data Analyst,Reed Technology,"Birmingham, West Midlands",UK > West Midlands > Birmingham,52.483002,-1.89359,IT Jobs,45000.0,45000.0,contract,,2026-08-27 05:37:45+00:00,2026-09-20 00:55:59.308159+00:00,2026-08-27,45000.0,1,45000.0,Data Analyst,Mid / Unspecified,West Midlands,0,0,0,0,0,0,0,0,0,0,0,0,0,0,0,0,0,0,0,0,0,0
5857213376,business intelligence analyst,Finance Director,SF Partners,"Balsall Heath, Birmingham",UK > West Midlands > Birmingham > Balsall Heath,52.460083,-1.902086,Accounting & Finance Jobs,100000.0,120000.0,,full_time,2026-08-26 19:27:54+00:00,2026-09-20 00:55:59.308159+00:00,2026-08-26,110000.0,1,110000.0,Other,Mid / Unspecified,West Midlands,0,0,0,0,0,0,0,0,0,0,0,0,0,0,0,0,0,0,0,0,0,0
5856892687,business intelligence analyst,Data Analyst,Reed Technology,"Balsall Heath, Birmingham",UK > West Midlands > Birmingham > Balsall Heath,52.460083,-1.902086,IT Jobs,35000.0,45000.0,contract,full_time,2026-08-26 15:24:05+00:00,2026-09-20 00:55:59.308159+00:00,2026-08-26,40000.0,1,40000.0,Data Analyst,Mid / Unspecified,West Midlands,0,0,0,0,0,0,0,0,0,0,0,0,0,0,0,0,0,0,0,0,0,0
5855716764,business intelligence analyst,Data Analyst,Truespeed,"Bath, Bath & N E Somerset",UK > South West England > Bath & N E Somerset > Bath,51.3811,-2.35862,IT Jobs,35000.0,35000.0,permanent,full_time,2026-08-25 21:39:08+00:00,2026-09-20 00:55:59.308159+00:00,2026-08-25,35000.0,1,35000.0,Data Analyst,Mid / Unspecified,South West England,0,0,0,0,0,0,0,0,0,0,0,0,0,0,0,0,0,0,0,0,0,0
5855604687,business intelligence analyst,Data Analyst,Truespeed,"Stoney Stratton, Shepton Mallet",UK > South West England > Somerset > Shepton Mallet > Stoney Stratton,51.164963,-2.503787,IT Jobs,35000.0,40000.0,permanent,full_time,2026-08-25 17:34:34+00:00,2026-09-20 00:55:59.308159+00:00,2026-08-25,37500.0,1,37500.0,Data Analyst,Mid / Unspecified,South West England,0,0,0,0,0,0,0,0,0,0,0,0,0,0,0,0,0,0,0,0,0,0
5854366209,business intelligence analyst,Data Analyst,Reed Technology,"Dickens Heath, Shirley",UK > West Midlands > Solihull > Shirley > Dickens Heath,52.4006,-1.825874,IT Jobs,37440.0,47840.0,contract,,2026-08-24 13:12:54+00:00,2026-09-20 00:55:59.308159+00:00,2026-08-24,42640.0,1,42640.0,Data Analyst,Mid / Unspecified,West Midlands,0,0,0,0,0,0,0,0,0,0,0,0,0,0,0,0,0,0,0,0,0,0
5852580550,business intelligence analyst,Energy Analytics Engineer,Veolia,UK,UK,,,IT Jobs,40000.0,40000.0,,full_time,2026-08-22 16:21:37+00:00,2026-09-20 00:55:59.308159+00:00,2026-08-22,40000.0,1,40000.0,Other Analytics,Mid / Unspecified,UK,0,0,0,0,0,0,0,0,0,0,0,0,0,0,0,0,0,0,0,0,0,0
5846665471,business intelligence analyst,"Data Analyst Training Course (Excel, SQL & Power BI)",Netcom Training,"Heeley, Sheffield",UK > Yorkshire And The Humber > South Yorkshire > Sheffield > Heeley,53.353128,-1.470141,IT Jobs,33378.09,33378.09,,part_time,2026-08-18 12:41:35+00:00,2026-09-20 00:55:59.308159+00:00,2026-08-18,33378.09,1,33378.09,BI Analyst,Mid / Unspecified,Yorkshire And The Humber,1,0,0,1,0,1,0,0,0,0,0,0,0,0,0,0,0,0,0,0,0,3
5845658880,business intelligence analyst,Senior Business Intelligence Analyst,Here,"Preston, Brighton",UK > South East England > East Sussex > Brighton > Preston,50.838378,-0.148293,IT Jobs,45764.46,45764.46,,,2026-08-18 00:13:18+00:00,2026-09-20 00:55:59.308159+00:00,2026-08-18,45764.46,1,45764.46,BI Analyst,Senior,South East England,0,0,0,0,0,0,0,0,0,0,0,0,0,0,0,0,0,0,0,0,0,0
5845423754,business intelligence analyst,BI Developer,Hireful,"Gillingham, Kent",UK > South East England > Kent > Gillingham,51.386501,0.544338,IT Jobs,35000.0,35000.0,,,2026-08-17 21:25:00+00:00,2026-09-20 00:55:59.308159+00:00,2026-08-17,35000.0,1,35000.0,BI Analyst,Mid / Unspecified,South East England,1,0,0,0,0,0,0,0,0,0,0,0,0,0,0,0,0,0,0,0,0,1
5841942332,business intelligence analyst,"Engineering Manager - Data and Analytics, Network Flow and Technologies",Amazon,"London, UK",UK > London,,,IT Jobs,72939.38,72939.38,,full_time,2026-08-14 16:29:13+00:00,2026-09-20 00:55:59.308159+00:00,2026-08-14,72939.38,1,72939.38,Other Analytics,Senior,London,0,0,0,0,0,0,0,0,0,0,0,0,0,0,0,0,0,0,0,0,0,0
5838730541,business intelligence analyst,Business Analyst - Security & Intelligence,Hackajob Ltd,"Cheltenham, Gloucestershire",UK > South West England > Gloucestershire > Cheltenham,51.897999,-2.07131,IT Jobs,47893.14,47893.14,,,2026-08-12 21:21:39+00:00,2026-09-20 00:55:59.308159+00:00,2026-08-12,47893.14,1,47893.14,Other Analytics,Mid / Unspecified,South West England,0,0,0,0,0,0,0,0,0,0,0,0,0,0,0,0,0,0,0,0,0,0
5830786614,business intelligence analyst,Project Manager (eFront),Alpha Financial Markets,UK,UK,,,IT Jobs,47790.17,47790.17,contract,,2026-08-06 17:49:22+00:00,2026-09-20 00:55:59.308159+00:00,2026-08-06,47790.17,1,47790.17,Other,Senior,UK,0,0,0,0,0,0,0,0,0,0,0,0,0,0,0,0,0,0,0,0,0,0
5816506157,business intelligence analyst,Senior Analyst Business Intelligence - 3PL Order Management and Finance Operations,Cencora,UK,UK,,,IT Jobs,70882.54,70882.54,,full_time,2026-07-26 12:32:17+00:00,2026-09-20 00:55:59.308159+00:00,2026-07-26,70882.54,1,70882.54,BI Analyst,Senior,UK,0,0,0,0,0,0,0,0,0,0,0,0,0,0,0,0,0,0,0,0,0,0
5816502339,business intelligence analyst,Senior Analyst Business Intelligence — 3PL Services Warehouse Operations,Cencora,"London, UK",UK > London,,,IT Jobs,75450.04,75450.04,,full_time,2026-07-26 12:24:30+00:00,2026-09-20 00:55:59.308159+00:00,2026-07-26,75450.04,1,75450.04,BI Analyst,Senior,London,0,0,0,0,0,0,0,0,0,0,0,0,0,0,0,0,0,0,0,0,0,0
5814771693,business intelligence analyst,BI Analyst,iProov,"London, UK",UK > London,51.503378,-0.139134,IT Jobs,50344.99,50344.99,,,2026-07-25 02:36:25+00:00,2026-09-20 00:55:59.308159+00:00,2026-07-25,50344.99,1,50344.99,BI Analyst,Mid / Unspecified,London,0,0,0,0,0,0,0,0,0,0,0,0,0,0,0,0,0,0,0,0,0,0
5813653505,business intelligence analyst,Delegate Relations & Sales Executive Investment Week,Incisive Media,"Covent Garden, Central London",UK > London > Central London > Covent Garden,51.515431,-0.122797,Sales Jobs,46988.58,46988.58,,full_time,2026-07-24 10:43:43+00:00,2026-09-20 00:55:59.308159+00:00,2026-07-24,46988.58,1,46988.58,Other,Mid / Unspecified,London,0,0,0,0,0,0,0,0,0,0,0,0,0,0,0,0,0,0,0,0,0,0
5812625608,business intelligence analyst,Business Analyst - Security & Intelligence,Envitia,"Cheltenham, Gloucestershire",UK > South West England > Gloucestershire > Cheltenham,51.897999,-2.07131,IT Jobs,47314.59,47314.59,,,2026-07-23 20:46:37+00:00,2026-09-20 00:55:59.308159+00:00,2026-07-23,47314.59,1,47314.59,Other Analytics,Mid / Unspecified,South West England,0,0,0,0,0,0,0,0,0,0,0,0,0,0,0,0,0,0,0,0,0,0
5812202949,business intelligence analyst,Head of Performance Partners,Convergence Group,"Blythe Valley Park, Shirley",UK > West Midlands > Solihull > Shirley > Blythe Valley Park,52.400452,-1.806095,Consultancy Jobs,80000.0,95000.0,permanent,full_time,2026-07-23 11:31:13+00:00,2026-09-20 00:55:59.308159+00:00,2026-07-23,87500.0,1,87500.0,Other,Senior,West Midlands,0,0,0,0,0,0,0,0,0,0,0,0,0,0,0,0,0,0,0,0,0,0
5810688125,business intelligence analyst,UK Business Intelligence Analyst- Travel & Expense,PredictX,"Victoria, South West London",UK > London > South West London > Victoria,51.495899,-0.144582,IT Jobs,50114.77,50114.77,,full_time,2026-07-22 10:44:25+00:00,2026-09-20 00:55:59.308159+00:00,2026-07-22,50114.77,1,50114.77,BI Analyst,Mid / Unspecified,London,0,0,0,0,0,0,0,0,0,0,0,0,0,0,0,0,0,0,0,0,0,0
5801190165,business intelligence analyst,UK_Head of Market Access & Business Intelligence,Celltrion Group,UK,UK,,,Healthcare & Nursing Jobs,72071.66,72071.66,,full_time,2026-07-15 13:50:58+00:00,2026-09-20 00:55:59.308159+00:00,2026-07-15,72071.66,1,72071.66,BI Analyst,Senior,UK,0,0,0,0,0,0,0,0,0,0,0,0,0,0,0,0,0,0,0,0,0,0
5794840082,business intelligence analyst,Data Insights & Business Intelligence Analyst,Alexander Mae  Ltd,"Bristol, South West England",UK > South West England > Bristol,,,IT Jobs,28000.0,28000.0,,,2026-07-10 00:35:19+00:00,2026-09-20 00:55:59.308159+00:00,2026-07-10,28000.0,1,28000.0,BI Analyst,Mid / Unspecified,South West England,0,0,0,0,0,0,0,0,0,0,0,0,0,0,0,0,0,0,0,0,0,0
5780349070,business intelligence analyst,Business Intelligence Analyst,BioPhorum,"London, UK",UK > London,51.503378,-0.139134,IT Jobs,54559.51,54559.51,,full_time,2026-06-28 16:37:51+00:00,2026-09-20 00:55:59.308159+00:00,2026-06-28,54559.51,1,54559.51,BI Analyst,Mid / Unspecified,London,0,0,0,0,0,0,0,0,0,0,0,0,0,0,0,0,0,0,0,0,0,0
5767376493,business intelligence analyst,"Engineering Manager - Data and Analytics, Network Flow and Technologies",Amazon,"London, UK",UK > London,51.503378,-0.139134,IT Jobs,70360.58,70360.58,,,2026-06-18 01:52:23+00:00,2026-09-20 00:55:59.308159+00:00,2026-06-18,70360.58,1,70360.58,Other Analytics,Senior,London,0,0,0,0,0,0,0,0,0,0,0,0,0,0,0,0,0,0,0,0,0,0
5761909402,business intelligence analyst,Sr Business Intelligence Analyst - Commercial Finance Automation,Palo Alto Networks,"London, UK",UK > London,51.503378,-0.139134,IT Jobs,60837.44,60837.44,,full_time,2026-06-13 02:40:20+00:00,2026-09-20 00:55:59.308159+00:00,2026-06-13,60837.44,1,60837.44,BI Analyst,Mid / Unspecified,London,0,0,0,0,0,0,0,0,0,0,0,0,0,0,0,0,0,0,0,0,0,0
5663621960,business intelligence analyst,Marketing Analytics & Business Intelligence Analyst,Peak 21,"London, UK",UK > London,51.503378,-0.139134,"PR, Advertising & Marketing Jobs",55676.68,55676.68,,,2026-03-13 16:01:33+00:00,2026-09-20 00:55:59.308159+00:00,2026-03-13,55676.68,1,55676.68,BI Analyst,Mid / Unspecified,London,0,0,0,0,0,0,0,0,0,0,0,0,0,0,0,0,0,0,0,0,0,0
5592242417,business intelligence analyst,"Forward Deployed Product Manager, Enterprise",Scale AI,"London, UK",UK > London,51.503378,-0.139134,IT Jobs,62461.4,62461.4,,,2026-01-20 09:47:56+00:00,2026-09-20 00:55:59.308159+00:00,2026-01-20,62461.4,1,62461.4,Other,Senior,London,0,0,0,0,0,0,0,0,0,0,0,0,0,0,0,0,0,0,0,0,0,0
4802504178,business intelligence analyst,Business Intelligence Lead,Gopuff EU,"Spitalfields, East London",UK > London > East London > Spitalfields,51.524127,-0.076224,IT Jobs,67536.3,67536.3,,full_time,2024-07-31 15:02:37+00:00,2026-09-20 00:55:59.308159+00:00,2024-07-31,67536.3,1,67536.3,BI Analyst,Senior,London,0,0,0,0,0,0,0,0,0,0,0,0,0,0,0,0,0,0,0,0,0,0
5890530872,BI analyst,BI Business Analyst – Revenue Reporting,LearnPro Group,"Davidsons Mains, Edinburgh",UK > Scotland > Edinburgh > Davidsons Mains,55.971489,-3.284231,Accounting & Finance Jobs,30000.0,30000.0,contract,full_time,2026-09-19 11:53:12+00:00,2026-09-20 00:55:59.308159+00:00,2026-09-19,30000.0,1,30000.0,BI Analyst,Mid / Unspecified,Scotland,0,0,0,1,1,1,1,0,0,0,0,0,0,0,0,0,0,0,0,0,0,4
5889704954,BI analyst,BI Developer - Power BI | SQL | Microsoft Fabric,MSA Data Analytics Ltd,"Redditch, Worcestershire",UK > West Midlands > Worcestershire > Redditch,,,IT Jobs,38000.0,48000.0,contract,full_time,2026-09-18 19:33:50+00:00,2026-09-20 00:55:59.308159+00:00,2026-09-18,43000.0,1,43000.0,BI Analyst,Mid / Unspecified,West Midlands,1,0,0,1,0,0,0,0,0,0,0,0,0,0,0,0,0,0,0,0,0,2
5889479740,BI analyst,Bi/GCP Analyst,Sphere Digital Recruitment,"London, UK",UK > London,,,IT Jobs,84500.0,94900.0,contract,part_time,2026-09-18 16:39:14+00:00,2026-09-20 00:55:59.308159+00:00,2026-09-18,89700.0,1,89700.0,BI Analyst,Mid / Unspecified,London,0,0,0,0,0,0,0,0,0,1,0,0,0,0,0,0,0,0,0,0,0,1
5889022631,BI analyst,Advanced Workforce BI Analyst,University Hospital Southampton NHS Foundation Trust,"Rownhams, Southampton",UK > South East England > Hampshire > Southampton > Rownhams,50.933022,-1.435104,IT Jobs,14560.0,14560.0,contract,full_time,2026-09-18 10:49:17+00:00,2026-09-20 00:55:59.308159+00:00,2026-09-18,14560.0,1,14560.0,BI Analyst,Mid / Unspecified,South East England,0,0,0,0,0,0,0,0,0,0,0,0,0,0,0,0,0,0,0,0,0,0
5887689857,BI analyst,Reporting Analyst,Macildowie Recruitment and Retention,"Derby, Derbyshire",UK > East Midlands > Derbyshire > Derby,52.921902,-1.47564,IT Jobs,35000.0,40000.0,,full_time,2026-09-17 13:27:55+00:00,2026-09-20 00:55:59.308159+00:00,2026-09-17,37500.0,1,37500.0,Reporting Analyst,Mid / Unspecified,East Midlands,0,0,0,1,0,0,0,0,0,0,0,0,0,0,0,0,0,0,0,0,0,1
5886974014,BI analyst,Graduate Data Analyst,Consula Group LTD,"Shropshire, West Midlands",UK > West Midlands > Shropshire,52.685086,-2.738525,Graduate Jobs,32500.0,35500.0,permanent,full_time,2026-09-17 02:21:10+00:00,2026-09-20 00:55:59.308159+00:00,2026-09-17,34000.0,1,34000.0,Data Analyst,Junior,West Midlands,0,0,0,0,0,0,0,0,0,0,0,0,0,0,0,0,0,0,0,0,0,0
5886556100,BI analyst,Senior Data Analyst,Ada Meher,"Farringdon, Central London",UK > London > Central London > Farringdon,51.523772,-0.103815,IT Jobs,55000.0,60000.0,,full_time,2026-09-16 18:54:58+00:00,2026-09-20 00:55:59.308159+00:00,2026-09-16,57500.0,1,57500.0,Data Analyst,Senior,London,1,1,0,0,1,0,0,0,0,0,1,0,0,1,0,0,0,0,0,0,0,5
5885146764,BI analyst,BI Analyst -(Fixed Term 9 Months),Almac Group,"Craigavon, Northern Ireland",UK > Northern Ireland > Craigavon,54.448101,-6.38758,IT Jobs,45060.62,45060.62,contract,full_time,2026-09-15 21:58:56+00:00,2026-09-20 00:55:59.308159+00:00,2026-09-15,45060.62,1,45060.62,BI Analyst,Mid / Unspecified,Northern Ireland,0,0,0,1,0,0,0,0,0,0,0,0,0,0,0,0,0,0,0,0,0,1
5885073468,BI analyst,Mi Analyst,Reed,UK,UK,,,IT Jobs,86673.0,86673.0,contract,full_time,2026-09-15 20:55:36+00:00,2026-09-20 00:55:59.308159+00:00,2026-09-15,86673.0,1,86673.0,Other Analytics,Mid / Unspecified,UK,0,0,0,0,0,0,0,0,0,0,0,0,0,0,0,0,0,0,0,0,0,0
5885033522,BI analyst,BI Analyst -(Fixed Term 9 Months),Almac Group Ltd,"Craigavon, Northern Ireland",UK > Northern Ireland > Craigavon,54.448101,-6.38758,IT Jobs,40863.46,40863.46,contract,,2026-09-15 20:08:27+00:00,2026-09-20 00:55:59.308159+00:00,2026-09-15,40863.46,1,40863.46,BI Analyst,Mid / Unspecified,Northern Ireland,0,0,0,1,0,0,0,0,0,0,0,0,0,0,0,0,0,0,0,0,0,1
5884623746,BI analyst,Data & BI Developer,Proactive Appointments,"London, UK",UK > London,51.503378,-0.139134,IT Jobs,45000.0,54000.0,,full_time,2026-09-15 13:19:00+00:00,2026-09-20 00:55:59.308159+00:00,2026-09-15,49500.0,1,49500.0,BI Analyst,Mid / Unspecified,London,0,0,0,0,0,0,0,0,0,0,0,0,0,0,0,0,0,0,0,0,0,0
5884623744,BI analyst,BI Analyst,Robert Walters,"Birmingham, West Midlands",UK > West Midlands > Birmingham,52.483002,-1.89359,IT Jobs,57025.94,57025.94,contract,full_time,2026-09-15 13:19:00+00:00,2026-09-20 00:55:59.308159+00:00,2026-09-15,57025.94,1,57025.94,BI Analyst,Mid / Unspecified,West Midlands,1,0,0,1,0,0,0,0,0,0,0,0,0,0,0,0,0,0,0,0,0,2
5884163643,BI analyst,Graduate Data Analyst,Consula Group LTD,"London, UK",UK > London,,,Graduate Jobs,48000.0,52000.0,permanent,full_time,2026-09-15 02:45:53+00:00,2026-09-20 00:55:59.308159+00:00,2026-09-15,50000.0,1,50000.0,Data Analyst,Junior,London,0,0,0,0,0,0,0,0,0,0,0,0,0,0,0,0,0,0,0,0,0,0
5883907745,BI analyst,Data Analyst,Anson Mccade,"Central London, London",UK > London > Central London,51.51985,-0.11126,IT Jobs,64481.09,64481.09,permanent,,2026-09-14 21:54:10+00:00,2026-09-20 00:55:59.308159+00:00,2026-09-14,64481.09,1,64481.09,Data Analyst,Mid / Unspecified,London,0,0,0,0,0,0,0,0,0,0,0,0,0,0,0,0,0,0,0,0,0,0
5883899305,BI analyst,Business Systems Support,Xist4 IT,"Bristol, South West England",UK > South West England > Bristol,,,IT Jobs,55000.0,55000.0,,,2026-09-14 21:48:21+00:00,2026-09-20 00:55:59.308159+00:00,2026-09-14,55000.0,1,55000.0,Other,Mid / Unspecified,South West England,0,0,0,1,0,0,0,0,0,0,0,0,0,0,0,0,0,0,0,0,0,1
5883752290,BI analyst,Lead BI Analyst,Harnham - Data & Analytics Recruitment,"Manchester, Greater Manchester",UK > North West England > Greater Manchester > Manchester,,,IT Jobs,70000.0,90000.0,,full_time,2026-09-14 17:08:57+00:00,2026-09-20 00:55:59.308159+00:00,2026-09-14,80000.0,1,80000.0,BI Analyst,Senior,North West England,1,0,0,0,0,0,0,0,0,0,0,0,0,0,0,0,0,0,0,0,0,1
5883638987,BI analyst,Graduate Data Analyst,Consula Group LTD,"Manchester, Greater Manchester",UK > North West England > Greater Manchester > Manchester,,,Graduate Jobs,48000.0,52000.0,permanent,full_time,2026-09-14 14:45:33+00:00,2026-09-20 00:55:59.308159+00:00,2026-09-14,50000.0,1,50000.0,Data Analyst,Junior,North West England,0,0,0,0,0,0,0,0,0,0,0,0,0,0,0,0,0,0,0,0,0,0
5883638890,BI analyst,Graduate Data Analyst,Consula Group LTD,"Newcastle Upon Tyne, Tyne & Wear",UK > North East England > Tyne & Wear > Newcastle Upon Tyne,,,Graduate Jobs,48000.0,52000.0,permanent,full_time,2026-09-14 14:45:32+00:00,2026-09-20 00:55:59.308159+00:00,2026-09-14,50000.0,1,50000.0,Data Analyst,Junior,North East England,0,0,0,0,0,0,0,0,0,0,0,0,0,0,0,0,0,0,0,0,0,0
5883638868,BI analyst,Graduate Data Analyst,Consula Group LTD,"Birmingham, West Midlands",UK > West Midlands > Birmingham,52.483002,-1.89359,Graduate Jobs,48000.0,52000.0,permanent,full_time,2026-09-14 14:45:32+00:00,2026-09-20 00:55:59.308159+00:00,2026-09-14,50000.0,1,50000.0,Data Analyst,Junior,West Midlands,0,0,0,0,0,0,0,0,0,0,0,0,0,0,0,0,0,0,0,0,0,0
5883638821,BI analyst,Graduate Data Analyst,Consula Group LTD,"Glasgow City Centre, Glasgow",UK > Scotland > Glasgow > Glasgow City Centre,,,Graduate Jobs,45000.0,45000.0,permanent,full_time,2026-09-14 14:45:31+00:00,2026-09-20 00:55:59.308159+00:00,2026-09-14,45000.0,1,45000.0,Data Analyst,Junior,Scotland,0,0,0,0,0,0,0,0,0,0,0,0,0,0,0,0,0,0,0,0,0,0
5883633787,BI analyst,Data Analyst,Anson Mccade,"London, UK",UK > London,51.503378,-0.139134,IT Jobs,65875.25,65875.25,permanent,full_time,2026-09-14 14:26:10+00:00,2026-09-20 00:55:59.308159+00:00,2026-09-14,65875.25,1,65875.25,Data Analyst,Mid / Unspecified,London,0,0,0,0,0,0,0,0,0,0,0,0,0,0,0,0,0,0,0,0,0,0
5881127576,BI analyst,Data Engineer,BaptistCare,UK,UK,,,IT Jobs,62638.09,62638.09,permanent,full_time,2026-09-12 16:51:00+00:00,2026-09-20 00:55:59.308159+00:00,2026-09-12,62638.09,1,62638.09,Other,Mid / Unspecified,UK,0,0,0,0,0,0,0,0,0,0,0,0,0,0,0,0,0,0,0,0,0,0
5881071264,BI analyst,Learner Analytics Product Manager,SThree UK,"London, UK",UK > London,51.503378,-0.139134,IT Jobs,0.0,130000.0,contract,full_time,2026-09-12 15:56:20+00:00,2026-09-20 00:55:59.308159+00:00,2026-09-12,65000.0,1,65000.0,Other Analytics,Senior,London,0,0,0,0,0,0,0,0,0,0,0,0,0,0,0,0,0,0,0,0,0,0
5880956857,BI analyst,Learner Analytics Product Manager,Real,"Farringdon, Central London",UK > London > Central London > Farringdon,51.523772,-0.103815,IT Jobs,130000.0,130000.0,contract,,2026-09-12 12:52:58+00:00,2026-09-20 00:55:59.308159+00:00,2026-09-12,130000.0,1,130000.0,Other Analytics,Senior,London,0,0,0,0,0,0,0,0,0,0,0,0,0,0,0,0,0,0,0,0,0,0
5879889091,BI analyst,Head of Data and Analytics,Mace,"London, UK",UK > London,,,IT Jobs,78403.64,78403.64,,full_time,2026-09-11 16:48:39+00:00,2026-09-20 00:55:59.308159+00:00,2026-09-11,78403.64,1,78403.64,Other Analytics,Senior,London,0,0,0,0,0,0,0,0,0,0,0,0,0,0,0,0,0,0,0,0,0,0
5879821989,BI analyst,Data Analyst,Moxie People,"Cwmoody, Pontypool",UK > Wales > Torfaen > Pontypool > Cwmoody,51.718431,-2.997468,IT Jobs,0.0,39079.0,contract,full_time,2026-09-11 15:49:42+00:00,2026-09-20 00:55:59.308159+00:00,2026-09-11,19539.5,1,19539.5,Data Analyst,Mid / Unspecified,Wales,0,0,0,1,0,0,0,0,0,0,0,0,0,0,0,0,0,0,0,0,0,1
5879692300,BI analyst,Junior Product Manager,Ripple Recruitment Ltd,"Wokingham, Berkshire",UK > South East England > Berkshire > Wokingham,51.410999,-0.834926,IT Jobs,34000.0,34000.0,contract,full_time,2026-09-11 12:55:00+00:00,2026-09-20 00:55:59.308159+00:00,2026-09-11,34000.0,1,34000.0,Other,Junior,South East England,0,0,0,0,0,0,0,0,0,0,0,0,0,0,0,0,0,0,0,0,0,0
5878871185,BI analyst,Data Analyst,Anson Mccade,"South West London, London",UK > London > South West London,51.448229,-0.195605,IT Jobs,60000.0,60000.0,,,2026-09-10 21:45:34+00:00,2026-09-20 00:55:59.308159+00:00,2026-09-10,60000.0,1,60000.0,Data Analyst,Mid / Unspecified,London,0,0,0,0,0,0,0,0,0,0,0,0,0,0,0,0,0,0,0,0,0,0
5878831956,BI analyst,Finance System Reporting Analyst / BI Developer (Tableau),Michael Page Technology,"Birmingham, West Midlands",UK > West Midlands > Birmingham,52.483002,-1.89359,IT Jobs,40000.0,50000.0,contract,full_time,2026-09-10 20:48:31+00:00,2026-09-20 00:55:59.308159+00:00,2026-09-10,45000.0,1,45000.0,BI Analyst,Mid / Unspecified,West Midlands,0,0,0,0,1,0,0,0,0,0,0,0,0,0,0,0,0,0,0,0,0,1
5878831886,BI analyst,Power BI Data Analyst,Harnham - Data & Analytics Recruitment,"Leicester, Leicestershire",UK > East Midlands > Leicestershire > Leicester,52.6348,-1.12952,IT Jobs,91000.0,104000.0,contract,full_time,2026-09-10 20:48:30+00:00,2026-09-20 00:55:59.308159+00:00,2026-09-10,97500.0,1,97500.0,BI Analyst,Mid / Unspecified,East Midlands,0,0,0,1,0,0,0,0,0,0,0,0,0,0,0,0,0,0,0,0,0,1
5878802595,BI analyst,Finance System Reporting Analyst / BI Developer (Tableau),Michael Page,"Balsall Heath, Birmingham",UK > West Midlands > Birmingham > Balsall Heath,52.460083,-1.902086,IT Jobs,40000.0,50000.0,contract,,2026-09-10 18:47:26+00:00,2026-09-20 00:55:59.308159+00:00,2026-09-10,45000.0,1,45000.0,BI Analyst,Mid / Unspecified,West Midlands,0,0,0,0,1,0,0,0,0,0,0,0,0,0,0,0,0,0,0,0,0,1
5878632454,BI analyst,Senior Analytics Engineer,Perk,"London, UK",UK > London,51.503378,-0.139134,IT Jobs,71288.88,71288.88,,full_time,2026-09-10 16:45:02+00:00,2026-09-20 00:55:59.308159+00:00,2026-09-10,71288.88,1,71288.88,Other Analytics,Senior,London,0,0,0,0,0,0,0,0,0,0,0,0,0,0,0,0,0,0,0,0,0,0
5877618564,BI analyst,Business Analyst,Harnham - Data & Analytics Recruitment,"London, UK",UK > London,,,IT Jobs,130000.0,143000.0,contract,full_time,2026-09-09 23:36:01+00:00,2026-09-20 00:55:59.308159+00:00,2026-09-09,136500.0,1,136500.0,Other Analytics,Mid / Unspecified,London,1,0,0,0,0,0,0,0,0,0,0,0,0,0,0,0,0,0,0,0,0,1
5877618502,BI analyst,BI Analyst,Robert Walters,"Birmingham, West Midlands",UK > West Midlands > Birmingham,52.483002,-1.89359,IT Jobs,78000.0,104000.0,contract,full_time,2026-09-09 23:36:00+00:00,2026-09-20 00:55:59.308159+00:00,2026-09-09,91000.0,1,91000.0,BI Analyst,Mid / Unspecified,West Midlands,0,0,0,0,0,0,0,0,0,0,0,0,0,0,0,0,0,0,0,0,0,0
5877475768,BI analyst,BI Analyst,Harnham - Data & Analytics Recruitment,"London, UK",UK > London,,,IT Jobs,130000.0,143000.0,contract,full_time,2026-09-09 20:48:31+00:00,2026-09-20 00:55:59.308159+00:00,2026-09-09,136500.0,1,136500.0,BI Analyst,Mid / Unspecified,London,0,0,0,0,0,0,0,0,0,0,0,0,0,0,0,0,0,0,0,0,0,0
5877449133,BI analyst,Power BI/SQL Data Analyst,VANRATH,"Belfast, Northern Ireland",UK > Northern Ireland > Belfast,,,IT Jobs,40000.0,40000.0,,,2026-09-09 20:22:55+00:00,2026-09-20 00:55:59.308159+00:00,2026-09-09,40000.0,1,40000.0,BI Analyst,Mid / Unspecified,Northern Ireland,1,0,0,1,0,0,0,0,0,0,0,0,0,0,0,0,0,0,0,0,0,2
5877292519,BI analyst,Associate Director - People Advisory 3,Genpact,"London, UK",UK > London,,,HR & Recruitment Jobs,83382.84,83382.84,,full_time,2026-09-09 17:06:10+00:00,2026-09-20 00:55:59.308159+00:00,2026-09-09,83382.84,1,83382.84,Other,Mid / Unspecified,London,0,0,0,0,0,0,0,0,0,0,0,0,0,0,0,0,0,0,0,0,0,0
5877178556,BI analyst,Reporting Delivery Practice Lead Bank,SThree UK,"London, UK",UK > London,51.503378,-0.139134,Accounting & Finance Jobs,70000.0,130000.0,permanent,full_time,2026-09-09 15:45:58+00:00,2026-09-20 00:55:59.308159+00:00,2026-09-09,100000.0,1,100000.0,Reporting Analyst,Senior,London,0,0,0,0,0,0,0,0,0,0,0,0,0,0,0,0,0,0,0,0,0,0
5877178540,BI analyst,Reporting Delivery Practice Lead Bank,SThree UK,"The City, Central London",UK > London > Central London > The City,,,Accounting & Finance Jobs,70000.0,120000.0,permanent,full_time,2026-09-09 15:45:57+00:00,2026-09-20 00:55:59.308159+00:00,2026-09-09,95000.0,1,95000.0,Reporting Analyst,Senior,London,0,0,0,0,0,0,0,0,0,0,0,0,0,0,0,0,0,0,0,0,0,0
5876749263,BI analyst,Cloud FinOps Analyst,Manufacturing Recruitment Limited,"London, UK",UK > London,,,IT Jobs,60000.0,60000.0,permanent,,2026-09-09 07:41:46+00:00,2026-09-20 00:55:59.308159+00:00,2026-09-09,60000.0,1,60000.0,Other Analytics,Mid / Unspecified,London,0,0,0,0,0,0,0,0,1,0,1,0,0,0,0,0,0,0,0,0,0,2
5876442514,BI analyst,Interim Commercial Accountant / Finance Analyst – Power BI,Cherry Professional - Relationship Led Recruitment,"Rugby, Warwickshire",UK > West Midlands > Warwickshire > Rugby,52.373199,-1.26174,Accounting & Finance Jobs,39000.0,91000.0,,full_time,2026-09-09 02:31:32+00:00,2026-09-20 00:55:59.308159+00:00,2026-09-09,65000.0,1,65000.0,BI Analyst,Mid / Unspecified,West Midlands,0,0,0,1,0,0,0,0,0,0,0,0,0,0,0,0,0,0,0,0,0,1
5875799525,BI analyst,Junior Data Analyst,Nextech,"Milton Keynes, Buckinghamshire",UK > South East England > Buckinghamshire > Milton Keynes,52.042198,-0.7047,IT Jobs,26000.0,28000.0,,full_time,2026-09-08 18:16:55+00:00,2026-09-20 00:55:59.308159+00:00,2026-09-08,27000.0,1,27000.0,Data Analyst,Junior,South East England,1,0,0,0,0,1,0,0,0,0,0,0,0,0,0,0,0,0,0,0,0,2
5875723827,BI analyst,Power BI Developer,Money Expert,"Chester, Cheshire",UK > North West England > Cheshire > Chester,53.191502,-2.89501,IT Jobs,30000.0,35000.0,contract,full_time,2026-09-08 16:54:33+00:00,2026-09-20 00:55:59.308159+00:00,2026-09-08,32500.0,1,32500.0,BI Analyst,Mid / Unspecified,North West England,0,0,0,1,0,0,0,0,0,0,0,0,0,0,0,0,0,0,0,0,0,1
5875588760,BI analyst,Power BI Developer,Cameron Clarke Associates,"Blacon, Chester",UK > North West England > Cheshire > Chester > Blacon,53.195102,-2.92761,IT Jobs,30000.0,35000.0,contract,full_time,2026-09-08 13:23:59+00:00,2026-09-20 00:55:59.308159+00:00,2026-09-08,32500.0,1,32500.0,BI Analyst,Mid / Unspecified,North West England,0,0,0,1,0,0,0,0,0,0,0,0,0,0,0,0,0,0,0,0,0,1
5875147629,BI analyst,Lead Data Engineer,MAG Manchester Airports Group,"Manchester, Greater Manchester",UK > North West England > Greater Manchester > Manchester,53.480701,-2.23438,IT Jobs,55293.05,55293.05,permanent,,2026-09-08 03:55:46+00:00,2026-09-20 00:55:59.308159+00:00,2026-09-08,55293.05,1,55293.05,Other,Senior,North West England,0,0,0,0,0,0,0,0,0,0,0,0,0,0,0,0,0,0,0,0,0,0
5874508693,BI analyst,Cloud FinOps Analyst,Manufacturing Recruitment Limited,"The City, Central London",UK > London > Central London > The City,,,IT Jobs,60000.0,60000.0,,,2026-09-07 21:45:50+00:00,2026-09-20 00:55:59.308159+00:00,2026-09-07,60000.0,1,60000.0,Other Analytics,Mid / Unspecified,London,0,0,0,0,0,0,0,0,1,0,1,0,0,0,0,0,0,0,0,0,0,2
5874418500,BI analyst,BI Analyst,Harnham - Data & Analytics Recruitment,"London, UK",UK > London,,,Accounting & Finance Jobs,45000.0,46000.0,,full_time,2026-09-07 20:33:52+00:00,2026-09-20 00:55:59.308159+00:00,2026-09-07,45500.0,1,45500.0,BI Analyst,Mid / Unspecified,London,0,0,0,0,0,1,0,0,0,0,0,0,0,0,0,0,0,0,0,0,0,1
5874166539,BI analyst,Senior Data Engineer,Pave Talent Partners Limited,"Preston, Lancashire",UK > North West England > Lancashire > Preston,53.757702,-2.70344,IT Jobs,80000.0,80000.0,permanent,,2026-09-07 15:41:23+00:00,2026-09-20 00:55:59.308159+00:00,2026-09-07,80000.0,1,80000.0,Other,Senior,North West England,0,0,0,0,0,0,0,0,0,0,0,0,0,0,0,0,0,0,0,0,0,0
5873803025,BI analyst,Trainee Data Analyst No Experience Required,NEWTO TRAINING LIMITED,"Glasgow, Scotland",UK > Scotland > Glasgow,55.86026,-4.25596,IT Jobs,65000.0,65000.0,permanent,,2026-09-07 07:38:25+00:00,2026-09-20 00:55:59.308159+00:00,2026-09-07,65000.0,1,65000.0,Data Analyst,Junior,Scotland,0,0,0,0,0,0,0,0,0,0,0,0,0,0,0,0,0,0,0,0,0,0
5873627680,BI analyst,Trainee Project Manager - no experience needed,NEWTO TRAINING LIMITED,"Bristol, South West England",UK > South West England > Bristol,,,IT Jobs,55000.0,55000.0,permanent,full_time,2026-09-07 03:37:37+00:00,2026-09-20 00:55:59.308159+00:00,2026-09-07,55000.0,1,55000.0,Other,Junior,South West England,0,0,0,0,0,0,0,0,0,0,0,0,0,0,0,0,0,0,0,0,0,0
5873203012,BI analyst,Senior BI Developer/ Senior Data Analyst,GSF Car Parts,"Minworth Industrial Park, Minworth",UK > West Midlands > Sutton Coldfield > Minworth > Minworth Industrial Park,52.525949,-1.773794,IT Jobs,52102.17,52102.17,,full_time,2026-09-06 16:53:45+00:00,2026-09-20 00:55:59.308159+00:00,2026-09-06,52102.17,1,52102.17,BI Analyst,Senior,West Midlands,0,0,0,1,0,0,0,0,0,0,0,0,0,0,0,0,0,0,0,0,0,1
5873201679,BI analyst,Payor Reimbursement & Claims Remediation Specialist,Optima Dermatology,UK,UK,,,Accounting & Finance Jobs,59700.98,59700.98,contract,,2026-09-06 16:52:59+00:00,2026-09-20 00:55:59.308159+00:00,2026-09-06,59700.98,1,59700.98,Other,Mid / Unspecified,UK,0,0,0,0,0,0,0,0,0,0,0,0,0,0,0,0,0,0,0,0,0,0
5872655938,BI analyst,Entry Level Data Consultant No Experience Required,NEWTO TRAINING LIMITED,"Newcastle-under-Lyme, Staffordshire",UK > West Midlands > Staffordshire > Newcastle-under-Lyme,53.01285,-2.224,IT Jobs,65000.0,65000.0,permanent,,2026-09-06 03:35:09+00:00,2026-09-20 00:55:59.308159+00:00,2026-09-06,65000.0,1,65000.0,Other,Junior,West Midlands,0,0,0,0,0,0,0,0,0,0,0,0,0,0,0,0,0,0,0,0,0,0
5872654774,BI analyst,Trainee Project Manager - no experience needed,NEWTO TRAINING LIMITED,"Sheffield, South Yorkshire",UK > Yorkshire And The Humber > South Yorkshire > Sheffield,53.383099,-1.4648,IT Jobs,55000.0,55000.0,permanent,full_time,2026-09-06 03:33:45+00:00,2026-09-20 00:55:59.308159+00:00,2026-09-06,55000.0,1,55000.0,Other,Junior,Yorkshire And The Humber,0,0,0,0,0,0,0,0,0,0,0,0,0,0,0,0,0,0,0,0,0,0
5872260634,BI analyst,Trainee Data Analyst No Experience Required,NEWTO TRAINING LIMITED,"Sheffield, South Yorkshire",UK > Yorkshire And The Humber > South Yorkshire > Sheffield,53.383099,-1.4648,IT Jobs,65000.0,65000.0,permanent,,2026-09-05 19:34:33+00:00,2026-09-20 00:55:59.308159+00:00,2026-09-05,65000.0,1,65000.0,Data Analyst,Junior,Yorkshire And The Humber,0,0,0,0,0,0,0,0,0,0,0,0,0,0,0,0,0,0,0,0,0,0
5872110577,BI analyst,BI Engineer,Trayport,"London, UK",UK > London,,,IT Jobs,84625.36,84625.36,,full_time,2026-09-05 16:43:15+00:00,2026-09-20 00:55:59.308159+00:00,2026-09-05,84625.36,1,84625.36,BI Analyst,Mid / Unspecified,London,0,0,0,0,0,0,0,0,0,0,0,0,0,0,0,0,0,0,0,0,0,0
5871617312,BI analyst,Entry Level Data Consultant No Experience Required,NEWTO TRAINING LIMITED,"North West London, London",UK > London > North West London,,,IT Jobs,65000.0,65000.0,permanent,,2026-09-05 07:34:26+00:00,2026-09-20 00:55:59.308159+00:00,2026-09-05,65000.0,1,65000.0,Other,Junior,London,0,0,0,0,0,0,0,0,0,0,0,0,0,0,0,0,0,0,0,0,0,0
5871614407,BI analyst,Entry Level Data Consultant No Experience Required,NEWTO TRAINING LIMITED,"Manchester, Greater Manchester",UK > North West England > Greater Manchester > Manchester,,,IT Jobs,65000.0,65000.0,permanent,,2026-09-05 07:33:19+00:00,2026-09-20 00:55:59.308159+00:00,2026-09-05,65000.0,1,65000.0,Other,Junior,North West England,0,0,0,0,0,0,0,0,0,0,0,0,0,0,0,0,0,0,0,0,0,0
5871614422,BI analyst,Trainee Data Analyst No Experience Required,NEWTO TRAINING LIMITED,"Cardiff County, Wales",UK > Wales > Cardiff County,51.5078,-3.210445,IT Jobs,65000.0,65000.0,permanent,,2026-09-05 07:33:19+00:00,2026-09-20 00:55:59.308159+00:00,2026-09-05,65000.0,1,65000.0,Data Analyst,Junior,Wales,0,0,0,0,0,0,0,0,0,0,0,0,0,0,0,0,0,0,0,0,0,0
5871611697,BI analyst,Entry Level Data Consultant No Experience Required,NEWTO TRAINING LIMITED,"Glasgow, Scotland",UK > Scotland > Glasgow,55.86026,-4.25596,IT Jobs,65000.0,65000.0,permanent,,2026-09-05 07:31:41+00:00,2026-09-20 00:55:59.308159+00:00,2026-09-05,65000.0,1,65000.0,Other,Junior,Scotland,0,0,0,0,0,0,0,0,0,0,0,0,0,0,0,0,0,0,0,0,0,0
5871611701,BI analyst,Trainee Data Analyst No Experience Required,NEWTO TRAINING LIMITED,"Bristol, South West England",UK > South West England > Bristol,,,IT Jobs,65000.0,65000.0,permanent,,2026-09-05 07:31:41+00:00,2026-09-20 00:55:59.308159+00:00,2026-09-05,65000.0,1,65000.0,Data Analyst,Junior,South West England,0,0,0,0,0,0,0,0,0,0,0,0,0,0,0,0,0,0,0,0,0,0
5871323859,BI analyst,Entry Level Data Consultant No Experience Required,NEWTO TRAINING LIMITED,"Aberdeen, Aberdeenshire",UK > Scotland > Aberdeenshire > Aberdeen,57.147499,-2.0954,IT Jobs,65000.0,65000.0,permanent,,2026-09-05 03:32:52+00:00,2026-09-20 00:55:59.308159+00:00,2026-09-05,65000.0,1,65000.0,Other,Junior,Scotland,0,0,0,0,0,0,0,0,0,0,0,0,0,0,0,0,0,0,0,0,0,0
5871323331,BI analyst,Trainee Project Manager - no experience needed,NEWTO TRAINING LIMITED,"Cardiff County, Wales",UK > Wales > Cardiff County,51.5078,-3.210445,IT Jobs,55000.0,55000.0,permanent,full_time,2026-09-05 03:32:20+00:00,2026-09-20 00:55:59.308159+00:00,2026-09-05,55000.0,1,55000.0,Other,Junior,Wales,0,0,0,0,0,0,0,0,0,0,0,0,0,0,0,0,0,0,0,0,0,0
5871323332,BI analyst,Trainee Project Manager - no experience needed,NEWTO TRAINING LIMITED,"Glasgow, Scotland",UK > Scotland > Glasgow,55.86026,-4.25596,IT Jobs,55000.0,55000.0,permanent,full_time,2026-09-05 03:32:20+00:00,2026-09-20 00:55:59.308159+00:00,2026-09-05,55000.0,1,55000.0,Other,Junior,Scotland,0,0,0,0,0,0,0,0,0,0,0,0,0,0,0,0,0,0,0,0,0,0
5871323330,BI analyst,Trainee Project Manager - no experience needed,NEWTO TRAINING LIMITED,"Leeds, West Yorkshire",UK > Yorkshire And The Humber > West Yorkshire > Leeds,53.799599,-1.54912,IT Jobs,55000.0,55000.0,permanent,full_time,2026-09-05 03:32:20+00:00,2026-09-20 00:55:59.308159+00:00,2026-09-05,55000.0,1,55000.0,Other,Junior,Yorkshire And The Humber,0,0,0,0,0,0,0,0,0,0,0,0,0,0,0,0,0,0,0,0,0,0
5871014998,BI analyst,Power BI Developer,Morson Edge,"London, UK",UK > London,,,IT Jobs,117000.0,130000.0,contract,,2026-09-04 21:54:11+00:00,2026-09-20 00:55:59.308159+00:00,2026-09-04,123500.0,1,123500.0,BI Analyst,Mid / Unspecified,London,0,0,0,1,0,0,0,0,0,0,0,0,0,0,0,0,0,0,0,0,0,1
5870020018,BI analyst,Entry Level Data Consultant No Experience Required,NEWTO TRAINING LIMITED,"Wembley, North West London",UK > London > North West London > Wembley,51.551998,-0.298982,IT Jobs,65000.0,65000.0,,,2026-09-04 05:40:42+00:00,2026-09-20 00:55:59.308159+00:00,2026-09-04,65000.0,1,65000.0,Other,Junior,London,0,0,0,0,0,0,0,0,0,0,0,0,0,0,0,0,0,0,0,0,0,0
5870019323,BI analyst,Entry Level Data Consultant No Experience Required,NEWTO TRAINING LIMITED,"Croydon, London",UK > London > Croydon,,,IT Jobs,65000.0,65000.0,,,2026-09-04 05:39:12+00:00,2026-09-20 00:55:59.308159+00:00,2026-09-04,65000.0,1,65000.0,Other,Junior,London,0,0,0,0,0,0,0,0,0,0,0,0,0,0,0,0,0,0,0,0,0,0
5869891535,BI analyst,Data Engineer,Data Careers,"Lincolnshire, East Midlands",UK > East Midlands > Lincolnshire,53.126289,-0.277862,IT Jobs,50000.0,54000.0,permanent,full_time,2026-09-04 03:35:27+00:00,2026-09-20 00:55:59.308159+00:00,2026-09-04,52000.0,1,52000.0,Other,Mid / Unspecified,East Midlands,0,0,0,0,0,0,0,0,0,0,0,0,0,0,0,0,0,0,0,0,0,0
5869887067,BI analyst,Trainee Project Manager - no experience needed,NEWTO TRAINING LIMITED,"Liverpool, Merseyside",UK > North West England > Merseyside > Liverpool,53.410801,-2.97784,IT Jobs,55000.0,55000.0,permanent,full_time,2026-09-04 03:33:23+00:00,2026-09-20 00:55:59.308159+00:00,2026-09-04,55000.0,1,55000.0,Other,Junior,North West England,0,0,0,0,0,0,0,0,0,0,0,0,0,0,0,0,0,0,0,0,0,0
5869887069,BI analyst,Trainee Project Manager - no experience needed,NEWTO TRAINING LIMITED,"Manchester, Greater Manchester",UK > North West England > Greater Manchester > Manchester,,,IT Jobs,55000.0,55000.0,permanent,full_time,2026-09-04 03:33:23+00:00,2026-09-20 00:55:59.308159+00:00,2026-09-04,55000.0,1,55000.0,Other,Junior,North West England,0,0,0,0,0,0,0,0,0,0,0,0,0,0,0,0,0,0,0,0,0,0
5869886950,BI analyst,Trainee Data Analyst No Experience Required,NEWTO TRAINING LIMITED,"Leeds, West Yorkshire",UK > Yorkshire And The Humber > West Yorkshire > Leeds,53.799599,-1.54912,IT Jobs,65000.0,65000.0,permanent,,2026-09-04 03:33:20+00:00,2026-09-20 00:55:59.308159+00:00,2026-09-04,65000.0,1,65000.0,Data Analyst,Junior,Yorkshire And The Humber,0,0,0,0,0,0,0,0,0,0,0,0,0,0,0,0,0,0,0,0,0,0
5869886949,BI analyst,Entry Level Data Consultant No Experience Required,NEWTO TRAINING LIMITED,"South Croydon, South East London",UK > London > South East London > South Croydon,,,IT Jobs,65000.0,65000.0,permanent,,2026-09-04 03:33:20+00:00,2026-09-20 00:55:59.308159+00:00,2026-09-04,65000.0,1,65000.0,Other,Junior,London,0,0,0,0,0,0,0,0,0,0,0,0,0,0,0,0,0,0,0,0,0,0
5869782933,BI analyst,Data Analytics Engineer,Asset Resourcing Limited,"Gloucester, Gloucestershire",UK > South West England > Gloucestershire > Gloucester,51.866699,-2.24867,IT Jobs,55000.0,60000.0,permanent,full_time,2026-09-04 02:01:42+00:00,2026-09-20 00:55:59.308159+00:00,2026-09-04,57500.0,1,57500.0,Other Analytics,Mid / Unspecified,South West England,0,0,0,0,0,0,0,0,0,0,0,0,0,0,0,0,0,0,0,0,0,0
5869622915,BI analyst,Entry Level Data Consultant No Experience Required,NEWTO TRAINING LIMITED,"Wolverhampton, West Midlands",UK > West Midlands > Wolverhampton,52.585701,-2.12925,IT Jobs,65000.0,65000.0,permanent,,2026-09-03 23:36:33+00:00,2026-09-20 00:55:59.308159+00:00,2026-09-03,65000.0,1,65000.0,Other,Junior,West Midlands,0,0,0,0,0,0,0,0,0,0,0,0,0,0,0,0,0,0,0,0,0,0
5869622912,BI analyst,Trainee Data Analyst No Experience Required,NEWTO TRAINING LIMITED,"Liverpool, Merseyside",UK > North West England > Merseyside > Liverpool,53.410801,-2.97784,IT Jobs,65000.0,65000.0,permanent,,2026-09-03 23:36:33+00:00,2026-09-20 00:55:59.308159+00:00,2026-09-03,65000.0,1,65000.0,Data Analyst,Junior,North West England,0,0,0,0,0,0,0,0,0,0,0,0,0,0,0,0,0,0,0,0,0,0
5869622491,BI analyst,Entry Level Data Consultant No Experience Required,NEWTO TRAINING LIMITED,"Sheffield, South Yorkshire",UK > Yorkshire And The Humber > South Yorkshire > Sheffield,53.383099,-1.4648,IT Jobs,65000.0,65000.0,permanent,,2026-09-03 23:36:03+00:00,2026-09-20 00:55:59.308159+00:00,2026-09-03,65000.0,1,65000.0,Other,Junior,Yorkshire And The Humber,0,0,0,0,0,0,0,0,0,0,0,0,0,0,0,0,0,0,0,0,0,0
5869622484,BI analyst,Entry Level Data Consultant No Experience Required,NEWTO TRAINING LIMITED,"Livingston, West Lothian",UK > Scotland > West Lothian > Livingston,55.897598,-3.51743,IT Jobs,65000.0,65000.0,permanent,,2026-09-03 23:36:02+00:00,2026-09-20 00:55:59.308159+00:00,2026-09-03,65000.0,1,65000.0,Other,Junior,Scotland,0,0,0,0,0,0,0,0,0,0,0,0,0,0,0,0,0,0,0,0,0,0
5869554123,BI analyst,Trainee Project Manager - no experience needed,NEWTO TRAINING LIMITED,"Cardiff, Cardiff County",UK > Wales > Cardiff County > Cardiff,51.4813,-3.1805,IT Jobs,55000.0,55000.0,,full_time,2026-09-03 21:51:53+00:00,2026-09-20 00:55:59.308159+00:00,2026-09-03,55000.0,1,55000.0,Other,Junior,Wales,0,0,0,0,0,0,0,0,0,0,0,0,0,0,0,0,0,0,0,0,0,0
5869554109,BI analyst,Trainee Data Analyst No Experience Required,NEWTO TRAINING LIMITED,"Birmingham, West Midlands",UK > West Midlands > Birmingham,52.483002,-1.89359,IT Jobs,65000.0,65000.0,,,2026-09-03 21:51:50+00:00,2026-09-20 00:55:59.308159+00:00,2026-09-03,65000.0,1,65000.0,Data Analyst,Junior,West Midlands,0,0,0,0,0,0,0,0,0,0,0,0,0,0,0,0,0,0,0,0,0,0
5869552187,BI analyst,Trainee Project Manager - no experience needed,NEWTO TRAINING LIMITED,"North London, London",UK > London > North London,51.586237,-0.123313,IT Jobs,55000.0,55000.0,,full_time,2026-09-03 21:49:40+00:00,2026-09-20 00:55:59.308159+00:00,2026-09-03,55000.0,1,55000.0,Other,Junior,London,0,0,0,0,0,0,0,0,0,0,0,0,0,0,0,0,0,0,0,0,0,0
5869552164,BI analyst,Trainee Data Analyst No Experience Required,NEWTO TRAINING LIMITED,"Cardiff, Cardiff County",UK > Wales > Cardiff County > Cardiff,51.4813,-3.1805,IT Jobs,65000.0,65000.0,,,2026-09-03 21:49:38+00:00,2026-09-20 00:55:59.308159+00:00,2026-09-03,65000.0,1,65000.0,Data Analyst,Junior,Wales,0,0,0,0,0,0,0,0,0,0,0,0,0,0,0,0,0,0,0,0,0,0
5869552162,BI analyst,Trainee Data Analyst No Experience Required,NEWTO TRAINING LIMITED,"North London, London",UK > London > North London,51.586237,-0.123313,IT Jobs,65000.0,65000.0,,,2026-09-03 21:49:38+00:00,2026-09-20 00:55:59.308159+00:00,2026-09-03,65000.0,1,65000.0,Data Analyst,Junior,London,0,0,0,0,0,0,0,0,0,0,0,0,0,0,0,0,0,0,0,0,0,0
5869552176,BI analyst,Trainee Data Analyst No Experience Required,NEWTO TRAINING LIMITED,"Hounslow, London",UK > London > Hounslow,51.467602,-0.361799,IT Jobs,65000.0,65000.0,,,2026-09-03 21:49:38+00:00,2026-09-20 00:55:59.308159+00:00,2026-09-03,65000.0,1,65000.0,Data Analyst,Junior,London,0,0,0,0,0,0,0,0,0,0,0,0,0,0,0,0,0,0,0,0,0,0
5869552144,BI analyst,Trainee Data Analyst No Experience Required,NEWTO TRAINING LIMITED,"Manchester, Greater Manchester",UK > North West England > Greater Manchester > Manchester,53.480701,-2.23438,IT Jobs,65000.0,65000.0,,,2026-09-03 21:49:37+00:00,2026-09-20 00:55:59.308159+00:00,2026-09-03,65000.0,1,65000.0,Data Analyst,Junior,North West England,0,0,0,0,0,0,0,0,0,0,0,0,0,0,0,0,0,0,0,0,0,0
5869550457,BI analyst,Management Reporting Analyst - Power BI,One Ten Associates,"London, UK",UK > London,51.503378,-0.139134,Accounting & Finance Jobs,49794.01,49794.01,contract,full_time,2026-09-03 21:46:59+00:00,2026-09-20 00:55:59.308159+00:00,2026-09-03,49794.01,1,49794.01,BI Analyst,Mid / Unspecified,London,0,0,0,1,0,0,0,0,0,0,0,0,0,0,0,0,0,0,0,0,0,1
5869549938,BI analyst,Trainee Project Manager - no experience required,NEWTO TRAINING LIMITED,"Birmingham, West Midlands",UK > West Midlands > Birmingham,52.483002,-1.89359,IT Jobs,55000.0,55000.0,,full_time,2026-09-03 21:46:48+00:00,2026-09-20 00:55:59.308159+00:00,2026-09-03,55000.0,1,55000.0,Other,Junior,West Midlands,0,0,0,0,0,0,0,0,0,0,0,0,0,0,0,0,0,0,0,0,0,0
5869549958,BI analyst,Trainee Project Manager - No experience needed,NEWTO TRAINING LIMITED,UK,UK,,,IT Jobs,55000.0,55000.0,,full_time,2026-09-03 21:46:48+00:00,2026-09-20 00:55:59.308159+00:00,2026-09-03,55000.0,1,55000.0,Other,Junior,UK,0,0,0,0,0,0,0,0,0,0,0,0,0,0,0,0,0,0,0,0,0,0
5868984171,BI analyst,Data Analyst,MCS Group,"Belfast, Northern Ireland",UK > Northern Ireland > Belfast,,,IT Jobs,40000.0,40000.0,,,2026-09-03 15:30:32+00:00,2026-09-20 00:55:59.308159+00:00,2026-09-03,40000.0,1,40000.0,Data Analyst,Mid / Unspecified,Northern Ireland,0,0,0,0,0,0,0,0,0,0,0,0,0,0,0,0,0,0,0,0,0,0
5867643027,BI analyst,Trainee Data Analyst No Experience Needed,NEWTO TRAINING LIMITED,UK,UK,,,IT Jobs,65000.0,65000.0,,,2026-09-02 23:10:19+00:00,2026-09-20 00:55:59.308159+00:00,2026-09-02,65000.0,1,65000.0,Data Analyst,Junior,UK,0,0,0,0,0,0,0,0,0,0,0,0,0,0,0,0,0,0,0,0,0,0
5867151553,BI analyst,Power BI/SQL Data Analyst,VANRATH,"Belfast, Northern Ireland",UK > Northern Ireland > Belfast,,,IT Jobs,40000.0,40000.0,,,2026-09-02 14:55:47+00:00,2026-09-20 00:55:59.308159+00:00,2026-09-02,40000.0,1,40000.0,BI Analyst,Mid / Unspecified,Northern Ireland,1,0,0,1,0,0,0,0,0,0,0,0,0,0,0,0,0,0,0,0,0,2
5865269133,BI analyst,Data Insight Analyst - Retail,Sanderson Recruitment,"London, UK",UK > London,,,IT Jobs,130000.0,143000.0,contract,,2026-09-01 21:41:17+00:00,2026-09-20 00:55:59.308159+00:00,2026-09-01,136500.0,1,136500.0,Other Analytics,Mid / Unspecified,London,1,0,0,0,0,0,0,0,0,0,0,0,0,0,0,0,0,0,0,0,0,1
5865265469,BI analyst,Data Analyst,Morson Edge,"London, UK",UK > London,,,IT Jobs,65000.0,104000.0,,,2026-09-01 21:39:02+00:00,2026-09-20 00:55:59.308159+00:00,2026-09-01,84500.0,1,84500.0,Data Analyst,Mid / Unspecified,London,0,0,0,0,0,0,0,0,0,0,0,0,0,0,0,0,0,0,0,0,0,0
5859772453,BI analyst,Data Engineer,Network Plus,"Mosley Common, Worsley",UK > North West England > Greater Manchester > Manchester > Worsley > Mosley Common,53.503719,-2.436531,IT Jobs,55000.0,65000.0,,full_time,2026-08-28 16:32:39+00:00,2026-09-20 00:55:59.308159+00:00,2026-08-28,60000.0,1,60000.0,Other,Mid / Unspecified,North West England,0,0,0,1,0,0,0,0,0,0,0,0,0,0,0,0,0,0,0,0,0,1
5859656397,BI analyst,Power BI Analyst,Birketts LLP,"Ipswich, Suffolk",UK > Eastern England > Suffolk > Ipswich,52.059299,1.15567,IT Jobs,45470.77,45470.77,permanent,full_time,2026-08-28 13:32:55+00:00,2026-09-20 00:55:59.308159+00:00,2026-08-28,45470.77,1,45470.77,BI Analyst,Mid / Unspecified,Eastern England,0,0,0,1,0,0,0,0,0,0,0,0,0,0,0,0,0,0,0,0,0,1
5858654847,BI analyst,BI Developer (Power BI / Power Platform),MCS Group,"Belfast, Northern Ireland",UK > Northern Ireland > Belfast,,,IT Jobs,60000.0,60000.0,contract,,2026-08-27 20:53:40+00:00,2026-09-20 00:55:59.308159+00:00,2026-08-27,60000.0,1,60000.0,BI Analyst,Mid / Unspecified,Northern Ireland,0,0,0,1,0,0,0,0,0,0,0,0,0,0,0,0,0,0,0,0,0,1
5858371998,BI analyst,Senior Data Analyst,AEGIS London,"London, UK",UK > London,51.503378,-0.139134,IT Jobs,60835.59,60835.59,,full_time,2026-08-27 16:25:07+00:00,2026-09-20 00:55:59.308159+00:00,2026-08-27,60835.59,1,60835.59,Data Analyst,Senior,London,0,0,0,0,0,0,0,0,0,0,0,0,0,0,0,0,0,0,0,0,0,0
5858363964,BI analyst,"Senior Manager, Data Engineering",OMGEURUK Omnicom Media Group Europe,"London, UK",UK > London,51.503378,-0.139134,IT Jobs,71188.27,71188.27,,full_time,2026-08-27 16:19:22+00:00,2026-09-20 00:55:59.308159+00:00,2026-08-27,71188.27,1,71188.27,Other,Senior,London,0,0,0,0,0,0,0,0,0,0,0,0,0,1,0,0,0,0,0,0,0,1
5858200065,BI analyst,BI Analyst,Hays Technology,"Fife, Scotland",UK > Scotland > Fife,56.219006,-3.129077,IT Jobs,45000.0,50000.0,permanent,full_time,2026-08-27 12:25:12+00:00,2026-09-20 00:55:59.308159+00:00,2026-08-27,47500.0,1,47500.0,BI Analyst,Mid / Unspecified,Scotland,0,0,0,0,0,0,0,0,0,0,0,0,0,0,0,0,0,0,0,0,0,0
5857254497,BI analyst,Data Engineer,Tenth Revolution Group,"Oxfordshire, South East England",UK > South East England > Oxfordshire,51.784375,-1.308003,IT Jobs,45000.0,60000.0,,full_time,2026-08-26 21:49:32+00:00,2026-09-20 00:55:59.308159+00:00,2026-08-26,52500.0,1,52500.0,Other,Mid / Unspecified,South East England,1,1,0,0,0,0,0,0,1,0,0,1,0,0,0,0,0,0,0,0,0,4
5857249987,BI analyst,Reporting Delivery Practice Lead Bank,Huxley Associates,"The City, Central London",UK > London > Central London > The City,,,Accounting & Finance Jobs,100000.0,100000.0,permanent,,2026-08-26 21:36:24+00:00,2026-09-20 00:55:59.308159+00:00,2026-08-26,100000.0,1,100000.0,Reporting Analyst,Senior,London,0,0,0,0,0,0,0,0,0,0,0,0,0,0,0,0,0,0,0,0,0,0
5857249443,BI analyst,Reporting Delivery Practice Lead Bank,Huxley Associates,"London, UK",UK > London,,,Accounting & Finance Jobs,100000.0,100000.0,permanent,,2026-08-26 21:34:44+00:00,2026-09-20 00:55:59.308159+00:00,2026-08-26,100000.0,1,100000.0,Reporting Analyst,Senior,London,0,0,0,0,0,0,0,0,0,0,0,0,0,0,0,0,0,0,0,0,0,0
5857227791,BI analyst,Senior Data Analyst - Marketing Ops,MCS Group,"Belfast, Northern Ireland",UK > Northern Ireland > Belfast,,,"PR, Advertising & Marketing Jobs",60000.0,60000.0,,,2026-08-26 20:44:14+00:00,2026-09-20 00:55:59.308159+00:00,2026-08-26,60000.0,1,60000.0,Data Analyst,Senior,Northern Ireland,1,0,0,1,0,0,0,0,0,0,0,0,0,0,0,0,0,0,0,0,0,2
5857221137,BI analyst,Reporting & BI Analyst,Simarco,"Stoke-On-Trent, Staffordshire",UK > West Midlands > Staffordshire > Stoke-On-Trent,53.026501,-2.17664,IT Jobs,40276.88,40276.88,permanent,full_time,2026-08-26 20:21:19+00:00,2026-09-20 00:55:59.308159+00:00,2026-08-26,40276.88,1,40276.88,BI Analyst,Mid / Unspecified,West Midlands,0,0,0,0,0,0,0,0,0,0,0,0,0,0,0,0,0,0,0,0,0,0
5857221143,BI analyst,Reporting & BI Analyst,Simarco,"Witham, Essex",UK > Eastern England > Essex > Witham,51.798401,0.638568,IT Jobs,38562.91,38562.91,permanent,full_time,2026-08-26 20:21:19+00:00,2026-09-20 00:55:59.308159+00:00,2026-08-26,38562.91,1,38562.91,BI Analyst,Mid / Unspecified,Eastern England,0,0,0,0,0,0,0,0,0,0,0,0,0,0,0,0,0,0,0,0,0,0
5857215880,BI analyst,Senior Data Analyst,Eden James Consulting Limited,"London, UK",UK > London,,,Consultancy Jobs,68106.9,68106.9,,full_time,2026-08-26 19:44:01+00:00,2026-09-20 00:55:59.308159+00:00,2026-08-26,68106.9,1,68106.9,Data Analyst,Senior,London,0,0,0,0,0,0,0,0,0,0,0,0,0,0,0,0,0,0,0,0,0,0
5855716317,BI analyst,BI Analyst,TQR,"Plymouth, South West England",UK > South West England > Plymouth,50.370399,-4.14265,IT Jobs,35556.29,35556.29,,,2026-08-25 21:37:09+00:00,2026-09-20 00:55:59.308159+00:00,2026-08-25,35556.29,1,35556.29,BI Analyst,Mid / Unspecified,South West England,0,0,0,0,0,0,0,0,0,0,0,0,0,0,0,0,0,0,0,0,0,0
5855328200,BI analyst,Bi Analyst,TQR Consultancy Ltd,"Pillaton, Saltash",UK > South West England > Cornwall > Saltash > Pillaton,50.470617,-4.301132,IT Jobs,35561.58,35561.58,,full_time,2026-08-25 13:27:57+00:00,2026-09-20 00:55:59.308159+00:00,2026-08-25,35561.58,1,35561.58,BI Analyst,Mid / Unspecified,South West England,0,0,0,0,0,0,0,0,0,0,0,0,0,0,0,0,0,0,0,0,0,0
5854310824,BI analyst,Finance Systems Analyst / Power BI Developer,Michael Page,"Cheltenham Trade Park, Cheltenham",UK > South West England > Gloucestershire > Cheltenham > Cheltenham Trade Park,51.900726,-2.081834,IT Jobs,50000.0,60000.0,,full_time,2026-08-24 11:12:00+00:00,2026-09-20 00:55:59.308159+00:00,2026-08-24,55000.0,1,55000.0,BI Analyst,Mid / Unspecified,South West England,0,0,0,1,0,0,0,0,0,0,0,0,0,0,0,0,0,0,0,0,0,1
5853697760,BI analyst,Senior Data Product Manager (12 Month FTC),Funding Circle,"London, UK",UK > London,51.503378,-0.139134,IT Jobs,73546.79,73546.79,contract,full_time,2026-08-23 16:18:27+00:00,2026-09-20 00:55:59.308159+00:00,2026-08-23,73546.79,1,73546.79,Other,Senior,London,0,0,0,0,0,0,0,0,0,0,0,0,0,0,0,0,0,0,0,0,0,0
5853350923,BI analyst,Performance Reporting Business Partner,Pinnacle Group,"Holborn, Central London",UK > London > Central London > Holborn,51.517555,-0.122912,IT Jobs,74920.66,74920.66,permanent,full_time,2026-08-23 06:40:06+00:00,2026-09-20 00:55:59.308159+00:00,2026-08-23,74920.66,1,74920.66,Reporting Analyst,Mid / Unspecified,London,0,0,0,1,0,0,0,0,0,0,0,0,0,0,0,0,0,0,0,0,0,1
5852583278,BI analyst,Associate Director - Industry Advisory 3,Genpact,"London, UK",UK > London,,,Consultancy Jobs,79252.3,79252.3,,full_time,2026-08-22 16:24:36+00:00,2026-09-20 00:55:59.308159+00:00,2026-08-22,79252.3,1,79252.3,Other,Mid / Unspecified,London,0,0,0,0,0,0,0,0,0,0,0,0,0,0,0,0,0,0,0,0,0,0
5852089516,BI analyst,Salesforce Application and Analytics Manager,TXP,"London, UK",UK > London,,,IT Jobs,0.0,141960.0,contract,,2026-08-22 05:27:48+00:00,2026-09-20 00:55:59.308159+00:00,2026-08-22,70980.0,1,70980.0,Other Analytics,Senior,London,0,0,0,0,0,0,0,0,0,0,0,0,0,0,0,0,0,0,0,0,0,0
5851436531,BI analyst,Salesforce Application and Analytics Manager,TXP,"South East London, London",UK > London > South East London,51.451818,-0.02806,IT Jobs,0.0,141960.0,contract,,2026-08-21 21:38:03+00:00,2026-09-20 00:55:59.308159+00:00,2026-08-21,70980.0,1,70980.0,Other Analytics,Senior,London,0,0,0,0,0,0,0,0,0,0,0,0,0,0,0,0,0,0,0,0,0,0
5849613829,BI analyst,Data Planning Manager,VML,"London, UK",UK > London,51.503378,-0.139134,"PR, Advertising & Marketing Jobs",21368.56,21368.56,,full_time,2026-08-20 14:58:46+00:00,2026-09-20 00:55:59.308159+00:00,2026-08-20,21368.56,1,21368.56,Other,Senior,London,0,0,0,0,0,0,0,0,0,0,0,0,0,0,0,0,0,0,0,0,0,0
5848435803,BI analyst,Associate Principal - Industry Advisory 3,Genpact,"London, UK",UK > London,,,Consultancy Jobs,77726.98,77726.98,,full_time,2026-08-19 16:39:26+00:00,2026-09-20 00:55:59.308159+00:00,2026-08-19,77726.98,1,77726.98,Other,Senior,London,0,0,0,0,0,0,0,0,0,0,0,0,0,0,0,0,0,0,0,0,0,0
5847226948,BI analyst,Data Reporting Delivery Practice Lead,Huxley Associates,"The City, Central London",UK > London > Central London > The City,,,Accounting & Finance Jobs,100000.0,100000.0,permanent,,2026-08-18 21:25:49+00:00,2026-09-20 00:55:59.308159+00:00,2026-08-18,100000.0,1,100000.0,Reporting Analyst,Senior,London,0,0,0,0,0,0,0,0,0,0,0,0,0,0,0,0,0,0,0,0,0,0
5846046384,BI analyst,BI & Insights Analyst,Pave Talent Partners Limited,"Blackburn, Lancashire",UK > North West England > Lancashire > Blackburn,53.750099,-2.48471,IT Jobs,50000.0,50000.0,permanent,,2026-08-18 05:26:30+00:00,2026-09-20 00:55:59.308159+00:00,2026-08-18,50000.0,1,50000.0,BI Analyst,Mid / Unspecified,North West England,0,0,0,0,0,0,0,0,0,0,0,0,0,0,0,0,0,0,0,0,0,0
5843072790,BI analyst,BI Analyst/Tableau Developer,Everforth Quinnox,"The City, Central London",UK > London > Central London > The City,,,IT Jobs,75000.0,75000.0,contract,,2026-08-15 13:23:48+00:00,2026-09-20 00:55:59.308159+00:00,2026-08-15,75000.0,1,75000.0,BI Analyst,Mid / Unspecified,London,1,0,0,0,1,0,0,0,0,0,0,0,0,0,0,0,0,0,0,0,0,2
5841924469,BI analyst,Senior Data Analytics Consultant (London Nova North),AtkinsRéalis,"London, UK",UK > London,,,IT Jobs,54771.69,54771.69,,full_time,2026-08-14 16:15:26+00:00,2026-09-20 00:55:59.308159+00:00,2026-08-14,54771.69,1,54771.69,Other Analytics,Senior,London,0,0,0,0,0,0,0,0,0,0,0,0,0,0,0,0,0,0,0,0,0,0
5840391087,BI analyst,Junior Growth Analyst - Sherpany,Datasite,"London, UK",UK > London,,,IT Jobs,45499.79,45499.79,,full_time,2026-08-13 16:26:17+00:00,2026-09-20 00:55:59.308159+00:00,2026-08-13,45499.79,1,45499.79,Other Analytics,Junior,London,0,0,0,0,0,0,0,0,0,0,0,0,0,0,0,0,0,0,0,0,0,0
5838473679,BI analyst,TMEA Business Intelligence Team Leader,Aviagen,UK,UK,,,Accounting & Finance Jobs,61944.24,61944.24,,full_time,2026-08-12 16:25:38+00:00,2026-09-20 00:55:59.308159+00:00,2026-08-12,61944.24,1,61944.24,BI Analyst,Senior,UK,0,0,0,0,0,0,0,0,0,0,0,0,0,0,0,0,0,0,0,0,0,0
5837726473,BI analyst,BI Specialist,Searchability  Ltd,"Bristol, South West England",UK > South West England > Bristol,,,IT Jobs,41744.27,41744.27,contract,,2026-08-12 05:17:22+00:00,2026-09-20 00:55:59.308159+00:00,2026-08-12,41744.27,1,41744.27,BI Analyst,Mid / Unspecified,South West England,0,0,0,0,0,0,1,0,0,0,0,0,0,0,0,0,0,0,0,0,0,1
5836837804,BI analyst,Senior Data Analytics Consultant (Bristol),AtkinsRéalis,UK,UK,,,IT Jobs,59365.04,59365.04,,full_time,2026-08-11 16:19:04+00:00,2026-09-20 00:55:59.308159+00:00,2026-08-11,59365.04,1,59365.04,Other Analytics,Senior,UK,0,0,0,0,0,0,0,0,0,0,0,0,0,0,0,0,0,0,0,0,0,0
5830787687,BI analyst,Data Engineer,Solera,"Leeds, West Yorkshire",UK > Yorkshire And The Humber > West Yorkshire > Leeds,53.799599,-1.54912,IT Jobs,62559.7,62559.7,,full_time,2026-08-06 17:58:05+00:00,2026-09-20 00:55:59.308159+00:00,2026-08-06,62559.7,1,62559.7,Other,Mid / Unspecified,Yorkshire And The Humber,0,0,0,0,0,0,0,0,0,0,0,0,0,0,0,0,0,0,0,0,0,0
5829350134,BI analyst,Fabric Engineer (Microsoft),Methods Business and Digital Technology,"London, UK",UK > London,51.503378,-0.139134,IT Jobs,67488.33,67488.33,,full_time,2026-08-05 18:15:03+00:00,2026-09-20 00:55:59.308159+00:00,2026-08-05,67488.33,1,67488.33,Other,Mid / Unspecified,London,0,0,0,0,0,0,0,0,0,0,0,0,0,0,0,0,0,0,0,0,0,0
5819625721,BI analyst,Oracle Database Engineer,Future Publishing,"London, UK",UK > London,51.503378,-0.139134,IT Jobs,50000.0,55000.0,,full_time,2026-07-29 10:55:47+00:00,2026-09-20 00:55:59.308159+00:00,2026-07-29,52500.0,1,52500.0,Other,Mid / Unspecified,London,0,0,0,0,0,0,0,0,0,0,0,0,0,0,0,0,0,0,0,0,0,0
5815363782,BI analyst,Analytics Engineer,Swap,"London, UK",UK > London,51.503378,-0.139134,IT Jobs,73096.61,73096.61,,full_time,2026-07-25 12:28:23+00:00,2026-09-20 00:55:59.308159+00:00,2026-07-25,73096.61,1,73096.61,Other Analytics,Mid / Unspecified,London,0,0,0,0,0,0,0,0,0,0,0,0,0,0,0,0,0,0,0,0,0,0
5814771709,BI analyst,Senior Data Analyst,iProov,"London, UK",UK > London,51.503378,-0.139134,IT Jobs,41288.12,41288.12,,,2026-07-25 02:36:26+00:00,2026-09-20 00:55:59.308159+00:00,2026-07-25,41288.12,1,41288.12,Data Analyst,Senior,London,0,0,0,0,0,0,0,0,0,0,0,0,0,0,0,0,0,0,0,0,0,0
5814626133,BI analyst,Senior Data Analyst,Develop,"West London, London",UK > London > West London,51.511529,-0.23839,IT Jobs,70000.0,70000.0,permanent,,2026-07-25 00:46:32+00:00,2026-09-20 00:55:59.308159+00:00,2026-07-25,70000.0,1,70000.0,Data Analyst,Senior,London,0,0,0,1,0,0,0,0,0,0,0,0,0,0,0,0,0,0,0,0,0,1
5809182856,BI analyst,"Data Engineer, Data Lake",Rapidhire,"London, UK",UK > London,51.503378,-0.139134,IT Jobs,41471.31,41471.31,,,2026-07-21 11:21:11+00:00,2026-09-20 00:55:59.308159+00:00,2026-07-21,41471.31,1,41471.31,Other,Mid / Unspecified,London,0,0,0,0,0,0,0,0,0,0,0,0,0,0,0,0,0,0,0,0,0,0
5807181344,BI analyst,Senior Business Analyst,Sand Tech,"South West England, UK",UK > South West England,50.950482,-3.230444,IT Jobs,66343.88,66343.88,permanent,,2026-07-19 13:51:11+00:00,2026-09-20 00:55:59.308159+00:00,2026-07-19,66343.88,1,66343.88,Other Analytics,Senior,South West England,0,0,0,0,0,0,0,0,0,0,0,0,0,0,0,0,0,0,0,0,0,0
5804737786,BI analyst,Data Engineer – Graduate Considered,RedTech Recruitment Ltd.,"St Lukes, Central London",UK > London > Central London > St Lukes,51.523167,-0.093366,Graduate Jobs,35000.0,60000.0,permanent,full_time,2026-07-17 11:10:07+00:00,2026-09-20 00:55:59.308159+00:00,2026-07-17,47500.0,1,47500.0,Other,Junior,London,0,0,0,0,0,0,0,0,0,0,0,0,0,0,0,0,0,0,0,0,0,0
5802870387,BI analyst,Product BI & Ops Analyst,Beamery,"London, UK",UK > London,51.503378,-0.139134,IT Jobs,72105.55,72105.55,,full_time,2026-07-16 13:51:50+00:00,2026-09-20 00:55:59.308159+00:00,2026-07-16,72105.55,1,72105.55,BI Analyst,Mid / Unspecified,London,0,0,0,0,0,0,0,0,0,0,0,0,0,0,0,0,0,0,0,0,0,0
5795609519,BI analyst,"Professional, BI Analyst (TCF)",Concentrix,UK,UK,,,Consultancy Jobs,29836.3,29836.3,,full_time,2026-07-10 13:30:23+00:00,2026-09-20 00:55:59.308159+00:00,2026-07-10,29836.3,1,29836.3,BI Analyst,Mid / Unspecified,UK,0,0,0,0,0,0,0,0,0,0,0,0,0,0,0,0,0,0,0,0,0,0
5789182684,BI analyst,Lead Data Analyst,Aker Systems,UK,UK,,,IT Jobs,64763.77,64763.77,,,2026-07-05 15:46:24+00:00,2026-09-20 00:55:59.308159+00:00,2026-07-05,64763.77,1,64763.77,Data Analyst,Senior,UK,0,0,0,0,0,0,0,0,0,0,0,0,0,0,0,0,0,0,0,0,0,0
5777899586,BI analyst,Cloud FinOps Analyst,Manufacturing Recruitment Ltd,"Hildenborough, Tonbridge",UK > South East England > Kent > Tonbridge > Hildenborough,51.191493,0.275737,IT Jobs,57500.0,60000.0,,full_time,2026-06-26 16:00:33+00:00,2026-09-20 00:55:59.308159+00:00,2026-06-26,58750.0,1,58750.0,Other Analytics,Mid / Unspecified,South East England,0,0,0,0,0,0,0,0,1,0,1,0,0,0,0,0,0,0,0,0,0,2
5769443398,BI analyst,Senior Data Analyst – PropTech/SaaS Startup,Urban Digital Recruitment,"London, UK",UK > London,51.503378,-0.139134,IT Jobs,75000.0,75000.0,,full_time,2026-06-19 15:11:17+00:00,2026-09-20 00:55:59.308159+00:00,2026-06-19,75000.0,1,75000.0,Data Analyst,Senior,London,0,0,0,0,0,0,0,0,0,0,0,0,0,0,0,0,0,0,0,0,0,0
5754572536,BI analyst,Business Intelligence Consultant,Dept,"London, UK",UK > London,,,IT Jobs,47915.81,47915.81,contract,,2026-06-06 17:02:59+00:00,2026-09-20 00:55:59.308159+00:00,2026-06-06,47915.81,1,47915.81,BI Analyst,Mid / Unspecified,London,0,0,0,0,0,0,0,0,0,0,0,0,0,0,0,0,0,0,0,0,0,0
5748978694,BI analyst,Senior Data Analyst / Senior Power BI Developer,CluePoints,UK,UK,,,IT Jobs,84564.12,84564.12,,full_time,2026-06-02 10:29:08+00:00,2026-09-20 00:55:59.308159+00:00,2026-06-02,84564.12,1,84564.12,BI Analyst,Senior,UK,0,0,0,1,0,0,0,0,0,0,0,0,0,0,0,0,0,0,1,1,0,3
5744460940,BI analyst,Product Analytics Lead,Reward Gateway,"London, UK",UK > London,51.503378,-0.139134,IT Jobs,60000.0,70000.0,,full_time,2026-05-29 10:22:34+00:00,2026-09-20 00:55:59.308159+00:00,2026-05-29,65000.0,1,65000.0,Other Analytics,Senior,London,0,0,0,0,0,0,0,0,0,0,0,0,0,0,0,0,0,0,0,0,0,0
5702453765,BI analyst,Visualisation Engineer,Howden,UK,UK,,,IT Jobs,44921.13,44921.13,permanent,full_time,2026-04-17 11:15:02+00:00,2026-09-20 00:55:59.308159+00:00,2026-04-17,44921.13,1,44921.13,Other,Mid / Unspecified,UK,0,0,0,0,0,0,0,0,0,0,0,0,0,0,0,0,0,0,0,0,0,0
5416282596,BI analyst,Business Data Analyst,AIG,"Charing Cross, Central London",UK > London > Central London > Charing Cross,51.507209,-0.128294,IT Jobs,47965.09,47965.09,,full_time,2025-09-26 20:54:19+00:00,2026-09-20 00:55:59.308159+00:00,2025-09-26,47965.09,1,47965.09,Data Analyst,Mid / Unspecified,London,0,0,0,0,0,0,0,0,0,0,0,0,0,0,0,0,0,0,0,0,0,0
5210489758,BI analyst,Data Engineer,idfc first bank,UK,UK,,,IT Jobs,42982.92,42982.92,,full_time,2025-05-22 08:55:31+00:00,2026-09-20 00:55:59.308159+00:00,2025-05-22,42982.92,1,42982.92,Other,Mid / Unspecified,UK,1,0,0,0,0,0,0,0,0,0,0,0,1,0,0,0,0,0,0,0,0,2
5210489851,BI analyst,Senior Data Engineer,idfc first bank,UK,UK,,,IT Jobs,59227.34,59227.34,,full_time,2025-05-22 08:55:31+00:00,2026-09-20 00:55:59.308159+00:00,2025-05-22,59227.34,1,59227.34,Other,Senior,UK,1,1,0,0,0,0,0,0,0,0,0,0,1,0,0,0,0,0,0,0,0,3
5210480123,BI analyst,Lead Analyst - BI/DW - ETL & Reporting Developer,cgi,UK,UK,,,IT Jobs,47396.7,47396.7,,full_time,2025-05-22 08:54:18+00:00,2026-09-20 00:55:59.308159+00:00,2025-05-22,47396.7,1,47396.7,BI Analyst,Senior,UK,0,0,0,0,0,0,0,0,0,0,0,0,0,0,0,0,0,0,0,0,0,0
5890868692,reporting analyst,Finance Management Analyst,Nomad Foods Europe / Birds Eye,"Hammersmith, West London",UK > London > West London > Hammersmith,51.495618,-0.224255,Accounting & Finance Jobs,50638.43,50638.43,,full_time,2026-09-19 18:15:50+00:00,2026-09-20 00:55:59.308159+00:00,2026-09-19,50638.43,1,50638.43,Other Analytics,Mid / Unspecified,London,0,0,0,0,0,0,0,0,0,0,0,0,0,0,0,0,0,0,0,0,0,0
5890840991,reporting analyst,Client Reporting Analyst,Janus Henderson Investors,UK,UK,,,Accounting & Finance Jobs,0.0,6055.0,,,2026-09-19 17:33:07+00:00,2026-09-20 00:55:59.308159+00:00,2026-09-19,3027.5,1,,Reporting Analyst,Mid / Unspecified,UK,0,0,0,0,0,0,0,0,0,0,0,0,0,0,0,0,0,0,0,0,0,0
5890838805,reporting analyst,Senior Analyst - Performance Reporting (12 months FTC ),Iberdrola,UK,UK,,,IT Jobs,0.0,56317.0,contract,,2026-09-19 17:32:52+00:00,2026-09-20 00:55:59.308159+00:00,2026-09-19,28158.5,1,28158.5,Reporting Analyst,Senior,UK,0,0,0,0,0,0,0,0,0,0,0,0,0,0,0,0,0,0,0,0,0,0
5890406213,reporting analyst,Trade & Transaction Reporting Business Analyst / Project Manager,Capco,"Glasgow, Scotland",UK > Scotland > Glasgow,55.86026,-4.25596,IT Jobs,61768.62,61768.62,contract,,2026-09-19 11:07:50+00:00,2026-09-20 00:55:59.308159+00:00,2026-09-19,61768.62,1,61768.62,Reporting Analyst,Senior,Scotland,0,0,0,0,0,0,0,0,0,0,0,0,0,0,0,0,0,0,0,0,0,0
5890398753,reporting analyst,Senior Business Analyst,Quantum,"London, UK",UK > London,51.503378,-0.139134,"PR, Advertising & Marketing Jobs",49108.55,49108.55,,full_time,2026-09-19 10:59:20+00:00,2026-09-20 00:55:59.308159+00:00,2026-09-19,49108.55,1,49108.55,Other Analytics,Senior,London,0,0,0,0,0,0,0,0,0,0,0,0,0,0,0,0,0,0,0,0,0,0
5890394527,reporting analyst,Trade & Transaction Reporting Business Analyst / Project Manager,Capco,"London, UK",UK > London,51.503378,-0.139134,IT Jobs,70485.9,70485.9,contract,,2026-09-19 10:52:20+00:00,2026-09-20 00:55:59.308159+00:00,2026-09-19,70485.9,1,70485.9,Reporting Analyst,Senior,London,0,0,0,0,0,0,0,0,0,0,0,0,0,0,0,0,0,0,0,0,0,0
5890394099,reporting analyst,"Head of Operational Excellence, Process Improvement and Automation",Equals Equals,"Bankside, South East London",UK > London > South East London > Bankside,51.510396,-0.093908,Accounting & Finance Jobs,59606.54,59606.54,permanent,full_time,2026-09-19 10:51:40+00:00,2026-09-20 00:55:59.308159+00:00,2026-09-19,59606.54,1,59606.54,Other,Senior,London,0,0,0,0,0,0,0,0,0,0,0,0,0,0,0,0,0,0,0,0,0,0
5890098523,reporting analyst,Client Reporting Analyst,LegalAndGeneral,"Cardiff County, Wales",UK > Wales > Cardiff County,51.5078,-3.210445,Accounting & Finance Jobs,35662.89,35662.89,permanent,,2026-09-19 03:52:44+00:00,2026-09-20 00:55:59.308159+00:00,2026-09-19,35662.89,1,35662.89,Reporting Analyst,Mid / Unspecified,Wales,0,0,0,0,0,0,0,0,0,0,0,0,0,0,0,0,0,0,0,0,0,0
5890060824,reporting analyst,Reporting Analyst,Unknown,UK,UK,,,IT Jobs,36097.76,36097.76,permanent,full_time,2026-09-19 02:53:28+00:00,2026-09-20 00:55:59.308159+00:00,2026-09-19,36097.76,1,36097.76,Reporting Analyst,Mid / Unspecified,UK,1,0,0,0,0,0,0,0,0,0,0,0,0,0,0,0,0,0,0,0,0,1
5889787634,reporting analyst,Group Treasury Manager,Human Capital Partners Limited,"London, UK",UK > London,51.503378,-0.139134,Accounting & Finance Jobs,70000.0,80000.0,contract,full_time,2026-09-18 22:27:52+00:00,2026-09-20 00:55:59.308159+00:00,2026-09-18,75000.0,1,75000.0,Other,Senior,London,0,0,0,0,0,0,0,0,0,0,0,0,0,0,0,0,0,0,0,0,0,0
5889777520,reporting analyst,Senior People Insights Analyst,Frazer Jones,"Oxfordshire, South East England",UK > South East England > Oxfordshire,51.784375,-1.308003,HR & Recruitment Jobs,60000.0,60000.0,contract,,2026-09-18 21:53:12+00:00,2026-09-20 00:55:59.308159+00:00,2026-09-18,60000.0,1,60000.0,Other Analytics,Senior,South East England,0,0,0,0,0,0,0,0,0,0,0,0,0,0,0,0,0,0,0,0,0,0
5889392074,reporting analyst,Trade & Transaction Reporting SME / Lead Business Analyst,G MASS,"London, UK",UK > London,51.503378,-0.139134,Accounting & Finance Jobs,74259.47,74259.47,contract,full_time,2026-09-18 15:46:53+00:00,2026-09-20 00:55:59.308159+00:00,2026-09-18,74259.47,1,74259.47,Reporting Analyst,Senior,London,0,0,0,0,0,0,0,0,0,0,0,0,0,0,0,0,0,0,0,0,0,0
5889042227,reporting analyst,Senior Commercial Cost Analyst,Rehlko,UK,UK,,,Accounting & Finance Jobs,51555.56,51555.56,,full_time,2026-09-18 11:00:19+00:00,2026-09-20 00:55:59.308159+00:00,2026-09-18,51555.56,1,51555.56,Other Analytics,Senior,UK,0,0,0,0,0,0,0,0,0,0,0,0,0,0,0,0,0,0,0,0,0,0
5889042091,reporting analyst,2027 BNY Analyst Program – Client Coverage - (London),BNY Mellon,"London, UK",UK > London,51.503378,-0.139134,Accounting & Finance Jobs,74257.41,74257.41,,full_time,2026-09-18 11:00:11+00:00,2026-09-20 00:55:59.308159+00:00,2026-09-18,74257.41,1,74257.41,Other Analytics,Mid / Unspecified,London,0,0,0,0,0,0,0,0,0,0,0,0,0,0,0,0,0,0,0,0,0,0
5889030619,reporting analyst,2027 BNY Analyst Program – Client Coverage (Manchester),BNY Mellon,"Manchester, Greater Manchester",UK > North West England > Greater Manchester > Manchester,53.480701,-2.23438,Accounting & Finance Jobs,69475.62,69475.62,,full_time,2026-09-18 10:56:25+00:00,2026-09-20 00:55:59.308159+00:00,2026-09-18,69475.62,1,69475.62,Other Analytics,Mid / Unspecified,North West England,0,0,0,0,0,0,0,0,0,0,0,0,0,0,0,0,0,0,0,0,0,0
5889022588,reporting analyst,First Line Service Desk Analyst,Regent College London,"London, UK",UK > London,51.503378,-0.139134,IT Jobs,29802.8,29802.8,,full_time,2026-09-18 10:49:15+00:00,2026-09-20 00:55:59.308159+00:00,2026-09-18,29802.8,1,29802.8,Other Analytics,Mid / Unspecified,London,0,0,0,0,0,0,0,0,0,0,0,0,0,0,0,0,0,0,0,0,0,0
5889019996,reporting analyst,"Project Manager & Appraiser, Corporate Recovery",Gordon Brothers,UK,UK,,,"Energy, Oil & Gas Jobs",45428.42,45428.42,,full_time,2026-09-18 10:47:27+00:00,2026-09-20 00:55:59.308159+00:00,2026-09-18,45428.42,1,45428.42,Other,Senior,UK,0,0,0,0,0,0,0,0,0,0,0,0,0,0,0,0,0,0,0,0,0,0
5889018047,reporting analyst,Senior Salesforce Developer,Online Education Services,"Birmingham, West Midlands",UK > West Midlands > Birmingham,52.483002,-1.89359,IT Jobs,65000.0,70000.0,,,2026-09-18 10:45:58+00:00,2026-09-20 00:55:59.308159+00:00,2026-09-18,67500.0,1,67500.0,Other,Senior,West Midlands,0,0,0,0,0,0,0,0,0,0,0,0,0,0,0,0,0,0,0,0,0,0
5888879810,reporting analyst,Senior Regulatory Reporting Analyst,Rathbones Group Plc,"Low Hill, Liverpool",UK > North West England > Merseyside > Liverpool > Low Hill,53.404234,-2.994413,IT Jobs,37575.42,37575.42,permanent,,2026-09-18 08:49:52+00:00,2026-09-20 00:55:59.308159+00:00,2026-09-18,37575.42,1,37575.42,Reporting Analyst,Senior,North West England,0,0,0,0,0,0,0,0,0,0,0,0,0,0,0,0,0,0,0,0,0,0
5888731224,reporting analyst,Senior Regulatory Reporting Analyst,Rathbones Group Plc,"Liverpool, Merseyside",UK > North West England > Merseyside > Liverpool,53.410801,-2.97784,IT Jobs,37079.36,37079.36,permanent,,2026-09-18 05:51:18+00:00,2026-09-20 00:55:59.308159+00:00,2026-09-18,37079.36,1,37079.36,Reporting Analyst,Senior,North West England,0,0,0,0,0,0,0,0,0,0,0,0,0,0,0,0,0,0,0,0,0,0
5888512333,reporting analyst,Regulatory Reporting Business Analyst - Senior AVP,Wells Fargo,"London, UK",UK > London,51.503378,-0.139134,Accounting & Finance Jobs,77564.0,77564.0,,,2026-09-18 02:14:26+00:00,2026-09-20 00:55:59.308159+00:00,2026-09-18,77564.0,1,77564.0,Reporting Analyst,Senior,London,0,0,0,0,0,0,0,0,0,0,0,0,0,0,0,0,0,0,0,0,0,0
5888219690,reporting analyst,Treasury Analyst - Utilities,Michael Page Finance,"London, UK",UK > London,,,Accounting & Finance Jobs,55000.0,55000.0,,full_time,2026-09-17 22:31:50+00:00,2026-09-20 00:55:59.308159+00:00,2026-09-17,55000.0,1,55000.0,Other Analytics,Mid / Unspecified,London,0,0,0,0,0,0,0,0,0,0,0,0,0,0,0,0,0,0,0,0,0,0
5888219388,reporting analyst,Management Accountant,Proprec,"Birmingham, West Midlands",UK > West Midlands > Birmingham,52.483002,-1.89359,Accounting & Finance Jobs,35000.0,40000.0,contract,full_time,2026-09-17 22:31:47+00:00,2026-09-20 00:55:59.308159+00:00,2026-09-17,37500.0,1,37500.0,Other,Mid / Unspecified,West Midlands,0,0,0,0,0,0,0,0,0,0,0,0,0,0,0,0,0,0,0,0,0,0
5888197992,reporting analyst,Senior Insights Analyst,Ello Group Ltd,"Huddersfield, West Yorkshire",UK > Yorkshire And The Humber > West Yorkshire > Huddersfield,53.645199,-1.78493,IT Jobs,49661.04,49661.04,,,2026-09-17 21:53:09+00:00,2026-09-20 00:55:59.308159+00:00,2026-09-17,49661.04,1,49661.04,Other Analytics,Senior,Yorkshire And The Humber,0,0,0,0,0,0,0,0,0,0,0,0,0,0,0,0,0,0,0,0,0,0
5888089690,reporting analyst,Asbestos Administrator,Future Select Recruitment,"Newcastle Upon Tyne, Tyne & Wear",UK > North East England > Tyne & Wear > Newcastle Upon Tyne,55.028274,-1.746207,Admin Jobs,25000.0,32000.0,permanent,full_time,2026-09-17 19:07:16+00:00,2026-09-20 00:55:59.308159+00:00,2026-09-17,28500.0,1,28500.0,Other,Mid / Unspecified,North East England,0,0,0,0,0,0,0,0,0,0,0,0,0,0,0,0,0,0,0,0,0,0
5888088890,reporting analyst,Management Accountant,Proprec,"Hockley, Birmingham",UK > West Midlands > Birmingham > Hockley,52.489561,-1.911328,Accounting & Finance Jobs,35000.0,40000.0,contract,,2026-09-17 19:04:06+00:00,2026-09-20 00:55:59.308159+00:00,2026-09-17,37500.0,1,37500.0,Other,Mid / Unspecified,West Midlands,0,0,0,0,0,0,0,0,0,0,0,0,0,0,0,0,0,0,0,0,0,0
5887998721,reporting analyst,Data Engineer (Python / SQL),Rise Technical Recruitment Limited,"Oxford, Oxfordshire",UK > South East England > Oxfordshire > Oxford,51.7523,-1.25588,IT Jobs,54725.59,54725.59,contract,full_time,2026-09-17 17:33:43+00:00,2026-09-20 00:55:59.308159+00:00,2026-09-17,54725.59,1,54725.59,Other,Mid / Unspecified,South East England,1,1,0,0,0,0,0,0,0,0,0,0,0,0,0,0,0,0,0,0,0,2
5887939754,reporting analyst,Senior Resource Planning Manager,Everflow,"Peterlee, County Durham",UK > North East England > County Durham > Peterlee,54.7607,-1.33258,IT Jobs,53000.0,65000.0,,full_time,2026-09-17 17:15:40+00:00,2026-09-20 00:55:59.308159+00:00,2026-09-17,59000.0,1,59000.0,Other,Senior,North East England,0,0,0,0,0,0,0,0,0,0,0,0,0,0,0,0,0,0,0,0,0,0
5887903140,reporting analyst,Data Engineer (Python / SQL),Rise Technical Recruitment,"Wytham, Oxford",UK > South East England > Oxfordshire > Oxford > Wytham,51.78214,-1.325384,IT Jobs,53083.56,53083.56,contract,full_time,2026-09-17 17:00:46+00:00,2026-09-20 00:55:59.308159+00:00,2026-09-17,53083.56,1,53083.56,Other,Mid / Unspecified,South East England,1,1,0,0,0,0,0,0,0,0,0,0,0,0,0,0,0,0,0,0,0,2
5887902287,reporting analyst,Programme Manager,Langham Recruitment,"London, UK",UK > London,51.503378,-0.139134,IT Jobs,70000.0,80000.0,,full_time,2026-09-17 17:00:33+00:00,2026-09-20 00:55:59.308159+00:00,2026-09-17,75000.0,1,75000.0,Other,Senior,London,0,0,0,0,0,0,0,0,0,0,0,0,0,0,0,0,0,0,0,0,0,0
5887464775,reporting analyst,Project Controls Data & Reporting Analyst,AtkinsRéalis,"London, UK",UK > London,,,IT Jobs,40997.66,40997.66,contract,full_time,2026-09-17 10:55:29+00:00,2026-09-20 00:55:59.308159+00:00,2026-09-17,40997.66,1,40997.66,Reporting Analyst,Mid / Unspecified,London,0,0,0,1,0,0,0,0,0,0,0,0,0,0,0,0,0,0,0,0,0,1
5887462518,reporting analyst,Regulatory Reporting Business Analyst - Senior AVP,Wells Fargo Bank,"London, UK",UK > London,,,Accounting & Finance Jobs,65291.71,65291.71,,full_time,2026-09-17 10:53:44+00:00,2026-09-20 00:55:59.308159+00:00,2026-09-17,65291.71,1,65291.71,Reporting Analyst,Senior,London,0,0,0,0,0,0,0,0,0,0,0,0,0,0,0,0,0,0,0,0,0,0
5887458795,reporting analyst,Client Proposals & Regulatory Fund Reporting Analyst,Wisdomtree UK,"London, UK",UK > London,51.503378,-0.139134,Accounting & Finance Jobs,50082.71,50082.71,,full_time,2026-09-17 10:51:16+00:00,2026-09-20 00:55:59.308159+00:00,2026-09-17,50082.71,1,50082.71,Reporting Analyst,Mid / Unspecified,London,0,0,0,0,0,0,0,0,0,0,0,0,0,0,0,0,0,0,0,0,0,0
5887452327,reporting analyst,Support Operations Analyst,Aveni,UK,UK,,,IT Jobs,52674.32,52674.32,,full_time,2026-09-17 10:47:08+00:00,2026-09-20 00:55:59.308159+00:00,2026-09-17,52674.32,1,52674.32,Other Analytics,Mid / Unspecified,UK,0,0,0,0,0,0,0,0,0,0,0,0,0,0,0,0,0,0,0,0,0,0
5887452094,reporting analyst,"Director, Business Initiatives and Analytics Accounting, Finance",Canadian Imperial Bank of Commerce,"London, UK",UK > London,,,Accounting & Finance Jobs,82682.44,82682.44,,full_time,2026-09-17 10:46:55+00:00,2026-09-20 00:55:59.308159+00:00,2026-09-17,82682.44,1,82682.44,Other Analytics,Mid / Unspecified,London,0,0,0,0,0,0,0,0,0,0,0,0,0,0,0,0,0,0,0,0,0,0
5887452057,reporting analyst,Claims Business Analyst,Tokio Marine HCC,"London, UK",UK > London,51.503378,-0.139134,IT Jobs,53865.69,53865.69,permanent,full_time,2026-09-17 10:46:53+00:00,2026-09-20 00:55:59.308159+00:00,2026-09-17,53865.69,1,53865.69,Other Analytics,Mid / Unspecified,London,0,0,0,0,0,0,0,0,0,0,0,0,0,0,0,0,0,0,0,0,0,0
5887443031,reporting analyst,Data Engineer,Mace Limited,"London, UK",UK > London,,,IT Jobs,55445.02,55445.02,,full_time,2026-09-17 10:39:39+00:00,2026-09-20 00:55:59.308159+00:00,2026-09-17,55445.02,1,55445.02,Other,Mid / Unspecified,London,0,0,0,0,0,0,0,0,1,0,0,0,0,0,0,0,0,0,0,0,0,1
5887116833,reporting analyst,Reporting Insight Analyst,Bupa,UK,UK,,,IT Jobs,54071.15,54071.15,permanent,full_time,2026-09-17 05:00:18+00:00,2026-09-20 00:55:59.308159+00:00,2026-09-17,54071.15,1,54071.15,Reporting Analyst,Mid / Unspecified,UK,0,0,0,0,0,0,0,0,0,0,0,0,0,0,0,0,0,0,0,0,0,0
5886973927,reporting analyst,Financial Reporting Accountant,Reed,"Christchurch, Dorset",UK > South West England > Dorset > Christchurch,50.733799,-1.77602,Accounting & Finance Jobs,45000.0,50000.0,contract,full_time,2026-09-17 02:20:38+00:00,2026-09-20 00:55:59.308159+00:00,2026-09-17,47500.0,1,47500.0,Reporting Analyst,Mid / Unspecified,South West England,0,0,0,0,0,0,0,0,0,0,0,0,0,0,0,0,0,0,0,0,0,0
5886972346,reporting analyst,Regulatory Reporting Business Analyst - Senior AVP,Wells Fargo,"The City, Central London",UK > London > Central London > The City,,,Accounting & Finance Jobs,77970.49,77970.49,,,2026-09-17 02:14:06+00:00,2026-09-20 00:55:59.308159+00:00,2026-09-17,77970.49,1,77970.49,Reporting Analyst,Senior,London,0,0,0,0,0,0,0,0,0,0,0,0,0,0,0,0,0,0,0,0,0,0
5886790726,reporting analyst,Senior Cyber Security Analyst,ENSEK,UK,UK,,,IT Jobs,53653.12,53653.12,,,2026-09-17 01:04:37+00:00,2026-09-20 00:55:59.308159+00:00,2026-09-17,53653.12,1,53653.12,Other Analytics,Senior,UK,0,0,0,0,0,0,0,0,0,0,0,0,0,0,0,0,0,0,0,0,0,0
5886781381,reporting analyst,Trainee Environmental Technician (Chemist),HSL Compliance Limited,"Four Ashes, Shropshire",UK > West Midlands > Shropshire > Four Ashes,52.672152,-2.119346,Scientific & QA Jobs,28003.74,28003.74,,,2026-09-17 00:57:27+00:00,2026-09-20 00:55:59.308159+00:00,2026-09-17,28003.74,1,28003.74,Other,Junior,West Midlands,0,0,0,0,0,0,0,0,0,0,0,0,0,0,0,0,0,0,0,0,0,0
5886595120,reporting analyst,Data Analyst,Elevation Recruitment Group,"Bradford, West Yorkshire",UK > Yorkshire And The Humber > West Yorkshire > Bradford,53.7939,-1.75244,IT Jobs,45977.9,45977.9,,full_time,2026-09-16 20:24:44+00:00,2026-09-20 00:55:59.308159+00:00,2026-09-16,45977.9,1,45977.9,Data Analyst,Mid / Unspecified,Yorkshire And The Humber,0,0,0,0,0,0,0,0,0,0,0,0,0,0,0,0,0,0,0,0,0,0
5886594246,reporting analyst,Junior Technology Analyst,Queen Margaret University,"Musselburgh, East Lothian",UK > Scotland > East Lothian > Musselburgh,55.9422,-3.05374,IT Jobs,25249.0,28778.0,permanent,,2026-09-16 20:18:28+00:00,2026-09-20 00:55:59.308159+00:00,2026-09-16,27013.5,1,27013.5,Other Analytics,Junior,Scotland,0,0,0,0,0,0,0,0,0,0,0,0,0,0,0,0,0,0,0,0,0,0
5886244850,reporting analyst,Mandarin Speaking Management Reporting Analyst,People First,"London, UK",UK > London,,,Accounting & Finance Jobs,56156.34,56156.34,contract,full_time,2026-09-16 14:20:18+00:00,2026-09-20 00:55:59.308159+00:00,2026-09-16,56156.34,1,56156.34,Reporting Analyst,Mid / Unspecified,London,0,0,0,0,0,0,0,0,0,0,0,0,0,0,0,0,0,0,0,0,0,0
5886234685,reporting analyst,Finance Business Partner,Rentokil Initial Group,"Crawley, West Sussex",UK > South East England > West Sussex > Crawley,51.1133,-0.182914,Accounting & Finance Jobs,48294.33,48294.33,,full_time,2026-09-16 14:13:49+00:00,2026-09-20 00:55:59.308159+00:00,2026-09-16,48294.33,1,48294.33,Other,Mid / Unspecified,South East England,0,0,0,0,0,0,0,0,0,0,0,0,0,0,0,0,0,0,0,0,0,0
5886133826,reporting analyst,Cyber Security Analyst,Sword Group,"Aberdeen, Aberdeenshire",UK > Scotland > Aberdeenshire > Aberdeen,57.147499,-2.0954,IT Jobs,45576.27,45576.27,,full_time,2026-09-16 13:18:34+00:00,2026-09-20 00:55:59.308159+00:00,2026-09-16,45576.27,1,45576.27,Other Analytics,Mid / Unspecified,Scotland,0,0,0,0,0,0,0,0,0,0,0,0,0,0,0,0,0,0,0,0,0,0
5886081660,reporting analyst,Reporting Finance Manager,Dominos,"Holcot, Northampton",UK > East Midlands > Northamptonshire > Northampton > Holcot,52.319636,-0.831728,Accounting & Finance Jobs,43210.45,43210.45,,full_time,2026-09-16 12:37:39+00:00,2026-09-20 00:55:59.308159+00:00,2026-09-16,43210.45,1,43210.45,Reporting Analyst,Senior,East Midlands,0,0,0,0,0,0,0,0,0,0,0,0,0,0,0,0,0,0,0,0,0,0
5886081655,reporting analyst,Reporting Finance Manager,Dominos,"Grove, Leighton Buzzard",UK > Eastern England > Bedfordshire > Leighton Buzzard > Grove,51.90763,-0.663716,Accounting & Finance Jobs,42806.04,42806.04,,full_time,2026-09-16 12:37:39+00:00,2026-09-20 00:55:59.308159+00:00,2026-09-16,42806.04,1,42806.04,Reporting Analyst,Senior,Eastern England,0,0,0,0,0,0,0,0,0,0,0,0,0,0,0,0,0,0,0,0,0,0
5886081656,reporting analyst,Reporting Finance Manager,Dominos,"Lathbury, Newport Pagnell",UK > South East England > Buckinghamshire > Newport Pagnell > Lathbury,52.089265,-0.721716,Accounting & Finance Jobs,46382.68,46382.68,,full_time,2026-09-16 12:37:39+00:00,2026-09-20 00:55:59.308159+00:00,2026-09-16,46382.68,1,46382.68,Reporting Analyst,Senior,South East England,0,0,0,0,0,0,0,0,0,0,0,0,0,0,0,0,0,0,0,0,0,0
5885931468,reporting analyst,Security Operations Analyst,Moog,UK,UK,,,IT Jobs,54029.39,54029.39,,full_time,2026-09-16 10:58:07+00:00,2026-09-20 00:55:59.308159+00:00,2026-09-16,54029.39,1,54029.39,Other Analytics,Mid / Unspecified,UK,0,0,0,0,0,0,0,0,0,0,0,0,0,0,0,0,0,0,0,0,0,0
5885931185,reporting analyst,Senior Workday HCM Analyst,MiQ,"London, UK",UK > London,51.503378,-0.139134,IT Jobs,61702.92,61702.92,,full_time,2026-09-16 10:57:48+00:00,2026-09-20 00:55:59.308159+00:00,2026-09-16,61702.92,1,61702.92,Other Analytics,Senior,London,0,0,0,0,0,0,0,0,0,0,0,0,0,0,0,0,0,0,0,0,0,0
5885923830,reporting analyst,HRIS Analyst II - Workday,The New York Times,UK,UK,,,IT Jobs,20611.0,20611.0,,full_time,2026-09-16 10:49:59+00:00,2026-09-20 00:55:59.308159+00:00,2026-09-16,20611.0,1,20611.0,Other Analytics,Mid / Unspecified,UK,0,0,0,0,0,0,0,0,0,0,0,0,0,0,0,0,0,0,0,0,0,0
5885917374,reporting analyst,Senior Reporting Analyst,Mace,UK,UK,,,IT Jobs,49806.07,49806.07,,full_time,2026-09-16 10:41:40+00:00,2026-09-20 00:55:59.308159+00:00,2026-09-16,49806.07,1,49806.07,Reporting Analyst,Senior,UK,0,0,0,0,0,0,0,0,0,0,0,0,0,0,0,0,0,0,0,0,0,0
5885776350,reporting analyst,"Specialist, Financial Control",Pearson Education Limited,"Belfast, Northern Ireland",UK > Northern Ireland > Belfast,,,Accounting & Finance Jobs,45070.64,45070.64,,full_time,2026-09-16 08:14:57+00:00,2026-09-20 00:55:59.308159+00:00,2026-09-16,45070.64,1,45070.64,Other,Mid / Unspecified,Northern Ireland,0,0,0,0,0,0,0,0,0,0,0,0,0,0,0,0,0,0,0,0,0,0
5885765591,reporting analyst,Tax Analyst (Compliance & Reporting),Morson Edge,"London, UK",UK > London,,,Accounting & Finance Jobs,51417.48,51417.48,permanent,,2026-09-16 07:59:33+00:00,2026-09-20 00:55:59.308159+00:00,2026-09-16,51417.48,1,51417.48,Reporting Analyst,Mid / Unspecified,London,0,0,0,0,0,0,0,0,0,0,0,0,0,0,0,0,0,0,0,0,0,0
5885650887,reporting analyst,Tax Analyst (Compliance & Reporting),Morson Edge,"West London, London",UK > London > West London,51.511529,-0.23839,Accounting & Finance Jobs,51094.86,51094.86,,,2026-09-16 05:51:26+00:00,2026-09-20 00:55:59.308159+00:00,2026-09-16,51094.86,1,51094.86,Reporting Analyst,Mid / Unspecified,London,0,0,0,0,0,0,0,0,0,0,0,0,0,0,0,0,0,0,0,0,0,0
5885140481,reporting analyst,Accounts Payable Analyst,Forge Talent Limited,"Warrington, Cheshire",UK > North West England > Cheshire > Warrington,53.392601,-2.58699,Accounting & Finance Jobs,35000.0,35000.0,contract,,2026-09-15 21:53:29+00:00,2026-09-20 00:55:59.308159+00:00,2026-09-15,35000.0,1,35000.0,Other Analytics,Mid / Unspecified,North West England,0,0,0,0,0,0,0,0,0,0,0,0,0,0,0,0,0,0,0,0,0,0
5885140486,reporting analyst,Graduate Tax Analyst,Morson Edge,"West London, London",UK > London > West London,51.511529,-0.23839,Graduate Jobs,45000.0,45000.0,,,2026-09-15 21:53:29+00:00,2026-09-20 00:55:59.308159+00:00,2026-09-15,45000.0,1,45000.0,Other Analytics,Junior,London,0,0,0,0,0,0,0,0,0,0,0,0,0,0,0,0,0,0,0,0,0,0
5885138424,reporting analyst,Credit Risk Analyst,Frasers Group Financial Services,"Clayton Le Moors, Accrington",UK > North West England > Lancashire > Accrington > Clayton Le Moors,53.773701,-2.38274,IT Jobs,31460.47,31460.47,,,2026-09-15 21:52:01+00:00,2026-09-20 00:55:59.308159+00:00,2026-09-15,31460.47,1,31460.47,Other Analytics,Mid / Unspecified,North West England,0,0,0,0,0,0,0,0,0,0,0,0,0,0,0,0,0,0,0,0,0,0
5884970981,reporting analyst,Senior Digital Investigations Analyst,Protection Group International,"Clerkenwell, Central London",UK > London > Central London > Clerkenwell,51.529737,-0.10152,IT Jobs,54449.83,54449.83,,,2026-09-15 18:41:16+00:00,2026-09-20 00:55:59.308159+00:00,2026-09-15,54449.83,1,54449.83,Other Analytics,Senior,London,0,0,0,0,0,0,0,0,0,0,0,0,0,0,0,0,0,0,0,0,0,0
5884644841,reporting analyst,Mandarin speaking Finance Analyst (Financial Reporting & Accounting),People First  Ltd,"Farringdon, Central London",UK > London > Central London > Farringdon,51.523772,-0.103815,Accounting & Finance Jobs,51102.52,51102.52,contract,,2026-09-15 14:53:03+00:00,2026-09-20 00:55:59.308159+00:00,2026-09-15,51102.52,1,51102.52,Reporting Analyst,Mid / Unspecified,London,0,0,0,0,0,0,0,0,0,0,0,0,0,0,0,0,0,0,0,0,0,0
5884640439,reporting analyst,Quant Analyst (Risk),eFinancialCareers Sourcing Services,"London, UK",UK > London,51.503378,-0.139134,IT Jobs,73973.55,73973.55,permanent,full_time,2026-09-15 14:34:09+00:00,2026-09-20 00:55:59.308159+00:00,2026-09-15,73973.55,1,73973.55,Other Analytics,Mid / Unspecified,London,0,0,0,0,0,0,0,0,0,0,0,0,0,0,0,0,0,0,0,0,0,0
5884640345,reporting analyst,"Finance, Regulatory Reporting Analyst - CER Financial",CER Financial,"London, UK",UK > London,51.503378,-0.139134,Accounting & Finance Jobs,67306.62,67306.62,permanent,full_time,2026-09-15 14:34:03+00:00,2026-09-20 00:55:59.308159+00:00,2026-09-15,67306.62,1,67306.62,Reporting Analyst,Mid / Unspecified,London,0,0,0,0,0,0,0,0,0,0,0,0,0,0,0,0,0,0,0,0,0,0
5884640247,reporting analyst,Transaction Reporting Business Analyst (18 month FTC) - Macquarie Group,Macquarie Group,"London, UK",UK > London,51.503378,-0.139134,Accounting & Finance Jobs,63444.48,63444.48,contract,full_time,2026-09-15 14:33:58+00:00,2026-09-20 00:55:59.308159+00:00,2026-09-15,63444.48,1,63444.48,Reporting Analyst,Mid / Unspecified,London,0,0,0,0,0,0,0,0,0,0,0,0,0,0,0,0,0,0,0,0,0,0
5884434818,reporting analyst,Senior Data Analyst,So Energy,"Gunnersbury, West London",UK > London > West London > Gunnersbury,51.494072,-0.27982,IT Jobs,47829.7,47829.7,,,2026-09-15 08:57:21+00:00,2026-09-20 00:55:59.308159+00:00,2026-09-15,47829.7,1,47829.7,Data Analyst,Senior,London,0,0,0,0,0,0,0,0,0,0,0,0,0,0,0,0,0,0,0,0,0,0
5884412263,reporting analyst,Risk Reporting Business Analyst,Emagine Consulting,"London, UK",UK > London,51.503378,-0.139134,Accounting & Finance Jobs,46446.46,46446.46,,full_time,2026-09-15 08:43:06+00:00,2026-09-20 00:55:59.308159+00:00,2026-09-15,46446.46,1,46446.46,Reporting Analyst,Mid / Unspecified,London,0,0,0,0,0,0,0,0,0,0,0,0,0,0,0,0,0,0,0,0,0,0
5884412252,reporting analyst,Junior Aladdin Analyst,Jupiter Asset Management Ltd,"London, UK",UK > London,51.503378,-0.139134,IT Jobs,37743.93,37743.93,,full_time,2026-09-15 08:43:04+00:00,2026-09-20 00:55:59.308159+00:00,2026-09-15,37743.93,1,37743.93,Other Analytics,Junior,London,0,0,0,0,0,0,0,0,0,0,0,0,0,0,0,0,0,0,0,0,0,0
5884332710,reporting analyst,Contract Business Analyst,Tilt Recruitment Limited,"Wilmslow, Cheshire",UK > North West England > Cheshire > Wilmslow,53.321201,-2.2377,IT Jobs,38295.08,38295.08,contract,,2026-09-15 05:52:34+00:00,2026-09-20 00:55:59.308159+00:00,2026-09-15,38295.08,1,38295.08,Other Analytics,Mid / Unspecified,North West England,0,0,0,0,0,0,0,0,0,0,0,0,0,0,0,0,0,0,0,0,0,0
5884278206,reporting analyst,Finance Operations Reporting and MI Analyst,Bupa,"Brighton, East Sussex",UK > South East England > East Sussex > Brighton,50.8195,-0.13642,Accounting & Finance Jobs,45888.54,45888.54,permanent,full_time,2026-09-15 04:52:01+00:00,2026-09-20 00:55:59.308159+00:00,2026-09-15,45888.54,1,45888.54,Reporting Analyst,Mid / Unspecified,South East England,0,0,0,0,0,0,0,0,0,0,0,0,0,0,0,0,0,0,0,0,0,0
5883962520,reporting analyst,Procurement Data Steward - £60k - Cambridge,Exalto Consulting ltd,"Eastern England, UK",UK > Eastern England,,,IT Jobs,55000.0,55000.0,permanent,,2026-09-14 23:56:26+00:00,2026-09-20 00:55:59.308159+00:00,2026-09-14,55000.0,1,55000.0,Other,Mid / Unspecified,Eastern England,0,0,0,0,0,0,0,0,0,0,0,0,0,0,0,0,0,0,0,0,0,0
5883926420,reporting analyst,Treasury & Reporting Analyst,Tabeo,"London, UK",UK > London,51.503378,-0.139134,Accounting & Finance Jobs,57187.69,57187.69,,,2026-09-14 22:51:36+00:00,2026-09-20 00:55:59.308159+00:00,2026-09-14,57187.69,1,57187.69,Reporting Analyst,Mid / Unspecified,London,0,0,0,0,0,0,0,0,0,0,0,0,0,0,0,0,0,0,0,0,0,0
5883901344,reporting analyst,Procurement Data Steward - £60k - Cambridge,Exalto Consulting ltd,"Cambridgeshire, Eastern England",UK > Eastern England > Cambridgeshire,,,IT Jobs,55000.0,55000.0,permanent,,2026-09-14 21:49:46+00:00,2026-09-20 00:55:59.308159+00:00,2026-09-14,55000.0,1,55000.0,Other,Mid / Unspecified,Eastern England,0,0,0,0,0,0,0,0,0,0,0,0,0,0,0,0,0,0,0,0,0,0
5883901073,reporting analyst,Security Operations Analyst,Moog UK,"Tewkesbury, Gloucestershire",UK > South West England > Gloucestershire > Tewkesbury,51.995899,-2.13773,IT Jobs,49759.88,49759.88,,,2026-09-14 21:49:16+00:00,2026-09-20 00:55:59.308159+00:00,2026-09-14,49759.88,1,49759.88,Other Analytics,Mid / Unspecified,South West England,0,0,0,0,0,0,0,0,0,0,0,0,0,0,0,0,0,0,0,0,0,0
5883899837,reporting analyst,Sales Planning & Compensation Analyst,Informa TechTarget,"London, UK",UK > London,51.503378,-0.139134,IT Jobs,41060.89,41060.89,,,2026-09-14 21:48:26+00:00,2026-09-20 00:55:59.308159+00:00,2026-09-14,41060.89,1,41060.89,Other Analytics,Mid / Unspecified,London,0,0,0,0,0,0,0,0,0,0,0,0,0,0,0,0,0,0,0,0,0,0
5883862079,reporting analyst,MI Specialist,Reed,"Manchester, Greater Manchester",UK > North West England > Greater Manchester > Manchester,,,IT Jobs,25480.0,25480.0,permanent,full_time,2026-09-14 20:56:28+00:00,2026-09-20 00:55:59.308159+00:00,2026-09-14,25480.0,1,25480.0,Other,Mid / Unspecified,North West England,0,0,0,0,0,0,0,0,0,0,0,0,0,0,0,0,0,0,0,0,0,0
5883794702,reporting analyst,Procurement Data Steward - Â£60k - Cambridge,Exalto Consulting Limited,"Cambridge, Cambridgeshire",UK > Eastern England > Cambridgeshire > Cambridge,52.202499,0.131237,IT Jobs,60000.0,60000.0,permanent,full_time,2026-09-14 18:13:49+00:00,2026-09-20 00:55:59.308159+00:00,2026-09-14,60000.0,1,60000.0,Other,Mid / Unspecified,Eastern England,0,0,0,0,0,0,0,0,0,0,0,0,0,0,0,0,0,0,0,0,0,0
5883639102,reporting analyst,MIFID Transaction reporting TTR Business Analyst,Huxley Associates,"The City, Central London",UK > London > Central London > The City,,,Accounting & Finance Jobs,45000.0,75000.0,permanent,full_time,2026-09-14 14:45:38+00:00,2026-09-20 00:55:59.308159+00:00,2026-09-14,60000.0,1,60000.0,Reporting Analyst,Mid / Unspecified,London,0,0,0,0,0,0,0,0,0,0,0,0,0,0,0,0,0,0,0,0,0,0
5883638838,reporting analyst,Network Reporting Analyst,South West Water,"Exeter, Devon",UK > South West England > Devon > Exeter,50.721802,-3.53362,Admin Jobs,28000.0,32000.0,,full_time,2026-09-14 14:45:31+00:00,2026-09-20 00:55:59.308159+00:00,2026-09-14,30000.0,1,30000.0,Reporting Analyst,Mid / Unspecified,South West England,0,0,0,0,0,0,0,0,0,0,0,0,0,0,0,0,0,0,0,0,0,0
5883610902,reporting analyst,Sustainability Reporting Analyst,Workshop Recruitment,"Portsmouth, Hampshire",UK > South East England > Hampshire > Portsmouth,50.798901,-1.09116,IT Jobs,28000.0,38000.0,permanent,full_time,2026-09-14 13:09:13+00:00,2026-09-20 00:55:59.308159+00:00,2026-09-14,33000.0,1,33000.0,Reporting Analyst,Mid / Unspecified,South East England,0,0,0,0,0,0,0,0,0,0,0,0,0,0,0,0,0,0,0,0,0,0
5883455654,reporting analyst,Drainage CCTV Processor,Vector Recruitment Solutions Ltd,UK,UK,,,Engineering Jobs,40000.0,40000.0,permanent,,2026-09-14 10:41:23+00:00,2026-09-20 00:55:59.308159+00:00,2026-09-14,40000.0,1,40000.0,Other,Mid / Unspecified,UK,0,0,0,0,0,0,0,0,0,0,0,0,0,0,0,0,0,0,0,0,0,0
5882775942,reporting analyst,Entry Level Autism Therapist - No cert required - good pay,Ability Builders ABA Co,UK,UK,,,Healthcare & Nursing Jobs,34928.31,34928.31,,full_time,2026-09-13 17:12:32+00:00,2026-09-20 00:55:59.308159+00:00,2026-09-13,34928.31,1,34928.31,Other,Junior,UK,0,0,0,0,0,0,0,0,0,0,0,0,0,0,0,0,0,0,1,0,0,1
5882774114,reporting analyst,Behavioral Health Technician (BHT) - Good Pay and Supportive Culture,Ability Builders ABA Co,UK,UK,,,Healthcare & Nursing Jobs,41475.23,41475.23,,full_time,2026-09-13 17:10:38+00:00,2026-09-20 00:55:59.308159+00:00,2026-09-13,41475.23,1,41475.23,Other,Mid / Unspecified,UK,0,0,0,0,0,0,0,0,0,0,0,0,0,0,0,0,0,0,1,0,0,1
5882773968,reporting analyst,FP&A Analyst,MAXIS Global Benefits Network,"London, UK",UK > London,51.503378,-0.139134,Accounting & Finance Jobs,35918.03,35918.03,,full_time,2026-09-13 17:10:30+00:00,2026-09-20 00:55:59.308159+00:00,2026-09-13,35918.03,1,35918.03,Other Analytics,Mid / Unspecified,London,0,0,0,0,0,0,0,0,0,0,0,0,0,0,0,0,0,0,0,0,0,0
5882764606,reporting analyst,Senior Analyst - Business Services Team - London,Lazard,"London, UK",UK > London,51.503378,-0.139134,Accounting & Finance Jobs,31260.22,31260.22,,full_time,2026-09-13 17:01:03+00:00,2026-09-20 00:55:59.308159+00:00,2026-09-13,31260.22,1,31260.22,Other Analytics,Senior,London,0,0,0,0,0,0,0,0,0,0,0,0,0,0,0,0,0,0,0,0,0,0
5882729701,reporting analyst,"Specialist, Financial Control",Pearson,"County Antrim, Northern Ireland",UK > Northern Ireland > County Antrim,,,Accounting & Finance Jobs,51050.88,51050.88,,full_time,2026-09-13 16:43:58+00:00,2026-09-20 00:55:59.308159+00:00,2026-09-13,51050.88,1,51050.88,Other,Mid / Unspecified,Northern Ireland,0,0,0,0,0,0,0,0,0,0,0,0,0,0,0,0,0,0,0,0,0,0
5882072071,reporting analyst,"Specialist, Financial Control",Pearson,"Belfast, Northern Ireland",UK > Northern Ireland > Belfast,,,Accounting & Finance Jobs,45958.57,45958.57,,,2026-09-13 02:12:26+00:00,2026-09-20 00:55:59.308159+00:00,2026-09-13,45958.57,1,45958.57,Other,Mid / Unspecified,Northern Ireland,0,0,0,0,0,0,0,0,0,0,0,0,0,0,0,0,0,0,0,0,0,0
5881158942,reporting analyst,QA Analyst,SEGA Europe,"London, UK",UK > London,51.503378,-0.139134,IT Jobs,38546.11,38546.11,,full_time,2026-09-12 17:05:59+00:00,2026-09-20 00:55:59.308159+00:00,2026-09-12,38546.11,1,38546.11,Other Analytics,Mid / Unspecified,London,0,0,0,0,0,0,0,0,0,0,0,0,0,0,0,0,0,0,0,0,0,0
5881152014,reporting analyst,Senior Media Planner,Adobe,"London, UK",UK > London,51.503378,-0.139134,Creative & Design Jobs,35649.73,35649.73,,full_time,2026-09-12 17:00:45+00:00,2026-09-20 00:55:59.308159+00:00,2026-09-12,35649.73,1,35649.73,Other,Senior,London,0,0,0,0,0,0,0,0,0,0,0,0,0,0,0,0,0,0,0,0,0,0
5881151617,reporting analyst,Senior Reporting Analyst - 6 month FTC,Perk,"London, UK",UK > London,51.503378,-0.139134,IT Jobs,46022.43,46022.43,contract,full_time,2026-09-12 17:00:33+00:00,2026-09-20 00:55:59.308159+00:00,2026-09-12,46022.43,1,46022.43,Reporting Analyst,Senior,London,0,0,0,0,0,0,0,0,0,0,0,0,0,0,0,0,0,0,0,0,0,0
5881147417,reporting analyst,"Financial Reporting, Policy & Technical Accounting Senior Analyst - BPL",Barclays,UK,UK,,,Accounting & Finance Jobs,54627.09,54627.09,,full_time,2026-09-12 16:57:41+00:00,2026-09-20 00:55:59.308159+00:00,2026-09-12,54627.09,1,54627.09,Reporting Analyst,Senior,UK,0,0,0,0,0,0,0,0,0,0,0,0,0,0,0,0,0,0,0,0,0,0
5881140265,reporting analyst,Data Analyst Developer - Strategic Planning and Performance Insight - 106157 - Grade 7,The University of Birmingham,"Bournbrook, Birmingham",UK > West Midlands > Birmingham > Bournbrook,52.448975,-1.93086,IT Jobs,36636.0,46049.0,permanent,full_time,2026-09-12 16:54:45+00:00,2026-09-20 00:55:59.308159+00:00,2026-09-12,41342.5,1,41342.5,Data Analyst,Mid / Unspecified,West Midlands,0,0,0,0,0,0,0,0,0,0,0,0,0,0,0,0,0,0,0,0,0,0
5881128617,reporting analyst,Senior Management Accountant,STARK Group,UK,UK,,,Accounting & Finance Jobs,44501.26,44501.26,,full_time,2026-09-12 16:51:18+00:00,2026-09-20 00:55:59.308159+00:00,2026-09-12,44501.26,1,44501.26,Other,Senior,UK,0,0,0,0,0,0,0,0,0,0,0,0,0,0,0,0,0,0,0,0,0,0
5881115271,reporting analyst,Data & Reporting Analyst,Sopra Steria,"Churwell, Morley",UK > Yorkshire And The Humber > West Yorkshire > Leeds > Morley > Churwell,53.762228,-1.5776,IT Jobs,30000.0,30000.0,permanent,full_time,2026-09-12 16:45:02+00:00,2026-09-20 00:55:59.308159+00:00,2026-09-12,30000.0,1,30000.0,Reporting Analyst,Mid / Unspecified,Yorkshire And The Humber,0,0,0,0,0,0,0,0,0,0,0,0,0,0,0,0,0,0,0,0,0,0
5880886349,reporting analyst,Asset Investment Manager,Trident Group,"Balsall Heath, Birmingham",UK > West Midlands > Birmingham > Balsall Heath,52.460083,-1.902086,Trade & Construction Jobs,50000.0,55000.0,permanent,full_time,2026-09-12 11:53:51+00:00,2026-09-20 00:55:59.308159+00:00,2026-09-12,52500.0,1,52500.0,Other,Senior,West Midlands,0,0,0,0,0,0,0,0,0,0,0,0,0,0,0,0,0,0,0,0,0,0
5880700095,reporting analyst,ERP and Reporting Analyst,Erin Associates,UK,UK,,,IT Jobs,50000.0,50000.0,permanent,,2026-09-12 07:51:39+00:00,2026-09-20 00:55:59.308159+00:00,2026-09-12,50000.0,1,50000.0,Reporting Analyst,Mid / Unspecified,UK,0,0,0,0,0,0,0,0,0,0,0,0,0,0,0,0,0,0,0,0,0,0
5880541885,reporting analyst,SAP Group Reporting Analyst - S/4HANA Transformation,MAG Manchester Airports Group,"Manchester, Greater Manchester",UK > North West England > Greater Manchester > Manchester,53.480701,-2.23438,IT Jobs,68430.48,68430.48,contract,,2026-09-12 04:15:07+00:00,2026-09-20 00:55:59.308159+00:00,2026-09-12,68430.48,1,68430.48,Reporting Analyst,Mid / Unspecified,North West England,0,0,0,0,0,0,0,0,0,0,0,0,0,0,0,0,0,0,0,0,0,0
5880288646,reporting analyst,Data Analyst – Environmental Monitoring,HSL Compliance Limited,"Four Ashes, Shropshire",UK > West Midlands > Shropshire > Four Ashes,52.672152,-2.119346,IT Jobs,34956.6,34956.6,,,2026-09-12 01:04:44+00:00,2026-09-20 00:55:59.308159+00:00,2026-09-12,34956.6,1,34956.6,Data Analyst,Mid / Unspecified,West Midlands,0,0,0,0,0,0,0,0,0,0,0,0,0,0,0,0,0,0,0,0,0,0
5880235040,reporting analyst,Asset Investment Manager,Trident Housing Association Limited,"Birmingham, West Midlands",UK > West Midlands > Birmingham,52.483002,-1.89359,Trade & Construction Jobs,55000.0,55000.0,permanent,,2026-09-11 23:53:32+00:00,2026-09-20 00:55:59.308159+00:00,2026-09-11,55000.0,1,55000.0,Other,Senior,West Midlands,0,0,0,0,0,0,0,0,0,0,0,0,0,0,0,0,0,0,0,0,0,0
5880147861,reporting analyst,Junior Data Analyst,Crew Clothing Head Office,"Kingston Upon Thames, South West London",UK > London > South West London > Kingston Upon Thames,51.4123,-0.300443,IT Jobs,30067.65,30067.65,,full_time,2026-09-11 23:28:03+00:00,2026-09-20 00:55:59.308159+00:00,2026-09-11,30067.65,1,30067.65,Data Analyst,Junior,London,0,0,0,0,0,0,0,0,0,0,0,0,0,0,0,0,0,0,0,0,0,0
5880140423,reporting analyst,Reporting Analyst,Adecco,"Farringdon, Central London",UK > London > Central London > Farringdon,51.523772,-0.103815,IT Jobs,91000.0,104000.0,contract,,2026-09-11 23:14:44+00:00,2026-09-20 00:55:59.308159+00:00,2026-09-11,97500.0,1,97500.0,Reporting Analyst,Mid / Unspecified,London,0,0,0,0,0,0,0,0,0,0,0,0,0,0,0,0,0,0,0,0,0,0
5880114036,reporting analyst,Transaction Reporting Analyst,LegalAndGeneral,"Cardiff County, Wales",UK > Wales > Cardiff County,51.5078,-3.210445,Accounting & Finance Jobs,35496.52,35496.52,permanent,,2026-09-11 21:55:14+00:00,2026-09-20 00:55:59.308159+00:00,2026-09-11,35496.52,1,35496.52,Reporting Analyst,Mid / Unspecified,Wales,0,0,0,0,0,0,0,0,0,0,0,0,0,0,0,0,0,0,0,0,0,0
5880098249,reporting analyst,Finance Analyst,Harper May Ltd,"London, UK",UK > London,51.503378,-0.139134,Accounting & Finance Jobs,60000.0,65000.0,,full_time,2026-09-11 20:48:45+00:00,2026-09-20 00:55:59.308159+00:00,2026-09-11,62500.0,1,62500.0,Other Analytics,Mid / Unspecified,London,0,0,0,0,0,0,0,0,0,0,0,0,0,0,0,0,0,0,0,0,0,0
5880096667,reporting analyst,Remote - Financial Planning & Reporting Analyst,Transaction Recruitment,"Balsall Heath, Birmingham",UK > West Midlands > Birmingham > Balsall Heath,52.460083,-1.902086,Accounting & Finance Jobs,45000.0,50000.0,,full_time,2026-09-11 20:48:19+00:00,2026-09-20 00:55:59.308159+00:00,2026-09-11,47500.0,1,47500.0,Reporting Analyst,Mid / Unspecified,West Midlands,0,0,0,0,0,0,0,0,0,0,0,0,0,0,0,0,0,0,0,0,0,0
5880050980,reporting analyst,Finance Analyst,Harper May,"Blackfriars, Central London",UK > London > Central London > Blackfriars,51.513672,-0.10128,Accounting & Finance Jobs,60000.0,65000.0,,,2026-09-11 19:35:48+00:00,2026-09-20 00:55:59.308159+00:00,2026-09-11,62500.0,1,62500.0,Other Analytics,Mid / Unspecified,London,0,0,0,0,0,0,0,0,0,0,0,0,0,0,0,0,0,0,0,0,0,0
5879935715,reporting analyst,Data and Reporting Analyst,Rolls-Royce,UK,UK,,,IT Jobs,58968.14,58968.14,,full_time,2026-09-11 17:04:41+00:00,2026-09-20 00:55:59.308159+00:00,2026-09-11,58968.14,1,58968.14,Reporting Analyst,Mid / Unspecified,UK,0,0,0,0,0,0,0,0,0,0,0,0,0,0,0,0,0,0,0,0,0,0
5879935221,reporting analyst,Finance Analyst,Byoma,"Glasgow, Scotland",UK > Scotland > Glasgow,55.86026,-4.25596,Accounting & Finance Jobs,41785.57,41785.57,,,2026-09-11 17:04:20+00:00,2026-09-20 00:55:59.308159+00:00,2026-09-11,41785.57,1,41785.57,Other Analytics,Mid / Unspecified,Scotland,0,0,0,0,0,0,0,0,0,0,0,0,0,0,0,0,0,0,0,0,0,0
5879929568,reporting analyst,Regulatory Reporting Analyst,South East Water,"Farnborough, Hampshire",UK > South East England > Hampshire > Farnborough,51.293999,-0.754624,Scientific & QA Jobs,41601.95,41601.95,,full_time,2026-09-11 17:01:38+00:00,2026-09-20 00:55:59.308159+00:00,2026-09-11,41601.95,1,41601.95,Reporting Analyst,Mid / Unspecified,South East England,0,0,0,0,0,0,0,0,0,0,0,0,0,0,0,0,0,0,0,0,0,0
5879913023,reporting analyst,Data Engineer- UK,CoreView,UK,UK,,,IT Jobs,53441.86,53441.86,,,2026-09-11 16:55:35+00:00,2026-09-20 00:55:59.308159+00:00,2026-09-11,53441.86,1,53441.86,Other,Mid / Unspecified,UK,0,0,0,0,0,0,0,0,0,0,0,0,0,0,0,0,0,0,0,0,0,0
5879899034,reporting analyst,Senior Analyst - Performance Reporting (12 months FTC ),Iberdrola,"Glasgow, Scotland",UK > Scotland > Glasgow,55.86026,-4.25596,IT Jobs,55000.0,68750.0,contract,,2026-09-11 16:51:30+00:00,2026-09-20 00:55:59.308159+00:00,2026-09-11,61875.0,1,61875.0,Reporting Analyst,Senior,Scotland,0,0,0,0,0,0,0,0,0,0,0,0,0,0,0,0,0,0,0,0,0,0
5879878117,reporting analyst,Sustainability Reporting Analyst,Workshop Recruitment,"Cosham, Portsmouth",UK > South East England > Hampshire > Portsmouth > Cosham,50.846672,-1.069839,IT Jobs,28000.0,38000.0,permanent,full_time,2026-09-11 16:43:11+00:00,2026-09-20 00:55:59.308159+00:00,2026-09-11,33000.0,1,33000.0,Reporting Analyst,Mid / Unspecified,South East England,0,0,0,0,0,0,0,0,0,0,0,0,0,0,0,0,0,0,0,0,0,0
5879873288,reporting analyst,Workday Integration Lead,MiQ,"London, UK",UK > London,51.503378,-0.139134,IT Jobs,75853.55,75853.55,permanent,full_time,2026-09-11 16:40:42+00:00,2026-09-20 00:55:59.308159+00:00,2026-09-11,75853.55,1,75853.55,Other,Senior,London,0,0,0,0,0,0,0,0,0,0,0,0,0,0,0,0,0,0,0,0,0,0
5879872267,reporting analyst,Project Controls Manager,Rolls-Royce SMR,"Manchester, Greater Manchester",UK > North West England > Greater Manchester > Manchester,53.480701,-2.23438,Consultancy Jobs,60000.0,78750.0,,full_time,2026-09-11 16:39:30+00:00,2026-09-20 00:55:59.308159+00:00,2026-09-11,69375.0,1,69375.0,Other,Senior,North West England,0,0,0,0,0,0,0,0,0,0,0,0,0,0,0,0,0,0,0,0,0,0
5879749780,reporting analyst,Data Analyst,Anson Mccade,"London, UK",UK > London,51.503378,-0.139134,IT Jobs,49156.57,49156.57,permanent,full_time,2026-09-11 13:56:37+00:00,2026-09-20 00:55:59.308159+00:00,2026-09-11,49156.57,1,49156.57,Data Analyst,Mid / Unspecified,London,0,0,0,0,0,0,0,0,0,0,0,0,0,0,0,0,0,0,0,0,0,0
5879305677,reporting analyst,Data Analyst,Anson Mccade,"Central London, London",UK > London > Central London,51.51985,-0.11126,IT Jobs,48423.05,48423.05,permanent,,2026-09-11 05:49:07+00:00,2026-09-20 00:55:59.308159+00:00,2026-09-11,48423.05,1,48423.05,Data Analyst,Mid / Unspecified,London,0,0,0,0,0,1,0,0,0,0,0,0,0,0,0,0,0,0,0,0,0,1
5879117495,reporting analyst,Portfolio Marketing Director,RELX INC,"Cambridge, Cambridgeshire",UK > Eastern England > Cambridgeshire > Cambridge,52.202499,0.131237,"PR, Advertising & Marketing Jobs",76814.98,76814.98,,full_time,2026-09-11 02:36:21+00:00,2026-09-20 00:55:59.308159+00:00,2026-09-11,76814.98,1,76814.98,Other,Mid / Unspecified,Eastern England,0,0,1,0,0,0,0,0,0,0,0,0,0,0,0,0,0,0,0,0,0,1
5878830464,reporting analyst,Programme Manager,Langham Recruitment,"Solihull, West Midlands",UK > West Midlands > Solihull,52.4147,-1.7743,IT Jobs,70000.0,75000.0,,full_time,2026-09-10 20:42:24+00:00,2026-09-20 00:55:59.308159+00:00,2026-09-10,72500.0,1,72500.0,Other,Senior,West Midlands,0,0,0,0,0,0,0,0,0,0,0,0,0,0,0,0,0,0,0,0,0,0
5878830362,reporting analyst,Programme Manager,Langham Recruitment,"Warrington, Cheshire",UK > North West England > Cheshire > Warrington,53.392601,-2.58699,IT Jobs,70000.0,75000.0,,full_time,2026-09-10 20:41:30+00:00,2026-09-20 00:55:59.308159+00:00,2026-09-10,72500.0,1,72500.0,Other,Senior,North West England,0,0,0,0,0,0,0,0,0,0,0,0,0,0,0,0,0,0,0,0,0,0
5878804293,reporting analyst,Demand Planner,Potential Recruitment,"Trafford Park, Manchester",UK > North West England > Greater Manchester > Manchester > Trafford Park,53.469413,-2.301094,Manufacturing Jobs,35000.0,38000.0,,full_time,2026-09-10 18:50:13+00:00,2026-09-20 00:55:59.308159+00:00,2026-09-10,36500.0,1,36500.0,Other,Mid / Unspecified,North West England,0,0,0,0,0,0,0,0,0,0,0,0,0,0,0,0,0,0,0,0,0,0
5878705441,reporting analyst,"Analyst, Strategic Finance",Volta,"London, UK",UK > London,51.503378,-0.139134,Accounting & Finance Jobs,75000.0,95000.0,,full_time,2026-09-10 17:08:07+00:00,2026-09-20 00:55:59.308159+00:00,2026-09-10,85000.0,1,85000.0,Other Analytics,Mid / Unspecified,London,0,0,0,0,0,0,0,0,0,0,0,0,0,0,0,0,0,0,0,0,0,0
5878703811,reporting analyst,12 Month Internship – Data Engineer/Data Analyst,Crédit Agricole CIB,"London, UK",UK > London,,,Accounting & Finance Jobs,56153.94,56153.94,contract,,2026-09-10 17:07:21+00:00,2026-09-20 00:55:59.308159+00:00,2026-09-10,56153.94,1,56153.94,Data Analyst,Mid / Unspecified,London,0,0,0,0,0,0,0,0,0,0,0,0,0,0,0,0,0,0,0,0,0,0
5878703123,reporting analyst,MI Specialist,Reed Specialist Recruitment,UK,UK,,,Consultancy Jobs,24500.0,25000.0,permanent,full_time,2026-09-10 17:06:58+00:00,2026-09-20 00:55:59.308159+00:00,2026-09-10,24750.0,1,24750.0,Other,Mid / Unspecified,UK,0,0,1,0,0,0,0,0,0,0,0,0,0,0,0,0,0,0,0,0,0,1
5878702877,reporting analyst,Business Analyst,DOCOsoft,"Monument, Central London",UK > London > Central London > Monument,51.512816,-0.086212,IT Jobs,56365.65,56365.65,,full_time,2026-09-10 17:06:50+00:00,2026-09-20 00:55:59.308159+00:00,2026-09-10,56365.65,1,56365.65,Other Analytics,Mid / Unspecified,London,0,0,0,0,0,0,0,0,0,0,0,0,0,0,0,0,0,0,0,0,0,0
5878696801,reporting analyst,"Senior Analyst, People Insights",Dow Jones & Company,"London, UK",UK > London,,,IT Jobs,53937.4,53937.4,,full_time,2026-09-10 17:03:19+00:00,2026-09-20 00:55:59.308159+00:00,2026-09-10,53937.4,1,53937.4,Other Analytics,Senior,London,0,0,0,0,0,0,0,0,0,0,0,0,0,0,0,0,0,0,0,0,0,0
5878684717,reporting analyst,Client Tax Reporting Lead Analyst - Contract,Schroders,"Horsham, West Sussex",UK > South East England > West Sussex > Horsham,51.063801,-0.327003,Accounting & Finance Jobs,52430.25,52430.25,contract,full_time,2026-09-10 16:58:26+00:00,2026-09-20 00:55:59.308159+00:00,2026-09-10,52430.25,1,52430.25,Reporting Analyst,Senior,South East England,0,0,0,0,0,0,0,0,0,0,0,0,0,0,0,0,0,0,0,0,0,0
5878656303,reporting analyst,KYC Analyst (UK),Ontra,UK,UK,,,HR & Recruitment Jobs,49981.22,49981.22,,full_time,2026-09-10 16:52:03+00:00,2026-09-20 00:55:59.308159+00:00,2026-09-10,49981.22,1,49981.22,Other Analytics,Mid / Unspecified,UK,0,0,0,0,0,0,0,0,0,0,0,0,0,0,0,0,0,0,0,0,0,0
5878390899,reporting analyst,ERP and Reporting Analyst,Erin Associates,"North Lincolnshire, Yorkshire And The Humber",UK > Yorkshire And The Humber > North Lincolnshire,53.602879,-0.547873,IT Jobs,35000.0,50000.0,,full_time,2026-09-10 12:46:08+00:00,2026-09-20 00:55:59.308159+00:00,2026-09-10,42500.0,1,42500.0,Reporting Analyst,Mid / Unspecified,Yorkshire And The Humber,0,0,0,0,0,0,0,0,0,0,0,0,0,0,0,0,0,0,0,0,0,0
5877816738,reporting analyst,Business Analyst Advisor,Zebra Technologies,"Bourne End, Buckinghamshire",UK > South East England > Buckinghamshire > Bourne End,51.574902,-0.709768,IT Jobs,38519.06,38519.06,,full_time,2026-09-10 02:11:56+00:00,2026-09-20 00:55:59.308159+00:00,2026-09-10,38519.06,1,38519.06,Other Analytics,Mid / Unspecified,South East England,0,0,0,0,0,0,0,0,0,0,0,0,0,0,0,0,0,0,0,0,0,0
5877816254,reporting analyst,Portfolio Marketing Director,RELX INC,"London, UK",UK > London,51.503378,-0.139134,"PR, Advertising & Marketing Jobs",81376.89,81376.89,,full_time,2026-09-10 02:11:09+00:00,2026-09-20 00:55:59.308159+00:00,2026-09-10,81376.89,1,81376.89,Other,Mid / Unspecified,London,0,0,1,0,0,0,0,0,0,0,0,0,0,0,0,0,0,0,0,0,0,1
5877618526,reporting analyst,Senior BI Developer,Harnham - Data & Analytics Recruitment,"London, UK",UK > London,,,IT Jobs,117000.0,130000.0,contract,full_time,2026-09-09 23:36:00+00:00,2026-09-20 00:55:59.308159+00:00,2026-09-09,123500.0,1,123500.0,BI Analyst,Senior,London,0,0,0,1,0,0,0,0,0,0,0,0,0,0,0,0,0,0,0,0,0,1
5877557446,reporting analyst,Finance Analyst Regulatory Reporting,Prime Personnel,"Central London, London",UK > London > Central London,51.51985,-0.11126,Accounting & Finance Jobs,50000.0,50000.0,,,2026-09-09 21:48:18+00:00,2026-09-20 00:55:59.308159+00:00,2026-09-09,50000.0,1,50000.0,Reporting Analyst,Mid / Unspecified,London,0,0,0,0,0,0,0,0,0,0,0,0,0,0,0,0,0,0,0,0,0,0
5877552048,reporting analyst,MIFID TTR Reporting business analyst,Huxley Associates,"London, UK",UK > London,,,Accounting & Finance Jobs,75000.0,75000.0,permanent,,2026-09-09 21:46:50+00:00,2026-09-20 00:55:59.308159+00:00,2026-09-09,75000.0,1,75000.0,Reporting Analyst,Mid / Unspecified,London,0,0,0,0,0,0,0,0,0,0,0,0,0,0,0,0,0,0,0,0,0,0
5877541291,reporting analyst,Management Accountant,Vistry Group,"Redhill, Surrey",UK > South East England > Surrey > Redhill,51.240799,-0.170087,Accounting & Finance Jobs,53686.81,53686.81,,,2026-09-09 21:44:20+00:00,2026-09-20 00:55:59.308159+00:00,2026-09-09,53686.81,1,53686.81,Other,Mid / Unspecified,South East England,0,0,0,0,0,0,0,0,0,0,0,0,0,0,0,0,0,0,0,0,0,0
5877472560,reporting analyst,Finance Analyst – Regulatory Reporting,Prime Personnel,"London, UK",UK > London,,,Accounting & Finance Jobs,50000.0,50000.0,,full_time,2026-09-09 20:45:25+00:00,2026-09-20 00:55:59.308159+00:00,2026-09-09,50000.0,1,50000.0,Reporting Analyst,Mid / Unspecified,London,0,0,0,0,0,0,0,0,0,0,0,0,0,0,0,0,0,0,0,0,0,0
5877440178,reporting analyst,Forecast Analyst,Harnham - Data & Analytics Recruitment,"London, UK",UK > London,,,Retail Jobs,50000.0,55000.0,contract,full_time,2026-09-09 19:29:57+00:00,2026-09-20 00:55:59.308159+00:00,2026-09-09,52500.0,1,52500.0,Other Analytics,Mid / Unspecified,London,0,0,0,0,0,1,0,0,0,0,0,0,0,0,0,0,0,0,0,0,0,1
5877407603,reporting analyst,Management Accountant,Vistry Group PLC,"Surrey, South East England",UK > South East England > Surrey,51.253928,-0.4677,Accounting & Finance Jobs,51667.43,51667.43,,full_time,2026-09-09 18:25:40+00:00,2026-09-20 00:55:59.308159+00:00,2026-09-09,51667.43,1,51667.43,Other,Mid / Unspecified,South East England,0,0,0,0,0,0,0,0,0,0,0,0,0,0,0,0,0,0,0,0,0,0
5877396199,reporting analyst,Regulatory Reporting Analyst,South East Water,"Mytchett, Camberley",UK > South East England > Surrey > Camberley > Mytchett,51.286562,-0.73797,Scientific & QA Jobs,37293.71,37293.71,,full_time,2026-09-09 18:22:21+00:00,2026-09-20 00:55:59.308159+00:00,2026-09-09,37293.71,1,37293.71,Reporting Analyst,Mid / Unspecified,South East England,0,0,0,0,0,0,0,0,0,0,0,0,0,0,0,0,0,0,0,0,0,0
5877286652,reporting analyst,Business Analyst Advisor,Zebra Technologies,UK,UK,,,IT Jobs,41384.23,41384.23,,full_time,2026-09-09 17:02:20+00:00,2026-09-20 00:55:59.308159+00:00,2026-09-09,41384.23,1,41384.23,Other Analytics,Mid / Unspecified,UK,0,0,0,0,0,0,0,0,0,0,0,0,0,0,0,0,0,0,0,0,0,0
5877238460,reporting analyst,MIFID TTR Reporting business analyst,Huxley Associates,"Farringdon, Central London",UK > London > Central London > Farringdon,51.523772,-0.103815,Accounting & Finance Jobs,50000.0,75000.0,permanent,full_time,2026-09-09 16:39:35+00:00,2026-09-20 00:55:59.308159+00:00,2026-09-09,62500.0,1,62500.0,Reporting Analyst,Mid / Unspecified,London,0,0,0,0,0,0,0,0,0,0,0,0,0,0,0,0,0,0,0,0,0,0
5877237889,reporting analyst,Finance Analyst – Regulatory Reporting,Prime Personnel UK,"St James's, South West London",UK > London > South West London > St James's,51.507943,-0.144926,Accounting & Finance Jobs,50000.0,50000.0,,full_time,2026-09-09 16:39:18+00:00,2026-09-20 00:55:59.308159+00:00,2026-09-09,50000.0,1,50000.0,Reporting Analyst,Mid / Unspecified,London,0,0,0,0,0,0,0,0,0,0,0,0,0,0,0,0,0,0,0,0,0,0
5877178557,reporting analyst,MIFID TTR Reporting business analyst,SThree UK,"London, UK",UK > London,51.503378,-0.139134,Accounting & Finance Jobs,50000.0,75000.0,permanent,full_time,2026-09-09 15:45:58+00:00,2026-09-20 00:55:59.308159+00:00,2026-09-09,62500.0,1,62500.0,Reporting Analyst,Mid / Unspecified,London,0,0,0,0,0,0,0,0,0,0,0,0,0,0,0,0,0,0,0,0,0,0
5876990388,reporting analyst,Governance & Risk Analyst,Capsticks Solicitors LLP,UK,UK,,,Legal Jobs,43312.56,43312.56,permanent,full_time,2026-09-09 11:50:45+00:00,2026-09-20 00:55:59.308159+00:00,2026-09-09,43312.56,1,43312.56,Other Analytics,Mid / Unspecified,UK,0,0,1,0,0,0,0,0,0,0,0,0,0,0,0,0,0,0,0,0,0,1
5876990066,reporting analyst,Senior Governance & Risk Analyst,Capsticks Solicitors LLP,UK,UK,,,Legal Jobs,45316.65,45316.65,permanent,full_time,2026-09-09 11:50:41+00:00,2026-09-20 00:55:59.308159+00:00,2026-09-09,45316.65,1,45316.65,Other Analytics,Senior,UK,0,0,1,0,0,0,0,0,0,0,0,0,0,0,0,0,0,0,0,0,0,1
5876749308,reporting analyst,ERP and Reporting Specialist,Erin Associates,"East Butterwick, Scunthorpe",UK > Yorkshire And The Humber > North Lincolnshire > Scunthorpe > East Butterwick,53.544201,-0.736598,IT Jobs,50000.0,50000.0,permanent,,2026-09-09 07:41:48+00:00,2026-09-20 00:55:59.308159+00:00,2026-09-09,50000.0,1,50000.0,Reporting Analyst,Mid / Unspecified,Yorkshire And The Humber,0,0,0,0,0,0,0,0,0,0,0,0,0,0,0,0,0,0,0,0,0,0
5876082274,reporting analyst,Financial Analyst (Exclusive),MCS Group,"Belfast, Northern Ireland",UK > Northern Ireland > Belfast,,,Accounting & Finance Jobs,60000.0,60000.0,,,2026-09-08 20:54:31+00:00,2026-09-20 00:55:59.308159+00:00,2026-09-08,60000.0,1,60000.0,Other Analytics,Mid / Unspecified,Northern Ireland,0,0,0,0,0,0,0,0,0,0,0,0,0,0,0,0,0,0,0,0,0,0
5876082199,reporting analyst,Mandarin speaking Finance Analyst (Financial Reporting & Accounting),People First,"London, UK",UK > London,,,Accounting & Finance Jobs,53546.04,53546.04,contract,full_time,2026-09-08 20:54:19+00:00,2026-09-20 00:55:59.308159+00:00,2026-09-08,53546.04,1,53546.04,Reporting Analyst,Mid / Unspecified,London,0,0,0,0,0,0,0,0,0,0,0,0,0,0,0,0,0,0,0,0,0,0
5876081524,reporting analyst,Financial Analyst,Robert Half,"London, UK",UK > London,,,Accounting & Finance Jobs,52000.0,58500.0,contract,full_time,2026-09-08 20:54:11+00:00,2026-09-20 00:55:59.308159+00:00,2026-09-08,55250.0,1,55250.0,Other Analytics,Mid / Unspecified,London,0,0,0,0,0,0,0,0,0,0,0,0,0,0,0,0,0,0,0,0,0,0
5876041107,reporting analyst,Supply Chain Performance Analyst,HAYS,"Glasgow, Scotland",UK > Scotland > Glasgow,55.86026,-4.25596,Logistics & Warehouse Jobs,42185.42,42185.42,permanent,,2026-09-08 20:43:59+00:00,2026-09-20 00:55:59.308159+00:00,2026-09-08,42185.42,1,42185.42,Other Analytics,Mid / Unspecified,Scotland,0,0,0,0,0,0,0,0,0,0,0,0,0,0,0,0,0,0,0,0,0,0
5875734423,reporting analyst,People Data Reporting Manager,Grant Thornton,"Leeds, West Yorkshire",UK > Yorkshire And The Humber > West Yorkshire > Leeds,53.799599,-1.54912,IT Jobs,31107.03,31107.03,,full_time,2026-09-08 17:01:34+00:00,2026-09-20 00:55:59.308159+00:00,2026-09-08,31107.03,1,31107.03,Reporting Analyst,Senior,Yorkshire And The Humber,0,0,0,0,0,0,0,0,0,0,0,0,0,0,0,0,0,0,0,0,0,0
5875647683,reporting analyst,Financial Analyst,Robert Half,"London, UK",UK > London,51.503378,-0.139134,Accounting & Finance Jobs,52000.0,58500.0,contract,full_time,2026-09-08 15:43:40+00:00,2026-09-20 00:55:59.308159+00:00,2026-09-08,55250.0,1,55250.0,Other Analytics,Mid / Unspecified,London,0,0,0,0,0,0,0,0,0,0,0,0,0,0,0,0,0,0,0,0,0,0
5875587089,reporting analyst,"Credit | Analyst, Regulatory Reporting (6 month Contract) - PGIM",PGIM,"London, UK",UK > London,51.503378,-0.139134,Accounting & Finance Jobs,41585.37,41585.37,contract,part_time,2026-09-08 13:21:36+00:00,2026-09-20 00:55:59.308159+00:00,2026-09-08,41585.37,1,41585.37,Reporting Analyst,Mid / Unspecified,London,0,0,0,0,0,0,0,0,0,0,0,0,0,0,0,0,0,0,0,0,0,0
5875329280,reporting analyst,Senior Global Benefits Analyst,TEEMZ LTD,"London, UK",UK > London,,,Sales Jobs,70000.0,70000.0,permanent,,2026-09-08 07:41:26+00:00,2026-09-20 00:55:59.308159+00:00,2026-09-08,70000.0,1,70000.0,Other Analytics,Senior,London,0,0,0,0,0,0,0,0,0,0,0,0,0,0,0,0,0,0,0,0,0,0
5874666935,reporting analyst,Cyber Metrics & Reporting Specialist,Lorien,"Reading, Berkshire",UK > South East England > Berkshire > Reading,51.455002,-0.969088,IT Jobs,82786.66,82786.66,contract,full_time,2026-09-07 22:09:42+00:00,2026-09-20 00:55:59.308159+00:00,2026-09-07,82786.66,1,82786.66,Reporting Analyst,Mid / Unspecified,South East England,0,0,0,0,0,0,0,0,0,0,0,0,0,0,0,0,0,0,0,0,0,0
5874518805,reporting analyst,Senior Global Benefits Analyst,TEEMZ LTD,"The City, Central London",UK > London > Central London > The City,,,Sales Jobs,70000.0,70000.0,,,2026-09-07 21:47:47+00:00,2026-09-20 00:55:59.308159+00:00,2026-09-07,70000.0,1,70000.0,Other Analytics,Senior,London,0,0,0,0,0,0,0,0,0,0,0,0,0,0,0,0,0,0,0,0,0,0
5874417154,reporting analyst,Budgeting and Reporting Analyst,Notting Hill Genesis,"London, UK",UK > London,,,Accounting & Finance Jobs,46634.0,51815.0,permanent,full_time,2026-09-07 20:33:38+00:00,2026-09-20 00:55:59.308159+00:00,2026-09-07,49224.5,1,49224.5,Reporting Analyst,Mid / Unspecified,London,0,0,0,0,0,0,0,0,0,0,0,0,0,0,0,0,0,0,0,0,0,0
5874416260,reporting analyst,Global Benefits Senior Analyst,TEEMZ LTD,"London, UK",UK > London,,,Sales Jobs,60000.0,70000.0,,full_time,2026-09-07 20:33:29+00:00,2026-09-20 00:55:59.308159+00:00,2026-09-07,65000.0,1,65000.0,Other Analytics,Senior,London,0,0,0,0,0,0,0,0,0,0,0,0,0,0,0,0,0,0,0,0,0,0
5874378112,reporting analyst,Investment Operations Reporting Analyst,PIC,"London, UK",UK > London,51.503378,-0.139134,Accounting & Finance Jobs,55303.6,55303.6,,full_time,2026-09-07 19:32:03+00:00,2026-09-20 00:55:59.308159+00:00,2026-09-07,55303.6,1,55303.6,Reporting Analyst,Mid / Unspecified,London,0,0,0,0,0,0,0,0,0,0,0,0,0,0,0,0,0,0,0,0,0,0
5874305272,reporting analyst,Senior Global Benefits Analyst,Teemz Ltd,"Farringdon, Central London",UK > London > Central London > Farringdon,51.523772,-0.103815,Sales Jobs,60000.0,70000.0,,full_time,2026-09-07 18:15:46+00:00,2026-09-20 00:55:59.308159+00:00,2026-09-07,65000.0,1,65000.0,Other Analytics,Senior,London,0,0,0,0,0,0,0,0,0,0,0,0,0,0,0,0,0,0,0,0,0,0
5874264528,reporting analyst,Associate Investment Director - Systematic Investing,Fidelity International,UK,UK,,,Accounting & Finance Jobs,76245.2,76245.2,permanent,full_time,2026-09-07 16:55:02+00:00,2026-09-20 00:55:59.308159+00:00,2026-09-07,76245.2,1,76245.2,Other,Mid / Unspecified,UK,0,0,0,0,0,0,0,0,0,0,0,0,0,0,0,0,0,0,0,0,0,0
5874065449,reporting analyst,Finance Analyst,CMA Recruitment Group,"Christchurch, Dorset",UK > South West England > Dorset > Christchurch,50.733799,-1.77602,Accounting & Finance Jobs,35000.0,45000.0,,full_time,2026-09-07 12:49:13+00:00,2026-09-20 00:55:59.308159+00:00,2026-09-07,40000.0,1,40000.0,Other Analytics,Mid / Unspecified,South West England,0,0,0,0,0,0,0,0,0,0,0,0,0,0,0,0,0,0,0,0,0,0
5873186014,reporting analyst,Market Analyst & Report Writer,Input Global,UK,UK,,,"PR, Advertising & Marketing Jobs",40834.04,40834.04,contract,,2026-09-06 16:40:48+00:00,2026-09-20 00:55:59.308159+00:00,2026-09-06,40834.04,1,40834.04,Other Analytics,Mid / Unspecified,UK,0,0,0,0,0,0,0,0,0,0,0,0,0,0,0,0,0,0,0,0,0,0
5873181355,reporting analyst,"Data, Analytics & Reporting Analyst - Data Engineering Team",Ameriprise,"London, UK",UK > London,,,Accounting & Finance Jobs,76585.45,76585.45,permanent,full_time,2026-09-06 16:39:15+00:00,2026-09-20 00:55:59.308159+00:00,2026-09-06,76585.45,1,76585.45,Reporting Analyst,Mid / Unspecified,London,0,0,0,0,0,0,0,0,0,0,0,0,0,0,0,0,0,0,0,0,0,0
5873172916,reporting analyst,Sales Operations Analyst,Chubb Fire & Security,"Blackburn, Lancashire",UK > North West England > Lancashire > Blackburn,53.750099,-2.48471,Sales Jobs,28000.0,28000.0,,full_time,2026-09-06 16:37:17+00:00,2026-09-20 00:55:59.308159+00:00,2026-09-06,28000.0,1,28000.0,Other Analytics,Mid / Unspecified,North West England,0,0,0,0,0,0,0,0,0,0,0,0,0,0,0,0,0,0,0,0,0,0
5891087901,data scientist,"Senior Financial Analyst, EPM Sys Ops",Johnson and Johnson,"Wokingham, Berkshire",UK > South East England > Berkshire > Wokingham,51.410999,-0.834926,Accounting & Finance Jobs,85075.19,85075.19,permanent,full_time,2026-09-20 01:06:43+00:00,2026-09-20 00:55:59.308159+00:00,2026-09-20,85075.19,1,85075.19,Other Analytics,Senior,South East England,0,0,0,0,0,0,0,0,0,0,0,0,0,0,0,0,0,0,0,0,0,0
5890868390,data scientist,"Director, Patient-Centered Outcomes",Lumanity,"North Lambeth, South East London",UK > London > South East London > North Lambeth,51.500472,-0.096887,Scientific & QA Jobs,70825.44,70825.44,,,2026-09-19 18:15:26+00:00,2026-09-20 00:55:59.308159+00:00,2026-09-19,70825.44,1,70825.44,Other,Mid / Unspecified,London,0,0,0,0,0,0,0,0,0,0,0,0,0,0,0,0,0,0,0,0,0,0
5890841391,data scientist,PE Teacher,ARK SCHOOLS,UK,UK,,,Teaching Jobs,0.0,59.0,,,2026-09-19 17:33:10+00:00,2026-09-20 00:55:59.308159+00:00,2026-09-19,29.5,1,,Other,Mid / Unspecified,UK,0,0,0,0,0,0,0,0,0,0,0,0,0,0,0,0,0,0,0,0,0,0
5890841313,data scientist,Engineering Lead - Human Influence,AI Security Institute,UK,UK,,,IT Jobs,0.0,5.0,,,2026-09-19 17:33:09+00:00,2026-09-20 00:55:59.308159+00:00,2026-09-19,2.5,1,,Other,Senior,UK,0,0,0,0,0,0,0,0,0,0,0,0,0,0,0,0,0,0,0,0,0,0
5890840017,data scientist,Lecturer in Civil Engineering Hydrodynamics,The University Of Manchester,UK,UK,,,Maintenance Jobs,0.0,6226.0,,,2026-09-19 17:32:58+00:00,2026-09-20 00:55:59.308159+00:00,2026-09-19,3113.0,1,,Other,Mid / Unspecified,UK,0,0,0,0,0,0,0,0,0,0,0,0,0,0,0,0,0,0,0,0,0,0
5890839877,data scientist,Data Scientist III,Elsevier,UK,UK,,,IT Jobs,0.0,5.0,contract,,2026-09-19 17:32:58+00:00,2026-09-20 00:55:59.308159+00:00,2026-09-19,2.5,1,,Data Scientist,Mid / Unspecified,UK,0,0,0,0,0,0,0,0,0,0,0,0,0,0,0,0,0,0,0,0,0,0
5890839145,data scientist,12 Month University Industrial Placement Student (UIPS): Discovery Sciences,AstraZeneca,UK,UK,,,Scientific & QA Jobs,0.0,5.0,contract,,2026-09-19 17:32:54+00:00,2026-09-20 00:55:59.308159+00:00,2026-09-19,2.5,1,,Other,Mid / Unspecified,UK,0,0,0,0,0,0,0,0,0,0,0,0,0,0,0,0,0,0,0,0,0,0
5890838594,data scientist,"Principal Software Engineer, FDE",Microsoft,UK,UK,,,IT Jobs,0.0,5.0,contract,,2026-09-19 17:32:51+00:00,2026-09-20 00:55:59.308159+00:00,2026-09-19,2.5,1,,Other,Senior,UK,0,0,0,0,0,0,0,0,0,0,0,0,0,0,0,0,0,0,0,0,0,0
5890837415,data scientist,Data Scientist,Somerset County Council,UK,UK,,,IT Jobs,0.0,55.0,contract,full_time,2026-09-19 17:32:41+00:00,2026-09-20 00:55:59.308159+00:00,2026-09-19,27.5,1,,Data Scientist,Mid / Unspecified,UK,0,0,0,0,0,0,0,0,0,0,0,0,0,0,0,0,0,0,0,0,0,0
5890837015,data scientist,Postdoctoral Research Associate,Queen Mary University of London,UK,UK,,,Scientific & QA Jobs,0.0,56.0,contract,part_time,2026-09-19 17:32:38+00:00,2026-09-20 00:55:59.308159+00:00,2026-09-19,28.0,1,,Other,Mid / Unspecified,UK,0,0,0,0,0,0,0,0,0,0,0,0,0,0,0,0,0,0,0,0,0,0
5890836998,data scientist,Postdoctoral Research Associate,Queen Mary University of London,UK,UK,,,Scientific & QA Jobs,0.0,651.0,contract,part_time,2026-09-19 17:32:38+00:00,2026-09-20 00:55:59.308159+00:00,2026-09-19,325.5,1,,Other,Mid / Unspecified,UK,0,0,0,0,0,0,0,0,0,0,0,0,0,0,0,0,0,0,0,0,0,0
5890834175,data scientist,Research & Development Data Scientist,The FA,"Needwood, Burton-On-Trent",UK > West Midlands > Staffordshire > Burton-On-Trent > Needwood,52.817736,-1.760087,IT Jobs,41132.41,41132.41,permanent,full_time,2026-09-19 17:32:10+00:00,2026-09-20 00:55:59.308159+00:00,2026-09-19,41132.41,1,41132.41,Data Scientist,Mid / Unspecified,West Midlands,0,0,0,0,0,0,0,0,0,0,0,0,0,0,0,0,0,0,1,1,0,2
5890833887,data scientist,England Men's Insights Senior Data Scientist,The FA,"Needwood, Burton-On-Trent",UK > West Midlands > Staffordshire > Burton-On-Trent > Needwood,52.817736,-1.760087,IT Jobs,48097.98,48097.98,permanent,full_time,2026-09-19 17:32:08+00:00,2026-09-20 00:55:59.308159+00:00,2026-09-19,48097.98,1,48097.98,Data Scientist,Senior,West Midlands,0,0,0,0,0,0,0,0,0,0,0,0,0,0,0,0,0,0,0,0,0,0
5890784346,data scientist,VP Programme Leadership and Enterprise Transformation,Capgemini,"London, UK",UK > London,51.503378,-0.139134,IT Jobs,77428.83,77428.83,,,2026-09-19 17:02:36+00:00,2026-09-20 00:55:59.308159+00:00,2026-09-19,77428.83,1,77428.83,Other,Senior,London,0,0,0,0,0,0,0,0,0,0,0,0,0,0,0,0,0,0,0,0,0,0
5890608906,data scientist,Head of Data Analytics,A2Dominion Group,"London, UK",UK > London,,,IT Jobs,85168.0,95000.0,permanent,full_time,2026-09-19 13:00:40+00:00,2026-09-20 00:55:59.308159+00:00,2026-09-19,90084.0,1,90084.0,Other Analytics,Senior,London,0,0,0,0,0,0,0,0,0,0,0,0,0,0,0,0,0,0,0,0,0,0
5890543853,data scientist,Pricing Analyst,Markerstudy Insurance,"Bretton, Peterborough",UK > Eastern England > Peterborough > Bretton,52.589335,-0.286274,IT Jobs,44204.37,44204.37,permanent,full_time,2026-09-19 11:55:47+00:00,2026-09-20 00:55:59.308159+00:00,2026-09-19,44204.37,1,44204.37,Other Analytics,Mid / Unspecified,Eastern England,0,0,0,0,0,0,0,0,0,0,0,0,0,0,0,0,0,0,0,0,0,0
5890543854,data scientist,Principal Pricing Analyst,Markerstudy Insurance,"Aldgate, Central London",UK > London > Central London > Aldgate,51.512405,-0.07591,IT Jobs,66551.54,66551.54,permanent,full_time,2026-09-19 11:55:47+00:00,2026-09-20 00:55:59.308159+00:00,2026-09-19,66551.54,1,66551.54,Other Analytics,Senior,London,0,0,0,0,0,0,0,0,0,0,0,0,0,0,0,0,0,0,0,0,0,0
5890530961,data scientist,Senior Product Manager - Partner Algorithms,Just Eat Takeaway.com,"Farringdon, Central London",UK > London > Central London > Farringdon,51.51641,-0.103199,IT Jobs,50000.0,80000.0,,full_time,2026-09-19 11:53:13+00:00,2026-09-20 00:55:59.308159+00:00,2026-09-19,65000.0,1,65000.0,Other,Senior,London,0,0,0,0,0,0,0,0,0,0,0,0,0,0,0,0,0,0,0,0,0,0
5890530778,data scientist,Senior Data Engineer,Just Eat Takeaway.com,"Farringdon, Central London",UK > London > Central London > Farringdon,51.51641,-0.103199,Engineering Jobs,50000.0,80000.0,,full_time,2026-09-19 11:53:12+00:00,2026-09-20 00:55:59.308159+00:00,2026-09-19,65000.0,1,65000.0,Other,Senior,London,1,1,0,0,0,0,0,0,0,0,0,0,0,0,0,0,0,0,0,0,0,2
5890530717,data scientist,Head of Data Analytics,A2Dominion,"Ealing, West London",UK > London > West London > Ealing,51.511476,-0.313507,IT Jobs,85168.0,95000.0,permanent,full_time,2026-09-19 11:53:11+00:00,2026-09-20 00:55:59.308159+00:00,2026-09-19,90084.0,1,90084.0,Other Analytics,Senior,London,0,0,0,0,0,0,0,0,0,0,0,0,0,0,0,0,0,0,0,0,0,0
5890530668,data scientist,AI Engineering Manager,Centrica - CHP,"Eton Wick, Windsor",UK > South East England > Windsor & Maidenhead > Windsor > Eton Wick,51.48575,-0.639585,IT Jobs,60000.0,100000.0,,full_time,2026-09-19 11:53:11+00:00,2026-09-20 00:55:59.308159+00:00,2026-09-19,80000.0,1,80000.0,Other,Senior,South East England,0,0,0,0,0,0,0,0,0,0,0,0,0,0,0,0,0,0,0,1,0,1
5890530726,data scientist,Data & AI Architect,Servent Ltd - Microsoft Azure Expert Consultancy,"Hillhead, Glasgow City Centre",UK > Scotland > Glasgow > Glasgow City Centre > Hillhead,55.860273,-4.245369,IT Jobs,59000.0,99000.0,,full_time,2026-09-19 11:53:11+00:00,2026-09-20 00:55:59.308159+00:00,2026-09-19,79000.0,1,79000.0,Other,Mid / Unspecified,Scotland,0,0,0,0,0,0,0,0,0,0,0,0,0,0,0,0,0,0,0,0,0,0
5890530441,data scientist,AI Automation Engineer,YourRecruit,"South Croydon, South East London",UK > London > South East London > South Croydon,51.361245,-0.096717,IT Jobs,26000.0,35000.0,,full_time,2026-09-19 11:53:09+00:00,2026-09-20 00:55:59.308159+00:00,2026-09-19,30500.0,1,30500.0,Other,Mid / Unspecified,London,0,1,0,0,0,0,0,0,0,0,0,0,0,0,0,0,0,0,0,0,0,1
5890530454,data scientist,Product Manager (US Loans) - Charing Cross,Hackajob Ltd,"Hyde Park, Leeds",UK > Yorkshire And The Humber > West Yorkshire > Leeds > Hyde Park,53.815727,-1.563332,IT Jobs,61000.0,101000.0,,full_time,2026-09-19 11:53:09+00:00,2026-09-20 00:55:59.308159+00:00,2026-09-19,81000.0,1,81000.0,Other,Senior,Yorkshire And The Humber,0,0,0,0,0,0,0,0,0,0,0,0,0,0,0,0,0,0,0,0,0,0
5890530337,data scientist,Lead AI/ML Engineer,Michael Page,"New Haw, Addlestone",UK > South East England > Surrey > Addlestone > New Haw,51.370864,-0.47644,IT Jobs,80000.0,95000.0,,full_time,2026-09-19 11:53:08+00:00,2026-09-20 00:55:59.308159+00:00,2026-09-19,87500.0,1,87500.0,Other,Senior,South East England,1,1,0,0,0,0,0,0,0,0,0,1,1,0,0,0,0,0,0,1,0,5
5890530326,data scientist,Senior Quant Specialist,Platform Recruitment Limited,"The City, Central London",UK > London > Central London > The City,51.513264,-0.092708,IT Jobs,100000.0,100000.0,permanent,full_time,2026-09-19 11:53:08+00:00,2026-09-20 00:55:59.308159+00:00,2026-09-19,100000.0,1,100000.0,Other,Senior,London,0,1,1,0,0,0,0,0,0,0,0,0,0,0,0,0,0,0,1,0,0,3
5890530238,data scientist,Analytics Platform Engineer - Cheltenham,Oscar Associates Limited,"Staverton Technology Park, Staverton",UK > South West England > Gloucestershire > Cheltenham > Staverton > Staverton Technology Park,51.907472,-2.154851,IT Jobs,90000.0,90000.0,,full_time,2026-09-19 11:53:08+00:00,2026-09-20 00:55:59.308159+00:00,2026-09-19,90000.0,1,90000.0,Other Analytics,Mid / Unspecified,South West England,0,1,0,0,0,0,0,0,0,0,0,0,0,0,0,0,0,0,0,0,0,1
5890530274,data scientist,Data Scientist (Sovereign Territory Surveillance),SRT Marine Systems PLC,"North Waltham, Basingstoke",UK > South East England > Hampshire > Basingstoke > North Waltham,51.214789,-1.192195,IT Jobs,63000.0,103000.0,,full_time,2026-09-19 11:53:08+00:00,2026-09-20 00:55:59.308159+00:00,2026-09-19,83000.0,1,83000.0,Data Scientist,Mid / Unspecified,South East England,0,0,0,0,0,0,0,0,0,0,0,0,0,0,0,0,0,0,0,0,0,0
5890530351,data scientist,AI Deployment Specialist - London,Xcede,"Somers Town, North West London",UK > London > North West London > Somers Town,51.528568,-0.131743,IT Jobs,70000.0,75000.0,,full_time,2026-09-19 11:53:08+00:00,2026-09-20 00:55:59.308159+00:00,2026-09-19,72500.0,1,72500.0,Other,Mid / Unspecified,London,0,0,0,0,0,0,0,0,0,0,0,0,0,0,0,0,0,0,0,0,0,0
5890530084,data scientist,AI Solutions Lead,Third Nexus Group Limited,"Stepney, East London",UK > London > East London > Stepney,51.514213,-0.050367,IT Jobs,80000.0,100000.0,permanent,full_time,2026-09-19 11:53:07+00:00,2026-09-20 00:55:59.308159+00:00,2026-09-19,90000.0,1,90000.0,Other,Senior,London,0,0,0,0,0,0,0,0,0,0,0,0,0,0,0,0,0,0,0,0,0,0
5890529912,data scientist,Senior Machine Learning Engineer (IIoT & OT Security),Velos,"Monument, Central London",UK > London > Central London > Monument,51.512515,-0.086498,IT Jobs,50000.0,50000.0,,full_time,2026-09-19 11:53:05+00:00,2026-09-20 00:55:59.308159+00:00,2026-09-19,50000.0,1,50000.0,Other,Senior,London,0,1,0,0,0,0,0,0,0,0,0,0,0,0,0,0,0,0,0,1,0,2
5890529664,data scientist,Senior Data Engineer,hireful,"Strixton, Wellingborough",UK > East Midlands > Northamptonshire > Wellingborough > Strixton,52.246157,-0.680417,IT Jobs,75000.0,85000.0,,full_time,2026-09-19 11:53:04+00:00,2026-09-20 00:55:59.308159+00:00,2026-09-19,80000.0,1,80000.0,Other,Senior,East Midlands,1,1,0,0,0,0,0,1,0,0,0,1,1,0,0,0,0,0,0,0,0,5
5890529586,data scientist,"Principal Data Scientist – AI, MLOps & GenAI Lead",Hackajob Ltd,"Clerkenwell, Central London",UK > London > Central London > Clerkenwell,51.524443,-0.098338,IT Jobs,61000.0,101000.0,,full_time,2026-09-19 11:53:03+00:00,2026-09-20 00:55:59.308159+00:00,2026-09-19,81000.0,1,81000.0,Data Scientist,Senior,London,0,0,0,0,0,0,0,0,0,0,0,0,0,0,0,0,0,0,0,1,0,1
5890528757,data scientist,AI & Automation Analyst,Tria,"Victoria, South West London",UK > London > South West London > Victoria,51.486519,-0.150502,IT Jobs,45000.0,48000.0,,full_time,2026-09-19 11:52:57+00:00,2026-09-20 00:55:59.308159+00:00,2026-09-19,46500.0,1,46500.0,Other Analytics,Mid / Unspecified,London,0,0,0,0,0,0,0,0,0,0,0,0,0,0,0,0,0,0,0,0,0,0
5890528627,data scientist,Senior Python Engineer,Intec Select Ltd,"Stratford, East London",UK > London > East London > Stratford,51.544028,0.00062,IT Jobs,98438.72,98438.72,contract,,2026-09-19 11:52:56+00:00,2026-09-20 00:55:59.308159+00:00,2026-09-19,98438.72,1,98438.72,Other,Senior,London,0,1,0,0,0,0,0,0,0,0,0,0,0,0,0,0,0,0,0,0,1,2
5890528521,data scientist,Senior & mid-level Data Platform Engineers,ITSS Recruitment,"Round Bush, Aldenham",UK > Eastern England > Hertfordshire > Watford > Aldenham > Round Bush,51.658154,-0.394755,IT Jobs,70000.0,100000.0,,full_time,2026-09-19 11:52:56+00:00,2026-09-20 00:55:59.308159+00:00,2026-09-19,85000.0,1,85000.0,Other,Senior,Eastern England,0,0,0,1,0,0,0,0,1,0,1,0,0,0,0,0,0,0,0,0,1,4
5890528347,data scientist,Graduate AI Architect,Tech Recruitment UK Ltd,"Liverpool Street, Central London",UK > London > Central London > Liverpool Street,51.515434,-0.082989,Graduate Jobs,42000.0,45000.0,contract,,2026-09-19 11:52:54+00:00,2026-09-20 00:55:59.308159+00:00,2026-09-19,43500.0,1,43500.0,Other,Junior,London,0,1,0,0,0,0,0,0,0,0,0,0,0,0,0,0,0,0,0,0,0,1
5890526641,data scientist,Research Infrastructure Engineer - Southampton,Tate,"Southampton, Hampshire",UK > South East England > Hampshire > Southampton,50.904999,-1.40323,IT Jobs,41000.0,49000.0,,full_time,2026-09-19 11:52:45+00:00,2026-09-20 00:55:59.308159+00:00,2026-09-19,45000.0,1,45000.0,Other,Mid / Unspecified,South East England,0,0,0,0,0,0,0,0,0,0,0,0,0,0,0,0,0,0,0,0,0,0
5890525906,data scientist,Cloud Data Platform Specialist,IntaPeople,"Cwmfelin, Maesteg",UK > Wales > Bridgend County > Maesteg > Cwmfelin,51.595986,-3.643152,IT Jobs,59636.45,59636.45,contract,,2026-09-19 11:52:40+00:00,2026-09-20 00:55:59.308159+00:00,2026-09-19,59636.45,1,59636.45,Other,Mid / Unspecified,Wales,1,0,0,1,0,0,0,0,1,0,0,1,0,0,0,0,0,0,0,0,0,4
5890525609,data scientist,Product Owner,Technify Talent Limited,"Earley, Reading",UK > South East England > Berkshire > Reading > Earley,51.442963,-0.931944,IT Jobs,55000.0,65000.0,,full_time,2026-09-19 11:52:38+00:00,2026-09-20 00:55:59.308159+00:00,2026-09-19,60000.0,1,60000.0,Other,Mid / Unspecified,South East England,0,0,0,0,0,0,0,0,0,0,0,0,0,0,0,0,0,0,0,0,0,0
5890525412,data scientist,Data Engineer,Intec Select Ltd,"Stratford, East London",UK > London > East London > Stratford,51.544028,0.00062,IT Jobs,30000.0,34000.0,,full_time,2026-09-19 11:52:37+00:00,2026-09-20 00:55:59.308159+00:00,2026-09-19,32000.0,1,32000.0,Other,Mid / Unspecified,London,1,0,0,0,0,0,0,0,0,0,0,0,0,0,0,0,0,0,0,0,0,1
5890525359,data scientist,IT Business Solutions Manager,Clockwork Recruitment Ltd,"Knaphill, Woking",UK > South East England > Surrey > Woking > Knaphill,51.315956,-0.613202,IT Jobs,67000.0,75000.0,,full_time,2026-09-19 11:52:37+00:00,2026-09-20 00:55:59.308159+00:00,2026-09-19,71000.0,1,71000.0,Other,Senior,South East England,0,0,0,0,0,0,0,0,1,0,0,1,0,0,0,0,0,0,0,0,0,2
5890488465,data scientist,PostgreSQL DBA,Searchability  Ltd,"Corsham, Wiltshire",UK > South West England > Wiltshire > Corsham,51.431,-2.18579,IT Jobs,45000.0,60000.0,permanent,full_time,2026-09-19 11:44:23+00:00,2026-09-20 00:55:59.308159+00:00,2026-09-19,52500.0,1,52500.0,Other,Mid / Unspecified,South West England,0,0,0,0,0,0,0,0,0,0,0,0,0,0,0,0,0,0,0,0,0,0
5890488463,data scientist,PostgreSQL DBA,Searchability  Ltd,"Andover, Hampshire",UK > South East England > Hampshire > Andover,51.209301,-1.47835,IT Jobs,45000.0,60000.0,permanent,full_time,2026-09-19 11:44:23+00:00,2026-09-20 00:55:59.308159+00:00,2026-09-19,52500.0,1,52500.0,Other,Mid / Unspecified,South East England,0,0,0,0,0,0,0,0,0,0,0,0,0,0,0,0,0,0,0,0,0,0
5890488466,data scientist,PostgreSQL DBA,Searchability  Ltd,"Manchester, Greater Manchester",UK > North West England > Greater Manchester > Manchester,53.480701,-2.23438,IT Jobs,45000.0,60000.0,permanent,full_time,2026-09-19 11:44:23+00:00,2026-09-20 00:55:59.308159+00:00,2026-09-19,52500.0,1,52500.0,Other,Mid / Unspecified,North West England,0,0,0,0,0,0,0,0,0,0,0,0,0,0,0,0,0,0,0,0,0,0
5890406372,data scientist,"Graduate, Operational Transformation - PA26AUTRQ3136",SS&C,"London, UK",UK > London,,,Graduate Jobs,30470.62,30470.62,contract,full_time,2026-09-19 11:07:58+00:00,2026-09-20 00:55:59.308159+00:00,2026-09-19,30470.62,1,30470.62,Other,Junior,London,0,0,0,0,0,0,0,0,0,0,0,0,0,0,0,0,0,0,0,0,0,0
5890403123,data scientist,Senior AI Solutions Architect - London,Neo4j,"London, UK",UK > London,51.503378,-0.139134,IT Jobs,56547.69,56547.69,,,2026-09-19 11:04:40+00:00,2026-09-20 00:55:59.308159+00:00,2026-09-19,56547.69,1,56547.69,Other,Senior,London,0,0,0,0,0,0,0,0,0,0,0,0,0,0,0,0,0,0,0,0,0,0
5890400701,data scientist,Senior Credit Risk Analyst,YouLend,"Holborn, Central London",UK > London > Central London > Holborn,51.518097,-0.118003,Accounting & Finance Jobs,63950.07,63950.07,,full_time,2026-09-19 11:02:30+00:00,2026-09-20 00:55:59.308159+00:00,2026-09-19,63950.07,1,63950.07,Other Analytics,Senior,London,0,0,0,0,0,0,0,0,0,0,0,0,0,0,0,0,0,0,0,0,0,0
5890399875,data scientist,Data Scientist,ADEVALUK Adelphi Values,"Macclesfield, Cheshire",UK > North West England > Cheshire > Macclesfield,53.260799,-2.12819,IT Jobs,40570.52,40570.52,,full_time,2026-09-19 11:01:16+00:00,2026-09-20 00:55:59.308159+00:00,2026-09-19,40570.52,1,40570.52,Data Scientist,Mid / Unspecified,North West England,0,0,0,0,0,0,0,0,0,0,0,0,0,0,0,0,0,0,0,0,0,0
5890399414,data scientist,Marketing Analyst (Membership),Cameron Pink,"New Cross, South East London",UK > London > South East London > New Cross,51.479745,-0.043219,"PR, Advertising & Marketing Jobs",40000.0,40000.0,,full_time,2026-09-19 11:00:39+00:00,2026-09-20 00:55:59.308159+00:00,2026-09-19,40000.0,1,40000.0,Other Analytics,Mid / Unspecified,London,0,0,0,0,0,0,0,0,0,0,0,0,0,0,0,0,0,0,0,0,0,0
5890399033,data scientist,Senior Software Engineer,UCAS,UK,UK,,,IT Jobs,60000.0,60000.0,contract,full_time,2026-09-19 10:59:53+00:00,2026-09-20 00:55:59.308159+00:00,2026-09-19,60000.0,1,60000.0,Other,Senior,UK,0,0,0,0,0,0,0,0,0,0,0,0,0,0,0,0,0,0,0,0,0,0
5890398873,data scientist,"Senior Administrative Assistant, Laboratory for Translational Engineering",Broad Institute,UK,UK,,,Admin Jobs,57990.0,76668.0,contract,full_time,2026-09-19 10:59:35+00:00,2026-09-20 00:55:59.308159+00:00,2026-09-19,67329.0,1,67329.0,Other,Senior,UK,0,0,0,0,0,0,0,0,0,0,0,0,0,0,0,0,0,0,0,0,0,0
5890398056,data scientist,"Director, Data & AI Risk Management",AstraZeneca,"London, UK",UK > London,51.503378,-0.139134,IT Jobs,92258.45,92258.45,,full_time,2026-09-19 10:58:13+00:00,2026-09-20 00:55:59.308159+00:00,2026-09-19,92258.45,1,92258.45,Other,Mid / Unspecified,London,0,0,0,0,0,0,0,0,0,0,0,0,0,0,0,0,0,0,0,0,0,0
5890396724,data scientist,Senior Data Scientist (NLP  Applied AI),Wiley Global Technology,UK,UK,,,Scientific & QA Jobs,44200.0,63400.0,,full_time,2026-09-19 10:56:26+00:00,2026-09-20 00:55:59.308159+00:00,2026-09-19,53800.0,1,53800.0,Data Scientist,Senior,UK,0,0,0,0,0,0,0,0,0,0,0,0,0,0,0,0,0,0,0,0,0,0
5890396607,data scientist,Senior Product Manager - Expansion,Preply,"London, UK",UK > London,51.503378,-0.139134,Teaching Jobs,68055.67,68055.67,,full_time,2026-09-19 10:56:14+00:00,2026-09-20 00:55:59.308159+00:00,2026-09-19,68055.67,1,68055.67,Other,Senior,London,0,0,0,0,0,0,0,0,0,0,0,0,0,0,0,0,0,0,0,0,0,0
5890396520,data scientist,Strategy & Operations Director (Data Science),RELX,"London, UK",UK > London,51.503378,-0.139134,IT Jobs,86314.77,86314.77,,full_time,2026-09-19 10:56:03+00:00,2026-09-20 00:55:59.308159+00:00,2026-09-19,86314.77,1,86314.77,Other,Mid / Unspecified,London,0,0,0,0,0,0,0,0,0,0,0,0,0,0,0,0,0,0,0,0,0,0
5890396400,data scientist,Data Engineer,PHMG,"Manchester, Greater Manchester",UK > North West England > Greater Manchester > Manchester,53.480701,-2.23438,IT Jobs,44000.0,44000.0,,full_time,2026-09-19 10:55:46+00:00,2026-09-20 00:55:59.308159+00:00,2026-09-19,44000.0,1,44000.0,Other,Mid / Unspecified,North West England,0,0,0,0,0,0,0,0,0,0,0,0,0,0,0,0,0,0,0,0,0,0
5890395948,data scientist,Principal Machine Learning Engineer,Cambridge Mobile Telematics,UK,UK,,,IT Jobs,177000.0,221300.0,,full_time,2026-09-19 10:54:50+00:00,2026-09-20 00:55:59.308159+00:00,2026-09-19,199150.0,1,199150.0,Other,Senior,UK,0,0,0,0,0,0,0,0,0,0,0,0,0,0,0,0,0,0,0,1,0,1
5890395870,data scientist,Senior Quants Analytics Manager | S4 | Risk Division | London |,Banco Santander,UK,UK,,,Accounting & Finance Jobs,99004.0,148506.0,,full_time,2026-09-19 10:54:40+00:00,2026-09-20 00:55:59.308159+00:00,2026-09-19,123755.0,1,123755.0,Other Analytics,Senior,UK,0,0,0,0,0,0,0,0,0,0,0,0,0,0,0,0,0,0,0,0,0,0
5890395238,data scientist,Data Science Engineer,Hitachi,UK,UK,,,Engineering Jobs,40000.0,46000.0,,full_time,2026-09-19 10:53:29+00:00,2026-09-20 00:55:59.308159+00:00,2026-09-19,43000.0,1,43000.0,Other,Mid / Unspecified,UK,0,0,1,0,0,0,0,0,0,0,0,0,0,0,0,0,0,0,0,0,0,1
5890395172,data scientist,"Senior Research Analyst, Fuel oil",Kpler,"London, UK",UK > London,51.503378,-0.139134,"Energy, Oil & Gas Jobs",53018.24,53018.24,,full_time,2026-09-19 10:53:19+00:00,2026-09-20 00:55:59.308159+00:00,2026-09-19,53018.24,1,53018.24,Other Analytics,Senior,London,0,0,0,0,0,0,0,0,0,0,0,0,0,0,0,0,0,0,0,0,0,0
5890394594,data scientist,Senior AI Product Designer: AI Experiences (Contractor),Picsart,"London, UK",UK > London,51.503378,-0.139134,IT Jobs,55966.81,55966.81,contract,full_time,2026-09-19 10:52:27+00:00,2026-09-20 00:55:59.308159+00:00,2026-09-19,55966.81,1,55966.81,Other,Senior,London,0,0,0,0,0,0,0,0,0,0,0,0,0,0,0,0,0,0,0,0,0,0
5890394123,data scientist,"Senior Financial Analyst, EPM Sys Ops",Johnson & Johnson,"Wokingham, Berkshire",UK > South East England > Berkshire > Wokingham,51.410999,-0.834926,Accounting & Finance Jobs,86085.83,86085.83,,full_time,2026-09-19 10:51:41+00:00,2026-09-20 00:55:59.308159+00:00,2026-09-19,86085.83,1,86085.83,Other Analytics,Senior,South East England,0,0,0,0,0,0,0,0,0,0,0,0,0,0,0,0,0,0,0,0,0,0
5890393996,data scientist,All-Source Intelligence Data Scientist,Booz Allen Hamilton,UK,UK,,,IT Jobs,99000.0,225000.0,,full_time,2026-09-19 10:51:29+00:00,2026-09-20 00:55:59.308159+00:00,2026-09-19,162000.0,1,162000.0,Data Scientist,Mid / Unspecified,UK,0,0,0,0,0,0,0,0,0,0,0,0,0,0,0,0,0,0,0,0,0,0
5890393750,data scientist,Principal Clinical Scientist,CSL Plasma,"Maidenhead, Windsor & Maidenhead",UK > South East England > Windsor & Maidenhead > Maidenhead,,,Scientific & QA Jobs,47081.7,47081.7,,full_time,2026-09-19 10:51:10+00:00,2026-09-20 00:55:59.308159+00:00,2026-09-19,47081.7,1,47081.7,Other,Senior,South East England,0,0,0,0,0,0,0,0,0,0,0,0,0,0,0,0,0,0,0,0,0,0
5890393408,data scientist,Software Engineering - Clustering & Distributed Systems,Neo4j,"London, UK",UK > London,51.503378,-0.139134,IT Jobs,49252.63,49252.63,,,2026-09-19 10:50:42+00:00,2026-09-20 00:55:59.308159+00:00,2026-09-19,49252.63,1,49252.63,Other,Mid / Unspecified,London,0,0,0,0,0,0,0,0,0,0,0,0,0,0,0,0,0,0,0,0,0,0
5890393197,data scientist,Principal AI Engineer,Anaplan,"London, UK",UK > London,51.503378,-0.139134,IT Jobs,107882.98,107882.98,,,2026-09-19 10:50:21+00:00,2026-09-20 00:55:59.308159+00:00,2026-09-19,107882.98,1,107882.98,Other,Senior,London,0,0,0,0,0,0,0,0,0,0,0,0,0,0,0,0,0,0,0,0,0,0
5890393082,data scientist,Quantitative Solutions Executive,BDO,"London, UK",UK > London,,,Accounting & Finance Jobs,106267.55,106267.55,,full_time,2026-09-19 10:50:10+00:00,2026-09-20 00:55:59.308159+00:00,2026-09-19,106267.55,1,106267.55,Other,Mid / Unspecified,London,0,0,0,0,0,0,0,0,0,0,0,0,0,0,0,0,0,0,0,0,0,0
5890392535,data scientist,"Manager, Market and Competitive Insights",White & Case,"London, UK",UK > London,51.503378,-0.139134,Consultancy Jobs,84782.88,84782.88,,full_time,2026-09-19 10:49:19+00:00,2026-09-20 00:55:59.308159+00:00,2026-09-19,84782.88,1,84782.88,Other,Senior,London,0,0,0,0,0,0,0,0,0,0,0,0,0,0,0,0,0,0,0,0,0,0
5890392503,data scientist,Data and AI Delivery Manager - Senior Associate,JPMorganChase,"Bournemouth, Dorset",UK > South West England > Dorset > Bournemouth,50.721699,-1.87853,IT Jobs,62635.28,62635.28,,full_time,2026-09-19 10:49:16+00:00,2026-09-20 00:55:59.308159+00:00,2026-09-19,62635.28,1,62635.28,Other,Senior,South West England,0,0,0,0,0,0,0,0,0,0,0,0,0,0,0,0,0,0,0,0,0,0
5890391600,data scientist,Manager - Commercial Operations & Analytics,Beghou Consulting,"Durham, County Durham",UK > North East England > County Durham > Durham,54.778702,-1.55961,IT Jobs,54040.73,54040.73,contract,full_time,2026-09-19 10:47:55+00:00,2026-09-20 00:55:59.308159+00:00,2026-09-19,54040.73,1,54040.73,Other Analytics,Senior,North East England,0,0,0,0,0,0,0,0,0,0,0,0,0,0,0,0,0,0,0,0,0,0
5890391489,data scientist,Lead Manager - Geospatial,Asda Stores,UK,UK,,,IT Jobs,1950.0,1950.0,permanent,full_time,2026-09-19 10:47:46+00:00,2026-09-20 00:55:59.308159+00:00,2026-09-19,1950.0,1,,Other,Senior,UK,0,0,0,0,0,0,0,0,0,0,0,0,0,0,0,0,0,0,0,0,0,0
5890390798,data scientist,"Senior Supply Chain Analyst, EU STEP",Amazon,"London, UK",UK > London,,,Engineering Jobs,56838.62,56838.62,,full_time,2026-09-19 10:46:55+00:00,2026-09-20 00:55:59.308159+00:00,2026-09-19,56838.62,1,56838.62,Other Analytics,Senior,London,0,0,0,0,0,0,0,0,0,0,0,0,0,0,0,0,0,0,0,0,0,0
5890390708,data scientist,Aerodynamics Engineers,Airbus,"Bristol, South West England",UK > South West England > Bristol,,,Engineering Jobs,29259.02,29259.02,permanent,full_time,2026-09-19 10:46:47+00:00,2026-09-20 00:55:59.308159+00:00,2026-09-19,29259.02,1,29259.02,Other,Mid / Unspecified,South West England,0,0,0,0,0,0,0,0,0,0,0,0,0,0,0,0,0,0,0,0,0,0
5890390273,data scientist,Analyst - Grade 3,ALS Global,"Coventry, West Midlands",UK > West Midlands > Coventry,52.4058,-1.51266,Scientific & QA Jobs,26878.0,26878.0,permanent,full_time,2026-09-19 10:46:09+00:00,2026-09-20 00:55:59.308159+00:00,2026-09-19,26878.0,1,26878.0,Other Analytics,Mid / Unspecified,West Midlands,0,0,0,0,0,0,0,0,0,0,0,0,0,0,0,0,0,0,0,0,0,0
5890389942,data scientist,"Senior Global Study Manager, Central Lab Service",Labcorp,UK,UK,,,Scientific & QA Jobs,66550.84,66550.84,,full_time,2026-09-19 10:45:35+00:00,2026-09-20 00:55:59.308159+00:00,2026-09-19,66550.84,1,66550.84,Other,Senior,UK,0,0,0,0,0,0,0,0,0,0,0,0,0,0,0,0,0,0,0,0,0,0
5890389928,data scientist,Senior Product Director - Agentic Data Platform,WPP,"London, UK",UK > London,51.503378,-0.139134,IT Jobs,62451.21,62451.21,,,2026-09-19 10:45:34+00:00,2026-09-20 00:55:59.308159+00:00,2026-09-19,62451.21,1,62451.21,Other,Senior,London,0,0,1,0,0,0,0,0,0,0,0,0,0,0,0,0,0,0,0,0,0,1
5890389022,data scientist,Assistant Director of Operational Finance,NHS England,"Holbeck, Leeds",UK > Yorkshire And The Humber > West Yorkshire > Leeds > Holbeck,53.79589,-1.558316,Accounting & Finance Jobs,94356.0,108814.0,,full_time,2026-09-19 10:44:07+00:00,2026-09-20 00:55:59.308159+00:00,2026-09-19,101585.0,1,101585.0,Other,Mid / Unspecified,Yorkshire And The Humber,0,0,0,0,0,0,0,0,0,0,0,0,0,0,0,0,0,0,0,0,0,0
5890388459,data scientist,Head of Data Science,Paddle,UK,UK,,,IT Jobs,100032.78,100032.78,,full_time,2026-09-19 10:43:31+00:00,2026-09-20 00:55:59.308159+00:00,2026-09-19,100032.78,1,100032.78,Other,Senior,UK,0,0,0,0,0,0,0,0,0,0,0,0,0,0,0,0,0,0,0,0,0,0
5890388387,data scientist,Principal Data Engineer,E.ON Next Energy,"Nottingham, Nottinghamshire",UK > East Midlands > Nottinghamshire > Nottingham,52.955101,-1.14917,IT Jobs,74154.38,74154.38,,full_time,2026-09-19 10:43:26+00:00,2026-09-20 00:55:59.308159+00:00,2026-09-19,74154.38,1,74154.38,Other,Senior,East Midlands,0,0,0,0,0,0,0,0,0,0,0,1,0,0,0,0,0,0,0,0,0,1
5890387775,data scientist,"Senior Director, Head of Data & AI Risk Management",AstraZeneca,"London, UK",UK > London,51.503378,-0.139134,IT Jobs,99422.66,99422.66,,full_time,2026-09-19 10:42:15+00:00,2026-09-20 00:55:59.308159+00:00,2026-09-19,99422.66,1,99422.66,Other,Senior,London,0,0,0,0,0,0,0,0,0,0,0,0,0,0,0,0,0,0,0,0,0,0
5890387614,data scientist,Capital Projects Management Assoc Director,Accenture,"London, UK",UK > London,,,IT Jobs,142807.14,142807.14,,full_time,2026-09-19 10:41:57+00:00,2026-09-20 00:55:59.308159+00:00,2026-09-19,142807.14,1,142807.14,Other,Mid / Unspecified,London,0,0,0,0,0,0,0,0,0,0,0,0,0,0,0,0,0,0,0,0,0,0
5890387505,data scientist,"Associate Director / Director, Biostatistics",Novartis,"London, UK",UK > London,51.503378,-0.139134,Scientific & QA Jobs,83510.0,155090.0,,full_time,2026-09-19 10:41:49+00:00,2026-09-20 00:55:59.308159+00:00,2026-09-19,119300.0,1,119300.0,Other,Mid / Unspecified,London,0,0,0,0,0,0,0,0,0,0,0,0,0,0,0,0,0,0,0,0,0,0
5890387321,data scientist,"Scientist, De Novo Discovery",Parabilis Medicines,"Cambridge, Cambridgeshire",UK > Eastern England > Cambridgeshire > Cambridge,52.202499,0.131237,Scientific & QA Jobs,110000.0,140000.0,,full_time,2026-09-19 10:41:37+00:00,2026-09-20 00:55:59.308159+00:00,2026-09-19,125000.0,1,125000.0,Other,Mid / Unspecified,Eastern England,0,0,0,0,0,0,0,0,0,0,0,0,0,0,0,0,0,0,0,0,0,0
5890387194,data scientist,Sales Development Representative (multilingual),LexisNexis,"Farringdon, Central London",UK > London > Central London > Farringdon,51.52024,-0.10491,Sales Jobs,27072.79,27072.79,,full_time,2026-09-19 10:41:25+00:00,2026-09-20 00:55:59.308159+00:00,2026-09-19,27072.79,1,27072.79,Other,Mid / Unspecified,London,0,0,0,0,0,0,0,0,0,0,0,0,0,0,0,0,0,0,0,0,0,0
5890386945,data scientist,"Team Manager, Global Client Delivery - Central Labs Services",Labcorp,UK,UK,,,Customer Services Jobs,49545.04,49545.04,,full_time,2026-09-19 10:40:57+00:00,2026-09-20 00:55:59.308159+00:00,2026-09-19,49545.04,1,49545.04,Other,Senior,UK,0,0,0,0,0,0,0,0,0,0,0,0,0,0,0,0,0,0,0,0,0,0
5890386932,data scientist,"Lead Software Engineer - Python, Data, Cloud, AIML",JPMorganChase,"London, UK",UK > London,51.503378,-0.139134,IT Jobs,68219.36,68219.36,,full_time,2026-09-19 10:40:56+00:00,2026-09-20 00:55:59.308159+00:00,2026-09-19,68219.36,1,68219.36,Other,Senior,London,0,1,0,0,0,0,0,0,0,0,0,0,0,0,0,0,0,0,0,0,0,1
5890386888,data scientist,Epidemiology and Information Scientist,UK Health Security Agency,"Canary Wharf, East London",UK > London > East London > Canary Wharf,51.504513,-0.022078,Scientific & QA Jobs,33422.0,35612.0,contract,full_time,2026-09-19 10:40:50+00:00,2026-09-20 00:55:59.308159+00:00,2026-09-19,34517.0,1,34517.0,Other,Mid / Unspecified,London,0,0,0,0,0,0,0,0,0,0,0,0,0,0,0,0,0,0,0,0,0,0
5890386531,data scientist,"Senior Research Associate / Associate Scientist, Molecular Biology – High Throughput Platform",Flagship Pioneering,"Cambridge, Cambridgeshire",UK > Eastern England > Cambridgeshire > Cambridge,52.202499,0.131237,Scientific & QA Jobs,58649.25,58649.25,,,2026-09-19 10:40:09+00:00,2026-09-20 00:55:59.308159+00:00,2026-09-19,58649.25,1,58649.25,Other,Senior,Eastern England,0,0,0,0,0,0,0,0,0,0,0,0,0,0,0,0,0,0,0,0,0,0
5890316698,data scientist,Hydrologist,Natural Resources Wales,"Wales, UK",UK > Wales,52.195902,-3.747508,Scientific & QA Jobs,35000.0,35000.0,permanent,part_time,2026-09-19 08:56:29+00:00,2026-09-20 00:55:59.308159+00:00,2026-09-19,35000.0,1,35000.0,Other,Mid / Unspecified,Wales,0,0,0,0,0,0,0,0,0,0,0,0,0,0,0,0,0,0,0,0,0,0
5890316262,data scientist,"Associate, Portfolio Analytics Group (PAG)",Hackajob Ltd,"South East London, London",UK > London > South East London,51.451818,-0.02806,Accounting & Finance Jobs,80426.52,80426.52,permanent,,2026-09-19 08:56:22+00:00,2026-09-20 00:55:59.308159+00:00,2026-09-19,80426.52,1,80426.52,Other Analytics,Mid / Unspecified,London,0,0,0,0,0,0,0,0,0,0,0,0,0,0,0,0,0,0,0,0,0,0
5890315754,data scientist,Director of Financial Crime,Adria Solutions,"Manchester, Greater Manchester",UK > North West England > Greater Manchester > Manchester,,,IT Jobs,100000.0,100000.0,permanent,,2026-09-19 08:56:10+00:00,2026-09-20 00:55:59.308159+00:00,2026-09-19,100000.0,1,100000.0,Other,Mid / Unspecified,North West England,0,0,0,0,0,0,0,0,0,0,0,0,0,0,0,0,0,0,0,0,0,0
5890311745,data scientist,"Machine Learning Engineer, AI (SFIA 3)",Hackajob Ltd,"Cheltenham, Gloucestershire",UK > South West England > Gloucestershire > Cheltenham,51.897999,-2.07131,IT Jobs,70000.0,70000.0,permanent,,2026-09-19 08:53:59+00:00,2026-09-20 00:55:59.308159+00:00,2026-09-19,70000.0,1,70000.0,Other,Mid / Unspecified,South West England,0,0,0,0,0,0,0,0,0,0,0,0,0,0,0,0,0,0,0,1,0,1
5890311004,data scientist,Senior DevSecOps Engineer,SF Partners Admin,UK,UK,,,IT Jobs,95000.0,95000.0,permanent,,2026-09-19 08:53:39+00:00,2026-09-20 00:55:59.308159+00:00,2026-09-19,95000.0,1,95000.0,Other,Senior,UK,0,0,0,0,0,0,0,0,0,0,0,0,0,0,0,0,0,0,0,0,0,0
5890307584,data scientist,Machine Learning Engineer,Anson Mccade,"London, UK",UK > London,,,IT Jobs,100000.0,100000.0,permanent,,2026-09-19 08:50:45+00:00,2026-09-20 00:55:59.308159+00:00,2026-09-19,100000.0,1,100000.0,Other,Mid / Unspecified,London,0,0,0,0,0,0,0,0,0,0,0,0,0,0,0,0,0,0,0,1,0,1
5890287711,data scientist,Teacher of Physics - ARB18671,Argyll & Bute Council,"Rothesay, Isle Of Bute",UK > Scotland > Argyll & Bute > Isle Of Bute > Rothesay,55.8377,-5.05415,Teaching Jobs,40001.0,50000.0,,,2026-09-19 07:56:01+00:00,2026-09-20 00:55:59.308159+00:00,2026-09-19,45000.5,1,45000.5,Other,Mid / Unspecified,Scotland,0,0,0,0,0,0,0,0,0,0,0,0,0,0,0,0,0,0,0,0,0,0
5890213941,data scientist,Machine Learning Engineer,Anson Mccade,"South West London, London",UK > London > South West London,51.448229,-0.195605,IT Jobs,100000.0,100000.0,,,2026-09-19 05:53:01+00:00,2026-09-20 00:55:59.308159+00:00,2026-09-19,100000.0,1,100000.0,Other,Mid / Unspecified,London,0,0,0,0,0,0,0,0,0,0,0,0,0,0,0,0,0,0,0,1,0,1
5890138218,data scientist,Senior Test Engineer (AI),Ofgem,"Cardiff, Cardiff County",UK > Wales > Cardiff County > Cardiff,51.4813,-3.1805,IT Jobs,48933.89,48933.89,,,2026-09-19 04:59:16+00:00,2026-09-20 00:55:59.308159+00:00,2026-09-19,48933.89,1,48933.89,Other,Senior,Wales,0,0,0,0,0,0,0,0,0,0,0,0,0,0,0,0,0,0,0,0,0,0
5890098518,data scientist,Analytical Chemical Development Scientist,Eurofins UK PSS,"Macclesfield, Cheshire",UK > North West England > Cheshire > Macclesfield,53.260799,-2.12819,Scientific & QA Jobs,38859.29,38859.29,permanent,full_time,2026-09-19 03:52:44+00:00,2026-09-20 00:55:59.308159+00:00,2026-09-19,38859.29,1,38859.29,Other,Mid / Unspecified,North West England,0,0,0,0,0,0,0,0,0,0,0,0,0,0,0,0,0,0,0,0,0,0
5890054530,data scientist,Integration Technician,Tekever,"Eastleaze, Swindon",UK > South West England > Wiltshire > Swindon > Eastleaze,51.569828,-1.825241,Engineering Jobs,46014.7,46014.7,,,2026-09-19 02:40:52+00:00,2026-09-20 00:55:59.308159+00:00,2026-09-19,46014.7,1,46014.7,Other,Mid / Unspecified,South West England,0,0,0,0,0,0,0,0,0,0,0,0,0,0,0,0,0,0,0,0,0,0
5890051845,data scientist,Principal FPGA Engineer,Tekever,"Temple Meads, Bristol",UK > South West England > Bristol > Temple Meads,51.453631,-2.58546,Engineering Jobs,54765.32,54765.32,,,2026-09-19 02:39:46+00:00,2026-09-20 00:55:59.308159+00:00,2026-09-19,54765.32,1,54765.32,Other,Senior,South West England,0,0,0,0,0,0,0,0,0,0,0,0,0,0,0,0,0,0,0,0,0,0
5890037171,data scientist,"Director, Regulatory Data Office Leader",J&J Family of Companies,"High Wycombe, Buckinghamshire",UK > South East England > Buckinghamshire > High Wycombe,51.628799,-0.749466,IT Jobs,75303.54,75303.54,,,2026-09-19 02:16:58+00:00,2026-09-20 00:55:59.308159+00:00,2026-09-19,75303.54,1,75303.54,Other,Senior,South East England,0,0,0,0,0,0,0,0,0,0,0,0,0,0,0,0,0,0,0,0,0,0
5890037134,data scientist,Environmental Materials and EPR Program Compliance Manager,J&J Family of Companies,"Leeds, West Yorkshire",UK > Yorkshire And The Humber > West Yorkshire > Leeds,53.799599,-1.54912,Scientific & QA Jobs,56402.0,56402.0,,,2026-09-19 02:16:57+00:00,2026-09-20 00:55:59.308159+00:00,2026-09-19,56402.0,1,56402.0,Other,Senior,Yorkshire And The Humber,0,0,0,0,0,0,0,0,0,0,0,0,0,0,0,0,0,0,0,0,0,0
5890036692,data scientist,Customer Success Consultant (SME) Analytics,RELX INC,"London, UK",UK > London,51.503378,-0.139134,Sales Jobs,40520.06,40520.06,,full_time,2026-09-19 02:16:45+00:00,2026-09-20 00:55:59.308159+00:00,2026-09-19,40520.06,1,40520.06,Other Analytics,Mid / Unspecified,London,0,0,1,0,0,0,0,0,0,0,0,0,0,0,0,0,0,0,0,0,0,1
5890036679,data scientist,Customer Success Consultant (SME) Analytics,RELX INC,UK,UK,,,Sales Jobs,39150.95,39150.95,,full_time,2026-09-19 02:16:44+00:00,2026-09-20 00:55:59.308159+00:00,2026-09-19,39150.95,1,39150.95,Other Analytics,Mid / Unspecified,UK,0,0,1,0,0,0,0,0,0,0,0,0,0,0,0,0,0,0,0,0,0,1
5890036674,data scientist,Sales Development Representative (multilingual),RELX INC,"Farringdon, Exeter",UK > South West England > Devon > Exeter > Farringdon,50.711601,-3.39302,Sales Jobs,25645.28,25645.28,,full_time,2026-09-19 02:16:44+00:00,2026-09-20 00:55:59.308159+00:00,2026-09-19,25645.28,1,25645.28,Other,Mid / Unspecified,South West England,0,0,1,0,0,0,0,0,0,0,0,0,0,0,0,0,0,0,0,0,0,1
5890035193,data scientist,Data Scientist - Artificial Intelligence | UK Public Sector,IBM,"Hursley, Winchester",UK > South East England > Hampshire > Winchester > Hursley,51.025299,-1.39064,IT Jobs,79057.23,79057.23,contract,,2026-09-19 02:16:03+00:00,2026-09-20 00:55:59.308159+00:00,2026-09-19,79057.23,1,79057.23,Data Scientist,Mid / Unspecified,South East England,0,0,0,0,0,0,0,0,0,0,0,0,0,0,0,0,0,0,0,0,0,0
5890035214,data scientist,Data Scientist - Artificial Intelligence | UK Public Sector,IBM,"Leicester, Leicestershire",UK > East Midlands > Leicestershire > Leicester,52.6348,-1.12952,IT Jobs,79512.04,79512.04,contract,,2026-09-19 02:16:03+00:00,2026-09-20 00:55:59.308159+00:00,2026-09-19,79512.04,1,79512.04,Data Scientist,Mid / Unspecified,East Midlands,0,0,0,0,0,0,0,0,0,0,0,0,0,0,0,0,0,0,0,0,0,0
5890035197,data scientist,Data Scientist - Artificial Intelligence | UK Public Sector,IBM,"Manchester, Greater Manchester",UK > North West England > Greater Manchester > Manchester,53.480701,-2.23438,IT Jobs,77358.56,77358.56,contract,,2026-09-19 02:16:03+00:00,2026-09-20 00:55:59.308159+00:00,2026-09-19,77358.56,1,77358.56,Data Scientist,Mid / Unspecified,North West England,0,0,0,0,0,0,0,0,0,0,0,0,0,0,0,0,0,0,0,0,0,0
5890035183,data scientist,Data Scientist - Artificial Intelligence | UK Public Sector,IBM,"London, UK",UK > London,51.503378,-0.139134,IT Jobs,81862.76,81862.76,contract,,2026-09-19 02:16:03+00:00,2026-09-20 00:55:59.308159+00:00,2026-09-19,81862.76,1,81862.76,Data Scientist,Mid / Unspecified,London,0,0,0,0,0,0,0,0,0,0,0,0,0,0,0,0,0,0,0,0,0,0
5890034444,data scientist,Principal Data Scientist,Cytel,"London, UK",UK > London,51.503378,-0.139134,IT Jobs,59520.99,59520.99,,,2026-09-19 02:15:41+00:00,2026-09-20 00:55:59.308159+00:00,2026-09-19,59520.99,1,59520.99,Data Scientist,Senior,London,0,0,0,0,0,0,0,0,0,0,0,0,0,0,0,0,0,0,0,0,0,0
5890034426,data scientist,Principal Statistical Programmer FSP - Oncology,Cytel,UK,UK,,,Scientific & QA Jobs,54853.76,54853.76,,,2026-09-19 02:15:41+00:00,2026-09-20 00:55:59.308159+00:00,2026-09-19,54853.76,1,54853.76,Other,Senior,UK,0,0,0,0,0,0,0,0,0,0,0,0,0,0,0,0,0,0,1,0,0,1
5890034424,data scientist,Principal Statistical Programmer FSP - Oncology,Cytel,"London, UK",UK > London,51.503378,-0.139134,Scientific & QA Jobs,56771.99,56771.99,,,2026-09-19 02:15:41+00:00,2026-09-20 00:55:59.308159+00:00,2026-09-19,56771.99,1,56771.99,Other,Senior,London,0,0,0,0,0,0,0,0,0,0,0,0,0,0,0,0,0,0,1,0,0,1
5890034307,data scientist,EMEA Enterprise Data Service Delivery Manager,Bloomberg,"London, UK",UK > London,51.503378,-0.139134,IT Jobs,82716.27,82716.27,,,2026-09-19 02:15:35+00:00,2026-09-20 00:55:59.308159+00:00,2026-09-19,82716.27,1,82716.27,Other,Senior,London,0,0,0,0,0,0,0,0,0,0,0,0,0,0,0,0,0,0,0,0,0,0
5889899494,data scientist,Science Teacher,Philosophy Education,"Forest Hill, South East London",UK > London > South East London > Forest Hill,51.4464,-0.043638,Teaching Jobs,39000.0,93600.0,,full_time,2026-09-19 01:17:33+00:00,2026-09-20 00:55:59.308159+00:00,2026-09-19,66300.0,1,66300.0,Other,Mid / Unspecified,London,0,0,1,0,0,0,0,0,0,0,0,0,0,0,0,0,0,0,0,0,0,1
5889867287,data scientist,Senior Python Developer FastAPI Azure,Client Server,"The City, Central London",UK > London > Central London > The City,51.513463,-0.091705,IT Jobs,100000.0,100000.0,permanent,,2026-09-19 00:55:16+00:00,2026-09-20 00:55:59.308159+00:00,2026-09-19,100000.0,1,100000.0,Other,Senior,London,0,1,0,0,0,0,0,0,1,0,0,0,0,0,0,0,0,0,0,0,0,2
5889815169,data scientist,Power BI & Application Developer - AI,Harnham - Data & Analytics Recruitment,"London, UK",UK > London,,,IT Jobs,70000.0,75000.0,,full_time,2026-09-18 23:32:17+00:00,2026-09-20 00:55:59.308159+00:00,2026-09-18,72500.0,1,72500.0,BI Analyst,Mid / Unspecified,London,0,0,0,1,0,0,0,0,0,0,0,0,0,0,0,0,0,0,0,0,0,1
5889787549,data scientist,Power BI & Application Developer - AI,Harnham - Data & Analytics Recruitment,"London, UK",UK > London,,,IT Jobs,70000.0,75000.0,,full_time,2026-09-18 22:27:51+00:00,2026-09-20 00:55:59.308159+00:00,2026-09-18,72500.0,1,72500.0,BI Analyst,Mid / Unspecified,London,0,0,0,1,0,0,0,0,0,0,0,0,0,0,0,0,0,0,0,0,0,1
5889787458,data scientist,Data Scientist & Engineer,Norton Rose Fulbright LLP,"London, UK",UK > London,,,IT Jobs,58948.63,58948.63,,full_time,2026-09-18 22:27:49+00:00,2026-09-20 00:55:59.308159+00:00,2026-09-18,58948.63,1,58948.63,Data Scientist,Mid / Unspecified,London,0,0,0,0,0,0,0,0,0,0,0,0,0,0,0,0,0,0,0,0,0,0
5889787460,data scientist,Junior Data Scientist,Norton Rose Fulbright LLP,"London, UK",UK > London,,,IT Jobs,45316.91,45316.91,,full_time,2026-09-18 22:27:49+00:00,2026-09-20 00:55:59.308159+00:00,2026-09-18,45316.91,1,45316.91,Data Scientist,Junior,London,0,0,0,0,0,0,0,0,0,0,0,0,0,0,0,0,0,0,0,0,0,0
5889786902,data scientist,Data Scientist,Sagacity,"London, UK",UK > London,,,IT Jobs,49081.67,49081.67,,full_time,2026-09-18 22:27:43+00:00,2026-09-20 00:55:59.308159+00:00,2026-09-18,49081.67,1,49081.67,Data Scientist,Mid / Unspecified,London,0,0,0,0,0,0,0,0,0,0,0,0,0,0,0,0,0,0,0,0,0,0
5889783572,data scientist,Senior Infrastructure Analyst,LTE Group,"Manchester, Greater Manchester",UK > North West England > Greater Manchester > Manchester,53.480701,-2.23438,IT Jobs,45360.0,68040.0,permanent,full_time,2026-09-18 21:57:27+00:00,2026-09-20 00:55:59.308159+00:00,2026-09-18,56700.0,1,56700.0,Other Analytics,Senior,North West England,0,0,0,0,0,0,0,0,0,0,0,0,0,0,0,0,0,0,0,0,0,0
5889782624,data scientist,Junior AI Engineer,Sparta Global Limited,"London, UK",UK > London,51.503378,-0.139134,IT Jobs,25000.0,26000.0,permanent,full_time,2026-09-18 21:56:18+00:00,2026-09-20 00:55:59.308159+00:00,2026-09-18,25500.0,1,25500.0,Other,Junior,London,0,0,0,0,0,0,0,0,0,0,0,0,0,0,0,0,0,0,0,0,0,0
5889782509,data scientist,Data Engineer,IO Associates,"Burgess Hill, West Sussex",UK > South East England > West Sussex > Burgess Hill,50.9575,-0.133939,IT Jobs,75000.0,75000.0,permanent,,2026-09-18 21:56:11+00:00,2026-09-20 00:55:59.308159+00:00,2026-09-18,75000.0,1,75000.0,Other,Mid / Unspecified,South East England,0,0,0,0,0,0,0,0,0,0,0,0,0,0,0,0,0,0,0,1,0,1
5889780729,data scientist,Data Science Manager,Data Idols,"London, UK",UK > London,51.503378,-0.139134,IT Jobs,100000.0,120000.0,permanent,full_time,2026-09-18 21:54:32+00:00,2026-09-20 00:55:59.308159+00:00,2026-09-18,110000.0,1,110000.0,Other,Senior,London,0,0,0,0,0,0,0,0,0,0,0,0,0,0,0,0,0,0,0,1,0,1
5889769190,data scientist,PostgreSQL DBA,NSD,"Northwood, Ellesmere",UK > West Midlands > Shropshire > Ellesmere > Northwood,52.938202,-2.87802,IT Jobs,60000.0,60000.0,permanent,,2026-09-18 21:50:50+00:00,2026-09-20 00:55:59.308159+00:00,2026-09-18,60000.0,1,60000.0,Other,Mid / Unspecified,West Midlands,0,0,0,0,0,0,0,0,0,0,0,0,0,0,0,0,0,0,0,0,0,0
5889708105,data scientist,Software Engineer Apprentice,VE3,"Holyport, Maidenhead",UK > South East England > Windsor & Maidenhead > Maidenhead > Holyport,51.523603,-0.728269,IT Jobs,43661.68,43661.68,,full_time,2026-09-18 19:55:36+00:00,2026-09-20 00:55:59.308159+00:00,2026-09-18,43661.68,1,43661.68,Other,Junior,South East England,0,0,0,0,0,0,0,0,0,0,0,0,0,0,0,0,0,0,0,1,0,1
5889705295,data scientist,Full Stack Product Engineer,Norton Rose Fulbright LLP,"London, UK",UK > London,,,IT Jobs,76072.05,76072.05,,full_time,2026-09-18 19:33:55+00:00,2026-09-20 00:55:59.308159+00:00,2026-09-18,76072.05,1,76072.05,Other,Mid / Unspecified,London,0,0,0,0,0,0,0,0,0,0,0,0,0,0,0,0,0,0,0,0,0,0
5889704993,data scientist,Power BI & Application Developer - (Vis Ops & AI),Harnham - Data & Analytics Recruitment,"London, UK",UK > London,,,IT Jobs,70000.0,75000.0,,full_time,2026-09-18 19:33:51+00:00,2026-09-20 00:55:59.308159+00:00,2026-09-18,72500.0,1,72500.0,BI Analyst,Mid / Unspecified,London,0,0,0,1,0,0,0,0,0,0,0,0,0,0,0,0,0,0,0,0,0,1
5889705035,data scientist,Interim Data Engineer,Morgan Law,"London, UK",UK > London,,,IT Jobs,104000.0,110500.0,contract,full_time,2026-09-18 19:33:51+00:00,2026-09-20 00:55:59.308159+00:00,2026-09-18,107250.0,1,107250.0,Other,Mid / Unspecified,London,0,0,0,0,0,0,0,0,0,0,0,0,0,0,0,0,0,0,0,0,0,0
5889704950,data scientist,AI Engineer,Meritus Talent,"Cambridge, Cambridgeshire",UK > Eastern England > Cambridgeshire > Cambridge,52.202499,0.131237,IT Jobs,50000.0,90000.0,,full_time,2026-09-18 19:33:50+00:00,2026-09-20 00:55:59.308159+00:00,2026-09-18,70000.0,1,70000.0,Other,Mid / Unspecified,Eastern England,0,0,0,0,0,0,0,0,0,0,0,0,0,0,0,0,0,0,0,1,0,1
5889698239,data scientist,Interim Data Engineer,Morgan Law,"Farringdon, Central London",UK > London > Central London > Farringdon,51.523772,-0.103815,IT Jobs,104000.0,110500.0,contract,,2026-09-18 19:11:29+00:00,2026-09-20 00:55:59.308159+00:00,2026-09-18,107250.0,1,107250.0,Other,Mid / Unspecified,London,0,0,0,0,0,0,0,0,0,0,0,0,0,0,0,0,0,0,0,0,0,0
5889691484,data scientist,Contract Project Engineer,Hexwired Recruitment Limited,"Farringdon, Central London",UK > London > Central London > Farringdon,51.523772,-0.103815,IT Jobs,60000.0,80000.0,contract,,2026-09-18 19:00:11+00:00,2026-09-20 00:55:59.308159+00:00,2026-09-18,70000.0,1,70000.0,Other,Mid / Unspecified,London,0,0,0,0,0,0,0,0,0,0,0,0,0,0,0,0,0,0,0,0,0,0
5889690518,data scientist,AI Engineer,Meritus,"Pampisford, Cambridge",UK > Eastern England > Cambridgeshire > Cambridge > Pampisford,52.108734,0.18937,IT Jobs,50000.0,90000.0,,full_time,2026-09-18 18:58:37+00:00,2026-09-20 00:55:59.308159+00:00,2026-09-18,70000.0,1,70000.0,Other,Mid / Unspecified,Eastern England,0,0,0,0,0,0,0,0,0,0,0,0,0,0,0,0,0,0,0,1,0,1
5889690515,data scientist,Growth Lead,Hexwired Recruitment Limited,"Farringdon, Central London",UK > London > Central London > Farringdon,51.523772,-0.103815,IT Jobs,60000.0,110000.0,,full_time,2026-09-18 18:58:37+00:00,2026-09-20 00:55:59.308159+00:00,2026-09-18,85000.0,1,85000.0,Other,Senior,London,0,0,1,0,0,0,0,0,0,0,0,0,0,0,0,0,0,0,0,0,0,1
5889690526,data scientist,Lead Customer Success Manager,Hexwired Recruitment Limited,"Farringdon, Central London",UK > London > Central London > Farringdon,51.523772,-0.103815,IT Jobs,40000.0,60000.0,,full_time,2026-09-18 18:58:37+00:00,2026-09-20 00:55:59.308159+00:00,2026-09-18,50000.0,1,50000.0,Other,Senior,London,0,0,0,0,0,0,0,0,0,0,0,0,0,0,0,0,0,0,0,0,0,0
5889690528,data scientist,GTM Engineer,Hexwired Recruitment Limited,"Farringdon, Central London",UK > London > Central London > Farringdon,51.523772,-0.103815,IT Jobs,40000.0,60000.0,,full_time,2026-09-18 18:58:37+00:00,2026-09-20 00:55:59.308159+00:00,2026-09-18,50000.0,1,50000.0,Other,Mid / Unspecified,London,0,0,1,0,0,0,0,0,0,0,0,0,0,0,0,0,0,0,0,0,0,1
5889690449,data scientist,Infrastructure Engineer,Hexwired Recruitment Limited,UK,UK,,,IT Jobs,45000.0,55000.0,,full_time,2026-09-18 18:58:32+00:00,2026-09-20 00:55:59.308159+00:00,2026-09-18,50000.0,1,50000.0,Other,Mid / Unspecified,UK,0,0,0,0,0,0,0,0,0,0,0,0,0,0,0,0,0,0,0,0,0,0
5889687967,data scientist,Senior Software Engineer,Ellison Institute of Technology,"Oxford, Oxfordshire",UK > South East England > Oxfordshire > Oxford,51.7523,-1.25588,IT Jobs,101387.18,101387.18,,full_time,2026-09-18 18:56:08+00:00,2026-09-20 00:55:59.308159+00:00,2026-09-18,101387.18,1,101387.18,Other,Senior,South East England,0,0,0,0,0,0,0,0,0,0,0,0,0,0,0,0,0,0,0,0,0,0
5889647827,data scientist,AI Implementation Intern,Step Recruitment Ltd,"Beeston, Nottingham",UK > East Midlands > Nottinghamshire > Nottingham > Beeston,52.9254,-1.21297,IT Jobs,26436.0,26436.0,contract,part_time,2026-09-18 18:29:09+00:00,2026-09-20 00:55:59.308159+00:00,2026-09-18,26436.0,1,26436.0,Other,Mid / Unspecified,East Midlands,0,0,0,0,0,0,0,0,0,0,0,0,0,0,0,0,0,0,0,0,0,0
5889647700,data scientist,Azure Data Architect,ShareForce,UK,UK,,,IT Jobs,100000.0,110000.0,permanent,full_time,2026-09-18 18:29:01+00:00,2026-09-20 00:55:59.308159+00:00,2026-09-18,105000.0,1,105000.0,Other,Mid / Unspecified,UK,0,0,0,0,0,0,0,0,1,0,0,0,0,0,0,0,0,0,0,0,0,1
5889642891,data scientist,Senior Clinical Study Manager,Qureight Ltd,"London, UK",UK > London,51.503378,-0.139134,Scientific & QA Jobs,53488.31,53488.31,,full_time,2026-09-18 18:07:34+00:00,2026-09-20 00:55:59.308159+00:00,2026-09-18,53488.31,1,53488.31,Other,Senior,London,0,0,0,0,0,0,0,0,0,0,0,0,0,0,0,0,0,0,0,0,0,0
5889642890,data scientist,Senior Clinical Study Manager,Qureight Ltd,"Cambridge, Cambridgeshire",UK > Eastern England > Cambridgeshire > Cambridge,52.202499,0.131237,Scientific & QA Jobs,50489.82,50489.82,,full_time,2026-09-18 18:07:34+00:00,2026-09-20 00:55:59.308159+00:00,2026-09-18,50489.82,1,50489.82,Other,Senior,Eastern England,0,0,0,0,0,0,0,0,0,0,0,0,0,0,0,0,0,0,0,0,0,0
5889642889,data scientist,Clinical Study Manager,Qureight Ltd,"London, UK",UK > London,51.503378,-0.139134,Scientific & QA Jobs,49477.66,49477.66,,full_time,2026-09-18 18:07:34+00:00,2026-09-20 00:55:59.308159+00:00,2026-09-18,49477.66,1,49477.66,Other,Senior,London,0,0,0,0,0,0,0,0,0,0,0,0,0,0,0,0,0,0,0,0,0,0
5889642888,data scientist,Clinical Study Manager,Qureight Ltd,"Cambridge, Cambridgeshire",UK > Eastern England > Cambridgeshire > Cambridge,52.202499,0.131237,Scientific & QA Jobs,46704.0,46704.0,,full_time,2026-09-18 18:07:34+00:00,2026-09-20 00:55:59.308159+00:00,2026-09-18,46704.0,1,46704.0,Other,Senior,Eastern England,0,0,0,0,0,0,0,0,0,0,0,0,0,0,0,0,0,0,0,0,0,0
5889640020,data scientist,Data Science Manager,ENTAIN,"Bankside, South East London",UK > London > South East London > Bankside,51.505097,-0.094273,IT Jobs,52065.76,52065.76,,,2026-09-18 18:02:52+00:00,2026-09-20 00:55:59.308159+00:00,2026-09-18,52065.76,1,52065.76,Other,Senior,London,0,0,0,0,0,0,0,0,0,0,0,0,0,0,0,0,0,0,0,0,0,0
5889584588,data scientist,Senior Product Owner - Personalisation,Currys,"London, UK",UK > London,51.503378,-0.139134,IT Jobs,81859.16,81859.16,permanent,full_time,2026-09-18 17:30:08+00:00,2026-09-20 00:55:59.308159+00:00,2026-09-18,81859.16,1,81859.16,Other,Senior,London,0,0,0,0,0,0,0,0,0,0,0,0,0,0,0,0,0,0,0,0,0,0
5889552184,data scientist,Business Analyst,Aioi Nissay Dowa Europe,"Oxford Airport, Kidlington",UK > South East England > Oxfordshire > Kidlington > Oxford Airport,51.829294,-1.311878,IT Jobs,55000.0,70000.0,contract,,2026-09-18 17:18:31+00:00,2026-09-20 00:55:59.308159+00:00,2026-09-18,62500.0,1,62500.0,Other Analytics,Mid / Unspecified,South East England,0,0,1,0,0,0,0,0,0,0,0,0,0,0,0,0,0,0,0,0,0,1
5889525271,data scientist,Senior M&E Quantity Surveyor,Fawkes & Reece London,"Farringdon, Central London",UK > London > Central London > Farringdon,51.523772,-0.103815,Trade & Construction Jobs,117000.0,130000.0,contract,,2026-09-18 17:09:57+00:00,2026-09-20 00:55:59.308159+00:00,2026-09-18,123500.0,1,123500.0,Other,Senior,London,0,0,0,0,0,0,0,0,0,0,0,0,0,0,0,0,0,0,0,0,0,0
5889502958,data scientist,AI Growth Leader 1,Capgemini,"London, UK",UK > London,51.503378,-0.139134,IT Jobs,67220.34,67220.34,,,2026-09-18 16:56:42+00:00,2026-09-20 00:55:59.308159+00:00,2026-09-18,67220.34,1,67220.34,Other,Senior,London,0,0,0,0,0,0,0,0,0,0,0,0,0,0,0,0,0,0,0,0,0,0
5889502940,data scientist,Consultant/Senior Consultant - Operational Analytics,Capgemini,"Manchester, Greater Manchester",UK > North West England > Greater Manchester > Manchester,55.86026,-4.25596,IT Jobs,63981.24,63981.24,,,2026-09-18 16:56:42+00:00,2026-09-20 00:55:59.308159+00:00,2026-09-18,63981.24,1,63981.24,Other Analytics,Senior,North West England,0,0,0,0,0,0,0,0,0,0,0,0,0,0,0,0,0,0,0,0,0,0
5889502961,data scientist,Data Science & AI Senior Consultant,Capgemini,"Manchester, Greater Manchester",UK > North West England > Greater Manchester > Manchester,53.480701,-2.23438,IT Jobs,55990.19,55990.19,,,2026-09-18 16:56:42+00:00,2026-09-20 00:55:59.308159+00:00,2026-09-18,55990.19,1,55990.19,Other,Senior,North West England,0,0,0,0,0,0,0,0,0,0,0,0,0,0,0,0,0,0,0,0,0,0
5889502932,data scientist,Director - Energy Transition & Utilities,Capgemini,"Manchester, Greater Manchester",UK > North West England > Greater Manchester > Manchester,53.480701,-2.23438,Consultancy Jobs,73418.2,73418.2,,,2026-09-18 16:56:42+00:00,2026-09-20 00:55:59.308159+00:00,2026-09-18,73418.2,1,73418.2,Other,Mid / Unspecified,North West England,0,0,0,0,0,0,0,0,0,0,0,0,0,0,0,0,0,0,0,0,0,0
5889502959,data scientist,Pharma R&D Data Advisory Lead,Capgemini,"Manchester, Greater Manchester",UK > North West England > Greater Manchester > Manchester,53.480701,-2.23438,IT Jobs,73778.26,73778.26,,,2026-09-18 16:56:42+00:00,2026-09-20 00:55:59.308159+00:00,2026-09-18,73778.26,1,73778.26,Other,Senior,North West England,0,0,1,0,0,0,0,0,0,0,0,0,0,0,0,0,0,0,0,0,0,1
5889502950,data scientist,Director - Energy Transition & Utilities - Programme Management & Key Deals,Capgemini,"Manchester, Greater Manchester",UK > North West England > Greater Manchester > Manchester,53.480701,-2.23438,Consultancy Jobs,72096.76,72096.76,,,2026-09-18 16:56:42+00:00,2026-09-20 00:55:59.308159+00:00,2026-09-18,72096.76,1,72096.76,Other,Mid / Unspecified,North West England,0,0,0,0,0,0,0,0,0,0,0,0,0,0,0,0,0,0,0,0,0,0
5889502985,data scientist,Aerospace & Defence - Managing Consultant / Senior Manager,Capgemini,"Manchester, Greater Manchester",UK > North West England > Greater Manchester > Manchester,53.480701,-2.23438,IT Jobs,57119.45,57119.45,,,2026-09-18 16:56:42+00:00,2026-09-20 00:55:59.308159+00:00,2026-09-18,57119.45,1,57119.45,Other,Senior,North West England,0,0,0,0,0,0,0,0,0,0,0,0,0,0,0,0,0,0,0,0,0,0
5889502935,data scientist,Senior Manager - Enterprise Data & Analytics (EDA) - Financial Services,Capgemini,"Manchester, Greater Manchester",UK > North West England > Greater Manchester > Manchester,53.480701,-2.23438,IT Jobs,90472.46,90472.46,,,2026-09-18 16:56:42+00:00,2026-09-20 00:55:59.308159+00:00,2026-09-18,90472.46,1,90472.46,Other Analytics,Senior,North West England,0,0,0,0,0,0,0,0,0,0,0,0,0,0,0,0,0,0,0,0,0,0
5889502929,data scientist,Director - Energy Transition & Utilities - Energy Networks,Capgemini,"Manchester, Greater Manchester",UK > North West England > Greater Manchester > Manchester,53.480701,-2.23438,Consultancy Jobs,70135.55,70135.55,,,2026-09-18 16:56:42+00:00,2026-09-20 00:55:59.308159+00:00,2026-09-18,70135.55,1,70135.55,Other,Mid / Unspecified,North West England,0,0,0,0,0,0,0,0,0,0,0,0,0,0,0,0,0,0,0,0,0,0
5889502917,data scientist,Change Acceleration Senior Manager,Capgemini,"Glasgow, Scotland",UK > Scotland > Glasgow,55.86026,-4.25596,IT Jobs,66469.84,66469.84,,,2026-09-18 16:56:41+00:00,2026-09-20 00:55:59.308159+00:00,2026-09-18,66469.84,1,66469.84,Other,Senior,Scotland,0,0,0,0,0,0,0,0,0,0,0,0,0,0,0,0,0,0,0,0,0,0
5889480118,data scientist,Data Specialist,Executive Facilities,"London, UK",UK > London,,,IT Jobs,124800.0,130000.0,contract,full_time,2026-09-18 16:39:20+00:00,2026-09-20 00:55:59.308159+00:00,2026-09-18,127400.0,1,127400.0,Other,Mid / Unspecified,London,0,0,0,0,0,0,0,0,0,0,0,0,0,0,0,0,0,0,0,0,0,0
5889435005,data scientist,"Stewardship Associate - Wellington Management Company, LLP","Wellington Management Company, LLP","London, UK",UK > London,51.503378,-0.139134,Accounting & Finance Jobs,49566.92,49566.92,,full_time,2026-09-18 16:02:00+00:00,2026-09-20 00:55:59.308159+00:00,2026-09-18,49566.92,1,49566.92,Other,Mid / Unspecified,London,0,0,0,0,0,0,0,0,0,0,0,0,0,0,0,0,0,0,0,0,0,0
5889434992,data scientist,Senior Information Architect-London - Northern Trust,Northern Trust,"London, UK",UK > London,51.503378,-0.139134,IT Jobs,60295.02,60295.02,,full_time,2026-09-18 16:01:58+00:00,2026-09-20 00:55:59.308159+00:00,2026-09-18,60295.02,1,60295.02,Other,Senior,London,0,0,0,0,0,0,0,0,0,0,0,0,0,0,0,0,0,0,0,0,0,0
5889434895,data scientist,"SVP, Forward Deployed Strategist - Transformation & Strategic Change - PIMCO",PIMCO,"London, UK",UK > London,51.503378,-0.139134,Accounting & Finance Jobs,73877.82,73877.82,,full_time,2026-09-18 16:01:54+00:00,2026-09-20 00:55:59.308159+00:00,2026-09-18,73877.82,1,73877.82,Other,Mid / Unspecified,London,0,0,0,0,0,0,0,0,0,0,0,0,0,0,0,0,0,0,0,0,0,0
5889434656,data scientist,IT Business Lead Analyst - Citi,Citi,"London, UK",UK > London,51.503378,-0.139134,IT Jobs,79140.14,79140.14,,full_time,2026-09-18 16:01:44+00:00,2026-09-20 00:55:59.308159+00:00,2026-09-18,79140.14,1,79140.14,Other Analytics,Senior,London,0,0,0,0,0,0,0,0,0,0,0,0,0,0,0,0,0,0,0,0,0,0
5889376487,data scientist,Senior DevSecOps Engineer,SF Partners,"North West England, UK",UK > North West England,53.954491,-2.749077,IT Jobs,80000.0,95000.0,permanent,full_time,2026-09-18 15:31:36+00:00,2026-09-20 00:55:59.308159+00:00,2026-09-18,87500.0,1,87500.0,Other,Senior,North West England,0,0,0,0,0,0,0,0,0,0,0,0,0,0,0,0,0,0,0,0,0,0
5889376494,data scientist,Director of Financial Crime,Adria Solutions,"Manchester, Greater Manchester",UK > North West England > Greater Manchester > Manchester,,,IT Jobs,100000.0,150000.0,,full_time,2026-09-18 15:31:36+00:00,2026-09-20 00:55:59.308159+00:00,2026-09-18,125000.0,1,125000.0,Other,Mid / Unspecified,North West England,0,0,0,0,0,0,0,0,0,0,0,0,0,0,0,0,0,0,0,0,0,0
5889321434,data scientist,Digital Account Manager,Equals One Ltd,"Holbeck, Leeds",UK > Yorkshire And The Humber > West Yorkshire > Leeds > Holbeck,53.79873,-1.553154,"PR, Advertising & Marketing Jobs",28000.0,32000.0,,,2026-09-18 15:02:06+00:00,2026-09-20 00:55:59.308159+00:00,2026-09-18,30000.0,1,30000.0,Other,Senior,Yorkshire And The Humber,0,0,0,0,0,0,0,0,0,0,0,0,0,0,0,0,0,0,0,0,0,0
5889320418,data scientist,Director of Financial Crime,Adria Solutions Ltd,"Rusholme, Manchester",UK > North West England > Greater Manchester > Manchester > Rusholme,53.459145,-2.220609,IT Jobs,100000.0,150000.0,,full_time,2026-09-18 15:00:32+00:00,2026-09-20 00:55:59.308159+00:00,2026-09-18,125000.0,1,125000.0,Other,Mid / Unspecified,North West England,0,0,0,0,0,0,0,0,0,0,0,0,0,0,0,0,0,0,0,0,0,0
5889226336,data scientist,Product Owner,Technify Talent Limited,"Englefield, Reading",UK > South East England > Berkshire > Reading > Englefield,51.428224,-1.099804,IT Jobs,55000.0,65000.0,,full_time,2026-09-18 13:04:37+00:00,2026-09-20 00:55:59.308159+00:00,2026-09-18,60000.0,1,60000.0,Other,Mid / Unspecified,South East England,0,0,0,0,0,0,0,0,0,0,0,0,0,0,0,0,0,0,0,0,0,0
5889122001,data scientist,Revenue Growth Management Controller,Bestway Group,"Park Royal, North West London",UK > London > North West London > Park Royal,51.539549,-0.27391,Consultancy Jobs,52626.22,52626.22,permanent,full_time,2026-09-18 11:52:23+00:00,2026-09-20 00:55:59.308159+00:00,2026-09-18,52626.22,1,52626.22,Other,Mid / Unspecified,London,0,0,0,0,0,0,0,0,0,0,0,0,0,0,0,0,0,0,0,0,0,0
5889090940,data scientist,Lead Data Engineer,Searchability  Ltd,"Gloucester, Gloucestershire",UK > South West England > Gloucestershire > Gloucester,51.866699,-2.24867,IT Jobs,65000.0,85000.0,permanent,full_time,2026-09-18 11:46:57+00:00,2026-09-20 00:55:59.308159+00:00,2026-09-18,75000.0,1,75000.0,Other,Senior,South West England,1,0,0,0,0,0,0,0,0,0,0,0,0,0,0,0,0,0,0,0,0,1
5889090939,data scientist,Data Engineer - Gloucester,Searchability  Ltd,"Gloucester, Gloucestershire",UK > South West England > Gloucestershire > Gloucester,51.866699,-2.24867,IT Jobs,50000.0,70000.0,permanent,full_time,2026-09-18 11:46:57+00:00,2026-09-20 00:55:59.308159+00:00,2026-09-18,60000.0,1,60000.0,Other,Mid / Unspecified,South West England,1,0,0,0,0,0,0,0,0,0,0,0,0,0,0,0,0,0,0,0,0,1
5889090938,data scientist,Data Scientist,Searchability  Ltd,"Cheltenham, Gloucestershire",UK > South West England > Gloucestershire > Cheltenham,51.897999,-2.07131,IT Jobs,45000.0,75000.0,permanent,full_time,2026-09-18 11:46:57+00:00,2026-09-20 00:55:59.308159+00:00,2026-09-18,60000.0,1,60000.0,Data Scientist,Mid / Unspecified,South West England,0,1,0,0,0,0,0,1,1,0,0,0,0,0,0,0,0,0,0,1,0,4
5889090936,data scientist,Data Science Lead,Searchability  Ltd,"Gloucester, Gloucestershire",UK > South West England > Gloucestershire > Gloucester,51.866699,-2.24867,IT Jobs,75000.0,95000.0,permanent,full_time,2026-09-18 11:46:57+00:00,2026-09-20 00:55:59.308159+00:00,2026-09-18,85000.0,1,85000.0,Other,Senior,South West England,0,0,0,0,0,0,0,0,0,0,0,0,0,0,0,0,0,0,0,0,0,0
5889090937,data scientist,Data Scientist / AI Engineer,Searchability  Ltd,"Cheltenham, Gloucestershire",UK > South West England > Gloucestershire > Cheltenham,51.897999,-2.07131,IT Jobs,45000.0,95000.0,permanent,full_time,2026-09-18 11:46:57+00:00,2026-09-20 00:55:59.308159+00:00,2026-09-18,70000.0,1,70000.0,Data Scientist,Mid / Unspecified,South West England,0,0,0,0,0,0,0,0,0,0,0,0,0,0,0,0,0,0,0,1,0,1
