job_id,search_term,title,company,location,location_area,latitude,longitude,category,salary_min,salary_max,contract_type,contract_time,created,extracted_at,posting_date,salary_mid,salary_available,salary_mid_clean,role_group,seniority,region,skill_sql,skill_python,skill_r,skill_power_bi,skill_tableau,skill_excel,skill_looker,skill_aws,skill_azure,skill_gcp,skill_snowflake,skill_databricks,skill_spark,skill_dbt,skill_power_query,skill_dax,skill_sas,skill_alteryx,skill_statistics,skill_machine_learning,skill_git,skills_count,age_days
5890531024,data analyst,Senior Data Analyst,Warrantywise Ltd,"Intack, Blackburn",UK > North West England > Lancashire > Blackburn > Intack,53.76244,-2.450482,IT Jobs,45000.0,60000.0,permanent,full_time,2026-09-19 11:53:14+00:00,2026-09-20 01:07:51.986106+00:00,2026-09-19,52500.0,1,52500.0,Data Analyst,Senior,North West England,0,0,0,1,0,0,0,0,0,0,0,0,0,0,1,1,0,0,1,0,0,4,0.5518285428935185
5890530947,data analyst,Senior Data Analyst - Blackburn,Warrantywise Ltd,"Intack, Blackburn",UK > North West England > Lancashire > Blackburn > Intack,53.76244,-2.450482,IT Jobs,45000.0,60000.0,permanent,full_time,2026-09-19 11:53:13+00:00,2026-09-20 01:07:51.986106+00:00,2026-09-19,52500.0,1,52500.0,Data Analyst,Senior,North West England,0,0,0,1,0,0,0,0,0,0,0,0,0,0,1,1,0,0,1,0,0,4,0.5518401169675926
5890530753,data analyst,Data Analyst Specialist,EF Recruitment,"Knightsbridge, South West London",UK > London > South West London > Knightsbridge,51.500121,-0.161665,IT Jobs,53288.47,53288.47,contract,,2026-09-19 11:53:12+00:00,2026-09-20 01:07:51.986106+00:00,2026-09-19,53288.47,1,53288.47,Data Analyst,Mid / Unspecified,London,1,1,1,0,0,0,1,0,0,1,0,0,0,0,0,0,0,0,0,0,0,5,0.5518516910416666
5890530696,data analyst,Data Analyst,TXP,"London, UK",UK > London,51.503378,-0.139134,IT Jobs,59955.28,59955.28,contract,,2026-09-19 11:53:11+00:00,2026-09-20 01:07:51.986106+00:00,2026-09-19,59955.28,1,59955.28,Data Analyst,Mid / Unspecified,London,1,0,0,1,0,0,0,0,0,0,0,0,0,0,0,0,0,0,0,0,0,2,0.5518632651157407
5890530339,data analyst,Senior Data Analyst,Ada Meher,"Holbeck, Leeds",UK > Yorkshire And The Humber > West Yorkshire > Leeds > Holbeck,53.798213,-1.549698,IT Jobs,55000.0,60000.0,,full_time,2026-09-19 11:53:08+00:00,2026-09-20 01:07:51.986106+00:00,2026-09-19,57500.0,1,57500.0,Data Analyst,Senior,Yorkshire And The Humber,1,1,0,0,1,0,0,0,1,0,1,0,0,1,0,0,0,0,0,0,0,6,0.5518979873379629
5890529009,data analyst,Data Analyst - Gateshead,Jackson Hogg Ltd,"New York Industrial Park, Newcastle Upon Tyne",UK > North East England > Tyne & Wear > Newcastle Upon Tyne > New York Industrial Park,55.015593,-1.503687,IT Jobs,35000.0,40000.0,,full_time,2026-09-19 11:52:59+00:00,2026-09-20 01:07:51.986106+00:00,2026-09-19,37500.0,1,37500.0,Data Analyst,Mid / Unspecified,North East England,1,1,0,1,0,0,0,1,0,0,0,0,0,0,0,0,0,0,0,0,1,5,0.5520021540046296
5890528752,data analyst,Product Data Analyst,Fabric Recruitment Ltd,"Castle Donington, Derby",UK > East Midlands > Derbyshire > Derby > Castle Donington,52.844398,-1.33769,IT Jobs,35000.0,40000.0,permanent,full_time,2026-09-19 11:52:57+00:00,2026-09-20 01:07:51.986106+00:00,2026-09-19,37500.0,1,37500.0,Data Analyst,Mid / Unspecified,East Midlands,1,0,0,1,0,1,0,0,0,0,0,0,0,0,0,0,0,0,0,0,0,3,0.5520253021527778
5890528547,data analyst,Data Analyst - Customer Success,EF Recruitment,"Knightsbridge, South West London",UK > London > South West London > Knightsbridge,51.500121,-0.161665,IT Jobs,32500.0,33800.0,contract,full_time,2026-09-19 11:52:56+00:00,2026-09-20 01:07:51.986106+00:00,2026-09-19,33150.0,1,33150.0,Data Analyst,Mid / Unspecified,London,1,1,1,0,1,0,0,0,0,0,1,1,1,0,0,0,0,0,0,0,0,7,0.5520368762268518
5890528163,data analyst,Data Analyst,CBSbutler Holdings Limited trading as CBSbutler,"Charing Cross, Central London",UK > London > Central London > Charing Cross,51.507189,-0.126998,IT Jobs,81535.29,81535.29,contract,,2026-09-19 11:52:53+00:00,2026-09-20 01:07:51.986106+00:00,2026-09-19,81535.29,1,81535.29,Data Analyst,Mid / Unspecified,London,0,0,0,0,0,0,0,0,0,0,0,0,0,0,0,0,0,0,0,0,0,0,0.552071598449074
5890526677,data analyst,Data Analyst,Reed Technology,"Fleet Street, Central London",UK > London > Central London > Fleet Street,51.515456,-0.112059,IT Jobs,40068.08,40068.08,contract,,2026-09-19 11:52:45+00:00,2026-09-20 01:07:51.986106+00:00,2026-09-19,40068.08,1,40068.08,Data Analyst,Mid / Unspecified,London,0,0,0,0,0,1,0,0,0,0,0,0,0,0,0,0,0,0,0,0,0,1,0.5521641910416666
5890526290,data analyst,Data Analyst SAP SuccessFactors,Pertemps Thames Water,"Caversham, Reading",UK > South East England > Berkshire > Reading > Caversham,51.458934,-0.9734,IT Jobs,73788.53,73788.53,contract,,2026-09-19 11:52:43+00:00,2026-09-20 01:07:51.986106+00:00,2026-09-19,73788.53,1,73788.53,Data Analyst,Mid / Unspecified,South East England,1,0,0,1,0,0,0,0,0,0,0,0,0,0,0,0,0,0,0,0,0,2,0.5521873391898148
5890525372,data analyst,Data Analyst,Hays Technology,"Ormeau, Belfast",UK > Northern Ireland > Belfast > Ormeau,54.596636,-5.930085,IT Jobs,53239.45,53239.45,contract,,2026-09-19 11:52:37+00:00,2026-09-20 01:07:51.986106+00:00,2026-09-19,53239.45,1,53239.45,Data Analyst,Mid / Unspecified,Northern Ireland,0,0,0,0,0,1,0,0,0,0,0,0,0,0,0,0,0,0,0,0,0,1,0.5522567836342592
5890404740,data analyst,Finance Data Analyst,Halfords Careers,"Worcestershire, West Midlands",UK > West Midlands > Worcestershire,52.22285,-2.183016,IT Jobs,37376.63,37376.63,,full_time,2026-09-19 11:06:44+00:00,2026-09-20 01:07:51.986106+00:00,2026-09-19,37376.63,1,37376.63,Data Analyst,Mid / Unspecified,West Midlands,0,0,0,0,0,0,0,0,0,0,0,0,0,0,0,0,0,0,0,0,0,0,0.5841202095601852
5890400824,data analyst,Senior People Data Analyst,Howden,"London, UK",UK > London,,,IT Jobs,54638.71,54638.71,permanent,full_time,2026-09-19 11:02:36+00:00,2026-09-20 01:07:51.986106+00:00,2026-09-19,54638.71,1,54638.71,Data Analyst,Senior,London,0,0,0,0,0,0,0,0,0,0,0,0,0,0,0,0,0,0,0,0,0,0,0.5869905799305555
5890400226,data analyst,Data Analyst,EXL,"London, UK",UK > London,51.503378,-0.139134,IT Jobs,52708.24,52708.24,permanent,full_time,2026-09-19 11:01:49+00:00,2026-09-20 01:07:51.986106+00:00,2026-09-19,52708.24,1,52708.24,Data Analyst,Mid / Unspecified,London,0,0,0,0,0,0,0,0,0,0,0,0,0,0,0,0,0,0,0,0,0,0,0.587534561412037
5890398010,data analyst,Data Scientist – Labour Productivity / Hospitality,Talent Locker,"Temple, Central London",UK > London > Central London > Temple,51.512421,-0.11511,IT Jobs,36400.0,37700.0,contract,full_time,2026-09-19 10:58:06+00:00,2026-09-20 01:07:51.986106+00:00,2026-09-19,37050.0,1,37050.0,Data Scientist,Mid / Unspecified,London,0,0,0,0,0,0,0,0,0,0,0,0,0,0,0,0,0,0,0,0,0,0,0.5901155799305555
5890397112,data analyst,Senior Data Analyst - Insider Risk,Nationwide,"Shaw, Swindon",UK > South West England > Wiltshire > Swindon > Shaw,51.572273,-1.83676,IT Jobs,48281.34,48281.34,,part_time,2026-09-19 10:56:59+00:00,2026-09-20 01:07:51.986106+00:00,2026-09-19,48281.34,1,48281.34,Data Analyst,Senior,South West England,1,1,0,1,0,0,0,0,0,0,0,0,0,0,0,0,0,0,0,0,0,3,0.5908910428935185
5890395464,data analyst,Data Analyst,Graphcore,"Bristol, South West England",UK > South West England > Bristol,,,IT Jobs,48867.2,48867.2,,,2026-09-19 10:53:56+00:00,2026-09-20 01:07:51.986106+00:00,2026-09-19,48867.2,1,48867.2,Data Analyst,Mid / Unspecified,South West England,0,0,0,0,0,0,0,0,0,0,0,0,0,0,0,0,0,0,0,0,0,0,0.593009098449074
5890392942,data analyst,Senior Data Analyst – Revenue Intelligence,Kpler,"London, UK",UK > London,51.503378,-0.139134,IT Jobs,58332.91,58332.91,,full_time,2026-09-19 10:49:56+00:00,2026-09-20 01:07:51.986106+00:00,2026-09-19,58332.91,1,58332.91,Data Analyst,Senior,London,0,0,0,0,0,0,0,0,0,0,0,0,0,0,0,0,0,0,0,0,0,0,0.5957868762268518
5890387981,data analyst,Senior Data Analyst - Operational Excellence,HelloFresh,"London, UK",UK > London,51.503378,-0.139134,IT Jobs,44332.5,44332.5,,,2026-09-19 10:42:39+00:00,2026-09-20 01:07:51.986106+00:00,2026-09-19,44332.5,1,44332.5,Data Analyst,Senior,London,0,0,0,0,0,0,0,0,0,0,0,0,0,0,0,0,0,0,1,0,0,1,0.6008447465972222
5890386391,data analyst,Functional Data Analyst,University of Salford,"Salford, Greater Manchester",UK > North West England > Greater Manchester > Salford,53.487701,-2.29042,IT Jobs,38073.86,38073.86,contract,full_time,2026-09-19 10:39:49+00:00,2026-09-20 01:07:51.986106+00:00,2026-09-19,38073.86,1,38073.86,Data Analyst,Mid / Unspecified,North West England,0,0,0,0,0,0,0,0,0,0,0,0,0,0,0,0,0,0,0,0,0,0,0.6028123391898148
5890213622,data analyst,Business Intelligence Analyst,Leeds Building Society,"Leeds, West Yorkshire",UK > Yorkshire And The Humber > West Yorkshire > Leeds,53.799599,-1.54912,IT Jobs,10000.0,10000.0,,,2026-09-19 05:51:51+00:00,2026-09-20 01:07:51.986106+00:00,2026-09-19,10000.0,1,,BI Analyst,Mid / Unspecified,Yorkshire And The Humber,0,0,0,0,0,0,0,0,0,0,0,0,0,0,0,0,0,0,0,0,0,0,0.8027891910416667
5890163197,data analyst,Asset Data Analyst,Watmos Community Homes,"London, UK",UK > London,,,Trade & Construction Jobs,40000.0,43700.0,,,2026-09-19 05:04:11+00:00,2026-09-20 01:07:51.986106+00:00,2026-09-19,41850.0,1,41850.0,Data Analyst,Mid / Unspecified,London,0,0,0,0,0,0,0,0,0,0,0,0,0,0,0,0,0,0,0,0,0,0,0.8358910428935185
5890060819,data analyst,Data Analyst,Unknown,UK,UK,,,IT Jobs,35663.88,35663.88,contract,,2026-09-19 02:53:14+00:00,2026-09-20 01:07:51.986106+00:00,2026-09-19,35663.88,1,35663.88,Data Analyst,Mid / Unspecified,UK,0,0,0,0,0,0,0,0,0,0,0,0,0,0,0,0,0,0,0,0,0,0,0.9268285428935185
5889882195,data analyst,Data Analyst I,Schneider Electric,"Manchester, Greater Manchester",UK > North West England > Greater Manchester > Manchester,53.480701,-2.23438,Accounting & Finance Jobs,41353.78,41353.78,permanent,full_time,2026-09-19 01:04:08+00:00,2026-09-20 01:07:51.986106+00:00,2026-09-19,41353.78,1,41353.78,Data Analyst,Mid / Unspecified,North West England,0,0,0,0,0,0,0,0,0,0,0,0,0,0,0,0,0,0,0,0,0,0,1.0025924317824073
5889781343,data analyst,ERP Data Analyst,JLA Resourcing Ltd,"Kingston Upon Thames, South West London",UK > London > South West London > Kingston Upon Thames,51.4123,-0.300443,IT Jobs,123500.0,130000.0,contract,,2026-09-18 21:55:05+00:00,2026-09-20 01:07:51.986106+00:00,2026-09-18,126750.0,1,126750.0,Data Analyst,Mid / Unspecified,London,0,0,0,0,0,0,0,0,0,0,0,0,0,0,0,0,0,0,0,0,0,0,1.1338771540046295
5889745511,data analyst,Performance Data Analyst,Hall&Kay Fire Engineering,"Quinton, Birmingham",UK > West Midlands > Birmingham > Quinton,52.452499,-1.983525,Accounting & Finance Jobs,44084.89,44084.89,,full_time,2026-09-18 21:03:08+00:00,2026-09-20 01:07:51.986106+00:00,2026-09-18,44084.89,1,44084.89,Data Analyst,Mid / Unspecified,West Midlands,0,0,0,0,0,0,0,0,0,0,0,0,0,0,0,0,0,0,0,0,0,0,1.1699535428935184
5889704973,data analyst,ServiceNow Data Analyst,Investigo,"South West England, UK",UK > South West England,50.950482,-3.230444,IT Jobs,130000.0,169000.0,contract,full_time,2026-09-18 19:33:50+00:00,2026-09-20 01:07:51.986106+00:00,2026-09-18,149500.0,1,149500.0,Data Analyst,Mid / Unspecified,South West England,0,0,0,0,0,0,0,0,0,0,0,0,0,0,0,0,0,0,0,0,0,0,1.2319674317824074
5889704976,data analyst,Remote Online Data Analyst - English (United Kingdom),TELUS Digital,"London, UK",UK > London,,,Scientific & QA Jobs,49813.68,49813.68,contract,part_time,2026-09-18 19:33:50+00:00,2026-09-20 01:07:51.986106+00:00,2026-09-18,49813.68,1,49813.68,Data Analyst,Mid / Unspecified,London,0,0,0,0,0,0,0,0,0,0,0,0,0,0,0,0,0,0,0,0,0,0,1.2319674317824074
5889690525,data analyst,Data Analyst,Hays Technology,"Edinburgh, Scotland",UK > Scotland > Edinburgh,55.943116,-3.327942,IT Jobs,65000.0,78000.0,contract,,2026-09-18 18:58:37+00:00,2026-09-20 01:07:51.986106+00:00,2026-09-18,71500.0,1,71500.0,Data Analyst,Mid / Unspecified,Scotland,0,0,0,1,0,0,0,0,0,0,0,0,0,0,0,0,0,0,0,0,0,1,1.256423450300926
5889647016,data analyst,Data Analyst (Power BI),Cooper Parry,"Diseworth, Derby",UK > East Midlands > Derbyshire > Derby > Diseworth,52.826474,-1.330627,IT Jobs,52942.3,52942.3,,full_time,2026-09-18 18:27:29+00:00,2026-09-20 01:07:51.986106+00:00,2026-09-18,52942.3,1,52942.3,BI Analyst,Mid / Unspecified,East Midlands,0,0,0,1,0,0,0,0,0,0,0,0,0,0,0,0,0,0,0,0,0,1,1.2780438206712963
5889479837,data analyst,Graduate Finance Data Analyst – Commercial Lending,Regal Brooke Limited,"London, UK",UK > London,,,Graduate Jobs,38000.0,44000.0,permanent,full_time,2026-09-18 16:39:15+00:00,2026-09-20 01:07:51.986106+00:00,2026-09-18,41000.0,1,41000.0,Data Analyst,Junior,London,0,0,0,0,0,0,0,0,0,0,0,0,0,0,0,0,0,0,0,0,0,0,1.3532058577083332
5889409679,data analyst,Digital Data Analyst,Greene King Corporate - BRA 001,"Burton-On-Trent, Staffordshire",UK > West Midlands > Staffordshire > Burton-On-Trent,52.8069,-1.64303,IT Jobs,36869.31,36869.31,,,2026-09-18 15:51:31+00:00,2026-09-20 01:07:51.986106+00:00,2026-09-18,36869.31,1,36869.31,Data Analyst,Mid / Unspecified,West Midlands,0,0,0,0,0,0,0,0,0,0,0,0,0,0,0,0,0,0,0,0,0,0,1.3863540058564814
5889389435,data analyst,Data Analyst,HAYS,"Edinburgh, Scotland",UK > Scotland > Edinburgh,55.943116,-3.327942,IT Jobs,65000.0,78000.0,contract,,2026-09-18 15:43:41+00:00,2026-09-20 01:07:51.986106+00:00,2026-09-18,71500.0,1,71500.0,Data Analyst,Mid / Unspecified,Scotland,0,0,0,1,0,0,0,0,0,0,0,0,0,0,0,0,0,0,0,0,0,1,1.3917938206712963
5889376654,data analyst,Data Analyst,Nigel Wright Group,"Gateshead, Tyne & Wear",UK > North East England > Tyne & Wear > Gateshead,,,IT Jobs,40000.0,50000.0,,full_time,2026-09-18 15:31:37+00:00,2026-09-20 01:07:51.986106+00:00,2026-09-18,45000.0,1,45000.0,Data Analyst,Mid / Unspecified,North East England,0,0,0,0,0,0,0,0,0,0,0,0,0,0,0,0,0,0,0,0,0,0,1.400173450300926
5889376411,data analyst,Data Analyst,TXP Technology x People,"London, UK",UK > London,,,IT Jobs,113100.0,113100.0,contract,full_time,2026-09-18 15:31:35+00:00,2026-09-20 01:07:51.986106+00:00,2026-09-18,113100.0,1,113100.0,Data Analyst,Mid / Unspecified,London,0,0,0,0,0,0,0,0,0,0,0,0,0,0,0,0,0,0,0,0,0,0,1.400196598449074
5889320545,data analyst,Data Analyst Specialist,EF Recruitment,"Farringdon, Central London",UK > London > Central London > Farringdon,51.523772,-0.103815,IT Jobs,123500.0,130000.0,contract,,2026-09-18 15:00:44+00:00,2026-09-20 01:07:51.986106+00:00,2026-09-18,126750.0,1,126750.0,Data Analyst,Mid / Unspecified,London,0,0,0,0,0,0,0,0,0,0,0,0,0,0,0,0,0,0,0,0,0,0,1.421620209560185
5889227282,data analyst,Data Analyst,TXP,"Farringdon, Central London",UK > London > Central London > Farringdon,51.523772,-0.103815,IT Jobs,9100.0,113100.0,contract,,2026-09-18 13:04:51+00:00,2026-09-20 01:07:51.986106+00:00,2026-09-18,61100.0,1,61100.0,Data Analyst,Mid / Unspecified,London,0,0,0,0,0,0,0,0,0,0,0,0,0,0,0,0,0,0,0,0,0,0,1.502094746597222
5889156324,data analyst,Data Analyst,Mears Group,UK,UK,,,IT Jobs,31889.42,31889.42,contract,full_time,2026-09-18 12:05:19+00:00,2026-09-20 01:07:51.986106+00:00,2026-09-18,31889.42,1,31889.42,Data Analyst,Mid / Unspecified,UK,0,0,0,0,0,0,0,0,0,0,0,0,0,0,0,0,0,0,0,0,0,0,1.5434373391898148
5889039373,data analyst,Senior Machine Learning Engineer & Data Analyst – Financial Risk Scoring,Range,"London, UK",UK > London,51.503378,-0.139134,IT Jobs,46958.03,46958.03,,full_time,2026-09-18 10:59:04+00:00,2026-09-20 01:07:51.986106+00:00,2026-09-18,46958.03,1,46958.03,Data Analyst,Senior,London,0,0,0,0,0,0,0,0,0,0,0,0,0,0,0,0,0,0,0,1,0,1,1.5894442836342593
5889034880,data analyst,Data Analyst,Formula 1 Group,"Biggin Hill, Westerham",UK > South East England > Kent > Westerham > Biggin Hill,51.311199,0.035201,IT Jobs,49178.14,49178.14,,full_time,2026-09-18 10:57:34+00:00,2026-09-20 01:07:51.986106+00:00,2026-09-18,49178.14,1,49178.14,Data Analyst,Mid / Unspecified,South East England,0,0,0,0,0,0,0,0,0,0,0,0,0,0,0,0,0,0,0,0,0,0,1.5904859503009259
5889030601,data analyst,Data Analyst and Quality Lead,University Hospital Southampton NHS Foundation Trust,"Chilworth Science Park, Chilworth",UK > South East England > Hampshire > Southampton > Chilworth > Chilworth Science Park,50.961044,-1.422576,IT Jobs,16640.0,16640.0,contract,full_time,2026-09-18 10:56:23+00:00,2026-09-20 01:07:51.986106+00:00,2026-09-18,16640.0,1,16640.0,Data Analyst,Senior,South East England,0,0,0,0,0,0,0,0,0,0,0,0,0,0,0,0,0,0,0,0,0,0,1.591307709560185
5889026345,data analyst,Data Analyst - Service Management,Indigo TG,"Llandavenny, Magor",UK > Wales > Monmouthshire > Caldicot > Magor > Llandavenny,51.586403,-2.840954,IT Jobs,33508.22,33508.22,,full_time,2026-09-18 10:51:54+00:00,2026-09-20 01:07:51.986106+00:00,2026-09-18,33508.22,1,33508.22,Data Analyst,Mid / Unspecified,Wales,0,0,0,0,0,0,0,0,0,0,0,0,0,0,0,0,0,0,0,0,0,0,1.594421135486111
5889026239,data analyst,Data Analyst,HP,"Cambridge, Cambridgeshire",UK > Eastern England > Cambridgeshire > Cambridge,52.202499,0.131237,IT Jobs,36902.87,36902.87,contract,full_time,2026-09-18 10:51:48+00:00,2026-09-20 01:07:51.986106+00:00,2026-09-18,36902.87,1,36902.87,Data Analyst,Mid / Unspecified,Eastern England,0,0,1,0,0,0,0,0,0,0,0,0,0,0,0,0,0,0,0,0,0,1,1.5944905799305555
5889024344,data analyst,"Sr Data Analyst, Search Marketing",Tripadvisor,"London, UK",UK > London,51.503378,-0.139134,"PR, Advertising & Marketing Jobs",47559.43,47559.43,,,2026-09-18 10:50:33+00:00,2026-09-20 01:07:51.986106+00:00,2026-09-18,47559.43,1,47559.43,Data Analyst,Mid / Unspecified,London,0,0,0,0,0,0,0,0,0,0,0,0,0,0,0,0,0,0,0,0,0,0,1.5953586354861111
5889017155,data analyst,Data Analyst,The Guardian,"London, UK",UK > London,51.503378,-0.139134,IT Jobs,30000.0,30000.0,,full_time,2026-09-18 10:45:34+00:00,2026-09-20 01:07:51.986106+00:00,2026-09-18,30000.0,1,30000.0,Data Analyst,Mid / Unspecified,London,0,0,0,0,0,0,0,0,0,0,0,0,0,0,0,0,0,0,0,0,0,0,1.5988192836342592
5889014288,data analyst,Data Analyst,DeepReel,"London, UK",UK > London,51.503378,-0.139134,IT Jobs,42914.89,42914.89,,full_time,2026-09-18 10:44:29+00:00,2026-09-20 01:07:51.986106+00:00,2026-09-18,42914.89,1,42914.89,Data Analyst,Mid / Unspecified,London,0,0,0,0,0,0,0,0,0,0,0,0,0,0,0,0,0,0,0,0,0,0,1.599571598449074
5889012752,data analyst,Data Scientist,Funding Circle,"London, UK",UK > London,51.503378,-0.139134,IT Jobs,87485.19,87485.19,,full_time,2026-09-18 10:43:51+00:00,2026-09-20 01:07:51.986106+00:00,2026-09-18,87485.19,1,87485.19,Data Scientist,Mid / Unspecified,London,0,0,0,0,0,0,0,0,0,0,0,0,0,0,0,0,0,0,0,0,0,0,1.600011413263889
5889010806,data analyst,BI Analyst,EMED Group,"Shrewsbury, Shropshire",UK > West Midlands > Shropshire > Shrewsbury,,,IT Jobs,40000.0,50000.0,permanent,full_time,2026-09-18 10:42:46+00:00,2026-09-20 01:07:51.986106+00:00,2026-09-18,45000.0,1,45000.0,BI Analyst,Mid / Unspecified,West Midlands,0,0,0,0,0,0,0,0,0,0,0,0,0,0,0,0,0,0,0,0,0,0,1.6007637280787037
5888731857,data analyst,Functional Data Analyst,University of Salford,"Salford, Greater Manchester",UK > North West England > Greater Manchester > Salford,53.487701,-2.29042,IT Jobs,45000.0,45000.0,contract,,2026-09-18 05:52:47+00:00,2026-09-20 01:07:51.986106+00:00,2026-09-18,45000.0,1,45000.0,Data Analyst,Mid / Unspecified,North West England,0,0,0,0,0,0,0,0,0,0,0,0,0,0,0,0,0,0,0,0,0,0,1.8021410428935185
5888730569,data analyst,Data analyst,Kingdom People,"Newton-Le-Willows, Merseyside",UK > North West England > Merseyside > Newton-Le-Willows,53.456402,-2.63355,IT Jobs,42022.59,42022.59,,,2026-09-18 05:49:16+00:00,2026-09-20 01:07:51.986106+00:00,2026-09-18,42022.59,1,42022.59,Data Analyst,Mid / Unspecified,North West England,0,0,0,0,0,0,0,0,0,0,0,0,0,0,0,0,0,0,0,0,0,0,1.804583172523148
5888730567,data analyst,Data Scientist - Labour Productivity / Hospitality,Talent Locker,"London, UK",UK > London,,,IT Jobs,169000.0,182000.0,contract,,2026-09-18 05:49:15+00:00,2026-09-20 01:07:51.986106+00:00,2026-09-18,175500.0,1,175500.0,Data Scientist,Mid / Unspecified,London,0,0,0,0,0,0,0,0,0,0,0,0,0,0,0,0,0,0,0,0,0,0,1.804594746597222
5888676196,data analyst,Digital Procurement and Data Analyst,Solihull Metropolitan Borough Council,UK,UK,,,IT Jobs,33673.0,38510.0,,full_time,2026-09-18 04:58:48+00:00,2026-09-20 01:07:51.986106+00:00,2026-09-18,36091.5,1,36091.5,Data Analyst,Mid / Unspecified,UK,0,0,0,0,0,0,0,0,0,0,0,0,0,0,0,0,0,0,0,0,0,0,1.8396294688194443
5888522528,data analyst,Data Analyst - SAP Success Factors,Thames Water,"Reading, Berkshire",UK > South East England > Berkshire > Reading,51.455002,-0.969088,IT Jobs,104000.0,104000.0,contract,full_time,2026-09-18 02:39:14+00:00,2026-09-20 01:07:51.986106+00:00,2026-09-18,104000.0,1,104000.0,Data Analyst,Mid / Unspecified,South East England,1,0,0,1,0,0,0,0,0,0,0,0,0,0,0,0,0,0,0,0,0,2,1.9365507651157408
5888222830,data analyst,Data Analyst Trainee,ITOL Recruit,UK,UK,,,IT Jobs,65000.0,65000.0,,,2026-09-17 22:45:59+00:00,2026-09-20 01:07:51.986106+00:00,2026-09-17,65000.0,1,65000.0,Data Analyst,Junior,UK,0,0,0,0,0,0,0,0,0,0,0,0,0,0,0,0,0,0,0,0,0,0,2.0985299317824073
5888206653,data analyst,Data Analyst - Securities Technology,Vertus Partners Ltd,"The City, Central London",UK > London > Central London > The City,,,IT Jobs,70000.0,80000.0,permanent,full_time,2026-09-17 21:59:49+00:00,2026-09-20 01:07:51.986106+00:00,2026-09-17,75000.0,1,75000.0,Data Analyst,Mid / Unspecified,London,0,0,0,0,0,0,0,0,0,0,0,0,0,0,0,0,0,0,0,0,0,0,2.1305901169675927
5888197991,data analyst,FinOps Data Analyst,Henderson Scott,"London, UK",UK > London,,,IT Jobs,117000.0,119600.0,contract,,2026-09-17 21:53:09+00:00,2026-09-20 01:07:51.986106+00:00,2026-09-17,118300.0,1,118300.0,Data Analyst,Mid / Unspecified,London,0,1,0,0,0,1,0,0,0,0,0,0,0,0,0,0,0,0,0,0,0,2,2.135219746597222
5888123739,data analyst,Asset Data Analyst,GreenPower Developments,"Alloa, Clackmannanshire",UK > Scotland > Clackmannanshire > Alloa,56.116299,-3.79537,Scientific & QA Jobs,62647.71,62647.71,,,2026-09-17 20:48:53+00:00,2026-09-20 01:07:51.986106+00:00,2026-09-17,62647.71,1,62647.71,Data Analyst,Mid / Unspecified,Scotland,0,0,0,0,0,0,0,0,0,0,0,0,0,0,0,0,0,0,0,0,0,0,2.179849376226852
5888091176,data analyst,Data Quality & Reporting Analyst,Adecco,"Croydon, London",UK > London > Croydon,51.372398,-0.100401,IT Jobs,34320.0,34320.0,contract,,2026-09-17 19:10:35+00:00,2026-09-20 01:07:51.986106+00:00,2026-09-17,34320.0,1,34320.0,Reporting Analyst,Mid / Unspecified,London,0,0,0,0,0,0,0,0,0,0,0,0,0,0,0,0,0,0,0,0,0,0,2.2481132651157405
5888091052,data analyst,Data analyst,Kingdom People,"Golborne Dale, Newton-Le-Willows",UK > North West England > Merseyside > Newton-Le-Willows > Golborne Dale,53.465402,-2.63128,IT Jobs,35000.0,40000.0,,full_time,2026-09-17 19:10:02+00:00,2026-09-20 01:07:51.986106+00:00,2026-09-17,37500.0,1,37500.0,Data Analyst,Mid / Unspecified,North West England,0,0,0,0,0,0,0,0,0,0,0,0,0,0,0,0,0,0,0,0,0,0,2.2484952095601853
5888027553,data analyst,Investment Reporting Specialist,eFinancialCareers Sourcing Services,"London, UK",UK > London,51.503378,-0.139134,IT Jobs,70865.91,70865.91,permanent,full_time,2026-09-17 17:59:50+00:00,2026-09-20 01:07:51.986106+00:00,2026-09-17,70865.91,1,70865.91,Reporting Analyst,Mid / Unspecified,London,0,0,0,0,0,0,0,0,0,0,0,0,0,0,0,0,0,0,0,0,0,0,2.297245209560185
5887998885,data analyst,Data analyst,Kingdom People,"Newton-Le-Willows, Merseyside",UK > North West England > Merseyside > Newton-Le-Willows,53.456402,-2.63355,IT Jobs,35000.0,40000.0,,full_time,2026-09-17 17:33:45+00:00,2026-09-20 01:07:51.986106+00:00,2026-09-17,37500.0,1,37500.0,Data Analyst,Mid / Unspecified,North West England,0,0,0,0,0,0,0,0,0,0,0,0,0,0,0,0,0,0,0,0,0,0,2.315358635486111
5887998682,data analyst,Product Data Scientist,Harnham - Data & Analytics Recruitment,"Sheffield, South Yorkshire",UK > Yorkshire And The Humber > South Yorkshire > Sheffield,53.383099,-1.4648,IT Jobs,50000.0,60000.0,,full_time,2026-09-17 17:33:43+00:00,2026-09-20 01:07:51.986106+00:00,2026-09-17,55000.0,1,55000.0,Data Scientist,Mid / Unspecified,Yorkshire And The Humber,0,0,0,0,0,0,0,0,0,0,0,0,0,0,0,0,0,0,0,1,0,1,2.315381783634259
5887998554,data analyst,Data Analyst - retail,Sanderson,"London, UK",UK > London,,,IT Jobs,130000.0,143000.0,contract,full_time,2026-09-17 17:33:40+00:00,2026-09-20 01:07:51.986106+00:00,2026-09-17,136500.0,1,136500.0,Data Analyst,Mid / Unspecified,London,0,0,0,0,0,0,0,0,0,0,0,0,0,0,0,0,0,0,0,0,0,0,2.3154165058564815
5887847648,data analyst,"Interim Data Analyst, Adults Social Care",Eden Brown Synergy,"London, UK",UK > London,,,Accounting & Finance Jobs,104000.0,104000.0,contract,full_time,2026-09-17 16:28:28+00:00,2026-09-20 01:07:51.986106+00:00,2026-09-17,104000.0,1,104000.0,Data Analyst,Mid / Unspecified,London,0,0,0,0,0,0,0,0,0,0,0,0,0,0,0,0,0,0,0,0,0,0,2.3606942836342593
5887736945,data analyst,"Interim Data Analyst, Adults Social Care",Eden Brown Synergy,"Farringdon, Central London",UK > London > Central London > Farringdon,51.523772,-0.103815,Accounting & Finance Jobs,0.0,104000.0,contract,,2026-09-17 15:05:56+00:00,2026-09-20 01:07:51.986106+00:00,2026-09-17,52000.0,1,52000.0,Data Analyst,Mid / Unspecified,London,0,0,0,0,0,0,0,0,0,0,0,0,0,0,0,0,0,0,0,0,0,0,2.418009098449074
5887733634,data analyst,Data & BI Analyst,Kingdom Security,"Golborne Dale, Newton-Le-Willows",UK > North West England > Merseyside > Newton-Le-Willows > Golborne Dale,53.465402,-2.63128,IT Jobs,56463.03,56463.03,,,2026-09-17 14:56:38+00:00,2026-09-20 01:07:51.986106+00:00,2026-09-17,56463.03,1,56463.03,BI Analyst,Mid / Unspecified,North West England,0,0,0,0,0,0,0,0,0,0,0,0,0,0,0,0,0,0,0,0,0,0,2.4244674317824075
5887653468,data analyst,Data Analyst,Mane Contract Services,"Bristol, South West England",UK > South West England > Bristol,,,IT Jobs,35000.0,60000.0,contract,,2026-09-17 13:04:59+00:00,2026-09-20 01:07:51.986106+00:00,2026-09-17,47500.0,1,47500.0,Data Analyst,Mid / Unspecified,South West England,0,0,0,1,0,1,0,0,0,0,0,0,0,0,0,0,0,0,0,0,0,2,2.5020021540046296
5887506860,data analyst,Financial Data Analyst FTC 6M,Rail Delivery Group,"London, UK",UK > London,51.503378,-0.139134,Accounting & Finance Jobs,55475.38,55475.38,contract,full_time,2026-09-17 11:37:57+00:00,2026-09-20 01:07:51.986106+00:00,2026-09-17,55475.38,1,55475.38,Data Analyst,Mid / Unspecified,London,0,0,0,0,0,0,0,0,0,0,0,0,0,0,0,0,0,0,0,0,0,0,2.5624419688194444
5887472570,data analyst,Data Analyst,Envitia,UK,UK,,,IT Jobs,37662.24,37662.24,,full_time,2026-09-17 11:00:51+00:00,2026-09-20 01:07:51.986106+00:00,2026-09-17,37662.24,1,37662.24,Data Analyst,Mid / Unspecified,UK,0,0,0,0,0,0,0,0,0,0,0,0,0,0,0,0,0,0,0,0,0,0,2.588205857708333
5887470891,data analyst,Senior Data Analyst (12 month maternity cover),GEDU Global Education,UK,UK,,,IT Jobs,32000.0,43000.0,contract,full_time,2026-09-17 10:59:45+00:00,2026-09-20 01:07:51.986106+00:00,2026-09-17,37500.0,1,37500.0,Data Analyst,Senior,UK,0,0,0,0,0,0,0,0,0,0,0,0,0,0,0,0,0,0,0,0,0,0,2.5889697465972223
5890529399,business intelligence analyst,Business Intelligence Analyst,Michael Page,"Hulme, Manchester",UK > North West England > Greater Manchester > Manchester > Hulme,53.48013,-2.245526,IT Jobs,50000.0,55000.0,permanent,full_time,2026-09-19 11:53:01+00:00,2026-09-20 01:07:51.986106+00:00,2026-09-19,52500.0,1,52500.0,BI Analyst,Mid / Unspecified,North West England,0,0,0,1,0,0,0,0,0,0,0,0,0,0,0,0,0,0,1,0,0,2,0.5519790058564814
5890528316,business intelligence analyst,Business Intelligence Analyst,Cathcart Technology,"Newbattle, Dalkeith",UK > Scotland > Midlothian > Dalkeith > Newbattle,55.892262,-3.057573,IT Jobs,35000.0,40000.0,,full_time,2026-09-19 11:52:54+00:00,2026-09-20 01:07:51.986106+00:00,2026-09-19,37500.0,1,37500.0,BI Analyst,Mid / Unspecified,Scotland,1,0,0,1,0,0,0,0,0,0,0,0,0,0,0,0,0,0,0,0,0,2,0.552060024375
5890394082,business intelligence analyst,Reporting and Intelligence Analyst,Amentum,UK,UK,,,IT Jobs,30529.78,30529.78,,full_time,2026-09-19 10:51:38+00:00,2026-09-20 01:07:51.986106+00:00,2026-09-19,30529.78,1,30529.78,Reporting Analyst,Mid / Unspecified,UK,0,0,0,0,0,0,0,0,0,0,0,0,0,0,0,0,0,0,0,0,0,0,0.5946063206712963
5890079464,business intelligence analyst,Marketing Analytics & Business Intelligence Analyst,Afina,"Kings Cross, Central London",UK > London > Central London > Kings Cross,51.534275,-0.121979,"PR, Advertising & Marketing Jobs",86828.71,86828.71,,,2026-09-19 03:31:33+00:00,2026-09-20 01:07:51.986106+00:00,2026-09-19,86828.71,1,86828.71,BI Analyst,Mid / Unspecified,London,0,0,0,0,0,0,0,0,0,0,0,0,0,0,0,0,0,0,0,0,0,0,0.9002197465972221
5889800070,business intelligence analyst,Business Intelligence Performance Analyst,RHP,"Teddington, South West London",UK > London > South West London > Teddington,51.428203,-0.334656,IT Jobs,46350.0,46350.0,,,2026-09-18 23:28:33+00:00,2026-09-20 01:07:51.986106+00:00,2026-09-18,46350.0,1,46350.0,BI Analyst,Mid / Unspecified,London,0,0,0,0,0,0,0,0,0,0,0,0,0,0,0,0,0,0,0,0,0,0,1.068969746597222
5888659754,business intelligence analyst,Reporting and Intelligence Analyst,Amentum,"Bristol, South West England",UK > South West England > Bristol,,,IT Jobs,30458.94,30458.94,,,2026-09-18 04:49:39+00:00,2026-09-20 01:07:51.986106+00:00,2026-09-18,30458.94,1,30458.94,Reporting Analyst,Mid / Unspecified,South West England,0,0,0,0,0,0,0,0,0,0,0,0,0,0,0,0,0,0,0,0,0,0,1.845983635486111
5888087075,business intelligence analyst,Reporting and Business Intelligence Analyst,Booth Welsh Ltd,"Bristol, South West England",UK > South West England > Bristol,,,IT Jobs,56773.18,56773.18,contract,,2026-09-17 19:01:45+00:00,2026-09-20 01:07:51.986106+00:00,2026-09-17,56773.18,1,56773.18,BI Analyst,Mid / Unspecified,South West England,0,0,0,1,0,0,0,0,0,0,0,0,0,0,0,0,0,0,0,0,0,1,2.2542475243749998
5887468475,business intelligence analyst,Technical BI & Reporting Lead,Lloyds Bank,UK,UK,,,IT Jobs,67000.0,81000.0,,full_time,2026-09-17 10:58:19+00:00,2026-09-20 01:07:51.986106+00:00,2026-09-17,74000.0,1,74000.0,BI Analyst,Senior,UK,0,0,0,0,0,0,0,0,0,0,0,0,0,0,0,0,0,0,0,0,0,0,2.5899651169675924
5886984422,business intelligence analyst,SEND Business Intelligence Developer,Baltimore Consulting,"Thatcham, West Berkshire",UK > South East England > West Berkshire > Thatcham,51.403702,-1.26051,IT Jobs,63110.64,63110.64,contract,full_time,2026-09-17 02:36:47+00:00,2026-09-20 01:07:51.986106+00:00,2026-09-17,63110.64,1,63110.64,BI Analyst,Mid / Unspecified,South East England,0,0,0,0,0,0,0,0,0,0,0,0,0,0,0,0,0,0,0,0,0,0,2.93825215400463
5886244148,business intelligence analyst,Senior BI Analyst,BCM Global,"Ipswich, Suffolk",UK > Eastern England > Suffolk > Ipswich,52.059299,1.15567,IT Jobs,64502.61,64502.61,,full_time,2026-09-16 14:20:09+00:00,2026-09-20 01:07:51.986106+00:00,2026-09-16,64502.61,1,64502.61,BI Analyst,Senior,Eastern England,0,0,0,0,0,0,0,0,0,0,0,0,0,0,0,0,0,0,0,0,0,0,3.4498030799305557
5885544758,business intelligence analyst,Reporting and Intelligence Analyst,Rullion,"Stogursey, Bridgwater",UK > South West England > Somerset > Bridgwater > Stogursey,51.207087,-3.131634,IT Jobs,52000.0,68900.0,contract,full_time,2026-09-16 03:57:24+00:00,2026-09-20 01:07:51.986106+00:00,2026-09-16,60450.0,1,60450.0,Reporting Analyst,Mid / Unspecified,South West England,0,0,0,0,0,0,0,0,0,0,0,0,0,0,0,0,0,0,0,0,0,0,3.8822683577083335
5885144954,business intelligence analyst,Reporting and Intelligence Analyst,Mactech Energy Group,"Bridgwater, Somerset",UK > South West England > Somerset > Bridgwater,51.127602,-3.00403,IT Jobs,66375.0,93457.0,,,2026-09-15 21:55:26+00:00,2026-09-20 01:07:51.986106+00:00,2026-09-15,79916.0,1,79916.0,Reporting Analyst,Mid / Unspecified,South West England,0,0,0,1,0,0,0,0,0,0,0,0,0,0,0,0,0,0,0,0,0,1,4.1336340984490745
5885066203,business intelligence analyst,Reporting and Intelligence Analyst,Rullion Managed Services,"Somerset, South West England",UK > South West England > Somerset,51.067069,-2.884066,IT Jobs,52000.0,68900.0,contract,,2026-09-15 20:53:29+00:00,2026-09-20 01:07:51.986106+00:00,2026-09-15,60450.0,1,60450.0,Reporting Analyst,Mid / Unspecified,South West England,0,0,0,0,0,0,0,0,0,0,0,0,0,0,0,0,0,0,0,0,0,0,4.176654931782408
5884644734,business intelligence analyst,Finance Systems / Reporting Developer (AI Automation),Michael Page,"Holcot, Northampton",UK > East Midlands > Northamptonshire > Northampton > Holcot,52.319636,-0.831728,IT Jobs,40000.0,45000.0,,full_time,2026-09-15 14:52:08+00:00,2026-09-20 01:07:51.986106+00:00,2026-09-15,42500.0,1,42500.0,Reporting Analyst,Mid / Unspecified,East Midlands,0,0,0,0,0,0,0,0,0,0,0,0,0,0,0,0,0,0,0,0,0,0,4.427592431782408
5884633407,business intelligence analyst,Reporting and Intelligence Analyst,Mactech Energy Group,UK,UK,,,IT Jobs,66375.0,93457.0,,,2026-09-15 13:46:59+00:00,2026-09-20 01:07:51.986106+00:00,2026-09-15,79916.0,1,79916.0,Reporting Analyst,Mid / Unspecified,UK,0,0,0,1,0,0,0,0,0,0,0,0,0,0,0,0,0,0,0,0,0,1,4.472835487337964
5883610914,business intelligence analyst,"Trainee Data Analyst (Excel, SQL & Power BI)",Netcom Online Learning,"Birmingham, West Midlands",UK > West Midlands > Birmingham,52.483002,-1.89359,IT Jobs,33970.43,33970.43,,full_time,2026-09-14 13:09:13+00:00,2026-09-20 01:07:51.986106+00:00,2026-09-14,33970.43,1,33970.43,BI Analyst,Junior,West Midlands,1,0,0,1,0,1,0,0,0,0,0,0,0,0,0,0,0,0,0,0,0,3,5.499062339189815
5883610878,business intelligence analyst,Trainee Data Analyst,Netcom Online Learning,"Birmingham, West Midlands",UK > West Midlands > Birmingham,52.483002,-1.89359,IT Jobs,32637.68,32637.68,,full_time,2026-09-14 13:09:12+00:00,2026-09-20 01:07:51.986106+00:00,2026-09-14,32637.68,1,32637.68,Data Analyst,Junior,West Midlands,0,0,0,0,0,0,0,0,0,0,0,0,0,0,0,0,0,0,0,0,0,0,5.4990739132638895
5883570356,business intelligence analyst,"Data Analyst Training Course (Excel, SQL & Power BI)",Netcom Training,"Balsall Heath, Birmingham",UK > West Midlands > Birmingham > Balsall Heath,52.460083,-1.902086,IT Jobs,34309.26,34309.26,,part_time,2026-09-14 12:54:00+00:00,2026-09-20 01:07:51.986106+00:00,2026-09-14,34309.26,1,34309.26,BI Analyst,Mid / Unspecified,West Midlands,1,0,0,1,0,1,0,0,0,0,0,0,0,0,0,0,0,0,0,0,0,3,5.509629468819445
5882953819,business intelligence analyst,Senior Business Intelligence Analyst,Michael Page,"The City, Central London",UK > London > Central London > The City,,,IT Jobs,55000.0,65000.0,permanent,full_time,2026-09-14 00:47:50+00:00,2026-09-20 01:07:51.986106+00:00,2026-09-14,60000.0,1,60000.0,BI Analyst,Senior,London,0,0,0,0,0,0,0,0,0,0,0,0,0,0,0,0,0,0,0,0,0,0,6.013911876226852
5881159110,business intelligence analyst,Senior Data Analyst,Richemont,UK,UK,,,IT Jobs,55827.57,55827.57,,full_time,2026-09-12 17:06:09+00:00,2026-09-20 01:07:51.986106+00:00,2026-09-12,55827.57,1,55827.57,Data Analyst,Senior,UK,0,0,0,0,0,0,0,0,0,0,0,0,0,0,0,0,0,0,0,0,0,0,7.334525302152778
5879942598,business intelligence analyst,Junior Business Intelligence Analyst,Wren Kitchens,"Hoe Hill, Barton-Upon-Humber",UK > Yorkshire And The Humber > North Lincolnshire > Barton-Upon-Humber > Hoe Hill,53.690556,-0.431245,IT Jobs,500.0,500.0,,full_time,2026-09-11 17:09:42+00:00,2026-09-20 01:07:51.986106+00:00,2026-09-11,500.0,1,,BI Analyst,Junior,Yorkshire And The Humber,1,0,0,0,0,0,0,0,0,0,0,0,0,0,0,0,0,0,0,0,0,1,8.332060024375
5879775802,business intelligence analyst,Business Intelligence & Performance Officer,Lynx Employment Services Ltd,"Long Lawford, Rugby",UK > West Midlands > Warwickshire > Rugby > Long Lawford,52.390168,-1.298443,IT Jobs,91000.0,91000.0,contract,,2026-09-11 14:41:00+00:00,2026-09-20 01:07:51.986106+00:00,2026-09-11,91000.0,1,91000.0,BI Analyst,Mid / Unspecified,West Midlands,0,0,0,0,0,0,0,0,0,0,0,0,0,0,0,0,0,0,0,0,0,0,8.43532391326389
5879774551,business intelligence analyst,Business Intelligence Analyst,Solihull College & University Centre,"Bentley Heath, Solihull",UK > West Midlands > Solihull > Bentley Heath,52.413907,-1.782484,IT Jobs,39122.0,41057.0,,full_time,2026-09-11 14:37:44+00:00,2026-09-20 01:07:51.986106+00:00,2026-09-11,40089.5,1,40089.5,BI Analyst,Mid / Unspecified,West Midlands,1,0,1,1,0,0,0,0,0,0,0,0,0,0,0,0,0,0,0,0,0,3,8.437592431782408
5878831834,business intelligence analyst,Business Intelligence Analyst,Michael Page Business Support,"Manchester, Greater Manchester",UK > North West England > Greater Manchester > Manchester,,,IT Jobs,50000.0,55000.0,permanent,full_time,2026-09-10 20:48:28+00:00,2026-09-20 01:07:51.986106+00:00,2026-09-10,52500.0,1,52500.0,BI Analyst,Mid / Unspecified,North West England,0,0,0,0,0,0,0,0,0,0,0,0,0,0,0,0,0,0,0,0,0,0,9.180138728078704
5878796733,business intelligence analyst,Business Intelligence Analyst,Michael Page,"Rusholme, Manchester",UK > North West England > Greater Manchester > Manchester > Rusholme,53.459145,-2.220609,IT Jobs,50000.0,55000.0,permanent,full_time,2026-09-10 18:36:22+00:00,2026-09-20 01:07:51.986106+00:00,2026-09-10,52500.0,1,52500.0,BI Analyst,Mid / Unspecified,North West England,0,0,0,0,0,0,0,0,0,0,0,0,0,0,0,0,0,0,0,0,0,0,9.271874839189815
5877539569,business intelligence analyst,Power BI Developer,Police Digital Services,"Central London, London",UK > London > Central London,51.51985,-0.11126,IT Jobs,70580.27,70580.27,,,2026-09-09 21:43:57+00:00,2026-09-20 01:07:51.986106+00:00,2026-09-09,70580.27,1,70580.27,BI Analyst,Mid / Unspecified,London,0,0,0,1,0,0,0,0,0,0,0,0,0,0,0,0,0,0,0,0,0,1,10.141608635486111
5877048264,business intelligence analyst,Senior BI Support Analyst,IT Talent Solutions,"Crownhill, Milton Keynes",UK > South East England > Buckinghamshire > Milton Keynes > Crownhill,52.032628,-0.802219,IT Jobs,50000.0,65000.0,,full_time,2026-09-09 12:43:59+00:00,2026-09-20 01:07:51.986106+00:00,2026-09-09,57500.0,1,57500.0,BI Analyst,Senior,South East England,0,0,0,0,0,0,0,0,0,0,0,0,0,0,0,0,0,0,0,0,0,0,10.516585487337963
5877047005,business intelligence analyst,Senior BI Developer,Nextech,"Reading, Berkshire",UK > South East England > Berkshire > Reading,51.455002,-0.969088,IT Jobs,42000.0,45000.0,,full_time,2026-09-09 12:43:25+00:00,2026-09-20 01:07:51.986106+00:00,2026-09-09,43500.0,1,43500.0,BI Analyst,Senior,South East England,1,0,0,0,0,0,0,0,0,0,0,0,0,0,0,0,0,0,0,0,0,1,10.516979005856482
5877046747,business intelligence analyst,Senior BI Support Analyst,IT Talent Solutions Ltd,"Milton Keynes, Buckinghamshire",UK > South East England > Buckinghamshire > Milton Keynes,52.042198,-0.7047,IT Jobs,45000.0,60000.0,,full_time,2026-09-09 12:43:23+00:00,2026-09-20 01:07:51.986106+00:00,2026-09-09,52500.0,1,52500.0,BI Analyst,Senior,South East England,0,0,0,0,0,0,0,0,0,0,0,0,0,0,0,0,0,0,0,0,0,0,10.51700215400463
5874800211,business intelligence analyst,Data Analyst,PeoplePlus,"Full Sutton, York",UK > Yorkshire And The Humber > North Yorkshire > York > Full Sutton,53.98565,-0.868594,IT Jobs,30000.0,30000.0,,,2026-09-07 23:20:06+00:00,2026-09-20 01:07:51.986106+00:00,2026-09-07,30000.0,1,30000.0,Data Analyst,Mid / Unspecified,Yorkshire And The Humber,0,0,0,0,0,0,0,0,0,0,0,0,0,0,0,0,0,0,0,0,0,0,12.074837802152778
5874519937,business intelligence analyst,Finance BI Analyst - (Business Inteligence),Eriban Business Services Ltd,"Sheffield, South Yorkshire",UK > Yorkshire And The Humber > South Yorkshire > Sheffield,53.383099,-1.4648,IT Jobs,60000.0,60000.0,,,2026-09-07 21:47:56+00:00,2026-09-20 01:07:51.986106+00:00,2026-09-07,60000.0,1,60000.0,BI Analyst,Mid / Unspecified,Yorkshire And The Humber,0,0,0,0,0,0,0,0,0,0,0,0,0,0,0,0,0,0,0,0,0,0,12.138842431782406
5874305309,business intelligence analyst,Business Intelligence Analyst,Sanderson,"Bristol, South West England",UK > South West England > Bristol,,,IT Jobs,34000.0,36500.0,,full_time,2026-09-07 18:15:51+00:00,2026-09-20 01:07:51.986106+00:00,2026-09-07,35250.0,1,35250.0,BI Analyst,Mid / Unspecified,South West England,0,0,0,1,0,0,0,0,0,0,0,0,0,0,0,0,0,0,0,0,0,1,12.286122524375
5871611706,business intelligence analyst,Data Analyst Placement Programme No Experience Needed,IT Online Learning,"Edinburgh, Scotland",UK > Scotland > Edinburgh,55.943116,-3.327942,IT Jobs,65000.0,65000.0,permanent,,2026-09-05 07:31:41+00:00,2026-09-20 01:07:51.986106+00:00,2026-09-05,65000.0,1,65000.0,Data Analyst,Mid / Unspecified,Scotland,0,0,0,0,0,0,0,0,0,0,0,0,0,0,0,0,0,0,0,0,0,0,14.733460487337961
5870534177,business intelligence analyst,Senior Power BI Developer,WellData Limited,"Balsall Heath, Birmingham",UK > West Midlands > Birmingham > Balsall Heath,52.460083,-1.902086,IT Jobs,61471.33,61471.33,permanent,full_time,2026-09-04 12:32:16+00:00,2026-09-20 01:07:51.986106+00:00,2026-09-04,61471.33,1,61471.33,BI Analyst,Senior,West Midlands,1,0,0,1,0,0,0,0,0,0,0,0,0,0,0,0,0,0,0,0,0,2,15.524722061412035
5869559599,business intelligence analyst,Senior Power BI Developer,WellData Limited,"Birmingham, West Midlands",UK > West Midlands > Birmingham,52.483002,-1.89359,IT Jobs,64686.99,64686.99,permanent,full_time,2026-09-03 22:06:50+00:00,2026-09-20 01:07:51.986106+00:00,2026-09-03,64686.99,1,64686.99,BI Analyst,Senior,West Midlands,1,0,0,1,0,0,0,0,0,0,0,0,0,0,0,0,0,0,0,0,0,2,16.125717431782405
5869442923,business intelligence analyst,Junior Business Intelligence Analyst,Navitas,"Thames View Industrial Park, Abingdon",UK > South East England > Oxfordshire > Abingdon > Thames View Industrial Park,51.677893,-1.274336,IT Jobs,26000.0,32000.0,permanent,full_time,2026-09-03 17:59:05+00:00,2026-09-20 01:07:51.986106+00:00,2026-09-03,29000.0,1,29000.0,BI Analyst,Junior,South East England,0,0,0,0,0,0,0,0,0,0,0,0,0,0,0,0,0,0,0,0,0,0,16.297766042893517
5868457878,business intelligence analyst,Data Analyst Placement Programme No Experience Needed,IT Online Learning,"Cardiff County, Wales",UK > Wales > Cardiff County,51.5078,-3.210445,IT Jobs,65000.0,65000.0,permanent,,2026-09-03 07:29:42+00:00,2026-09-20 01:07:51.986106+00:00,2026-09-03,65000.0,1,65000.0,Data Analyst,Mid / Unspecified,Wales,0,0,0,0,0,0,0,0,0,0,0,0,0,0,0,0,0,0,0,0,0,0,16.734837802152775
5868457872,business intelligence analyst,Data Analyst Placement Programme No Experience Needed,IT Online Learning,"Sheffield, South Yorkshire",UK > Yorkshire And The Humber > South Yorkshire > Sheffield,53.383099,-1.4648,IT Jobs,65000.0,65000.0,permanent,,2026-09-03 07:29:41+00:00,2026-09-20 01:07:51.986106+00:00,2026-09-03,65000.0,1,65000.0,Data Analyst,Mid / Unspecified,Yorkshire And The Humber,0,0,0,0,0,0,0,0,0,0,0,0,0,0,0,0,0,0,0,0,0,0,16.73484937622685
5868457216,business intelligence analyst,Data Analyst Placement Programme No Experience Needed,IT Online Learning,"Bristol, South West England",UK > South West England > Bristol,,,IT Jobs,65000.0,65000.0,permanent,,2026-09-03 07:28:37+00:00,2026-09-20 01:07:51.986106+00:00,2026-09-03,65000.0,1,65000.0,Data Analyst,Mid / Unspecified,South West England,0,0,0,0,0,0,0,0,0,0,0,0,0,0,0,0,0,0,0,0,0,0,16.735590116967593
5867727691,business intelligence analyst,Business Intelligence Analyst,Cathcart Technology,"Motherwell, North Lanarkshire",UK > Scotland > North Lanarkshire > Motherwell,55.789101,-3.99546,IT Jobs,35000.0,40000.0,,full_time,2026-09-03 00:08:37+00:00,2026-09-20 01:07:51.986106+00:00,2026-09-03,37500.0,1,37500.0,BI Analyst,Mid / Unspecified,Scotland,0,0,0,0,0,0,0,0,0,0,0,0,0,0,0,0,0,0,0,0,0,0,17.041145672523147
5867645768,business intelligence analyst,Business Intelligence Analyst - Facilities & Innovation,ABM UK,"East London, London",UK > London > East London,51.54571,-0.016402,IT Jobs,51128.2,51128.2,,,2026-09-02 23:16:17+00:00,2026-09-20 01:07:51.986106+00:00,2026-09-02,51128.2,1,51128.2,BI Analyst,Mid / Unspecified,London,0,0,0,0,0,0,0,0,0,0,0,0,0,0,0,0,0,0,0,0,0,0,17.07748826511574
5867515337,business intelligence analyst,Business Intelligence Analyst,Cathcart Technology,"Glasgow, Scotland",UK > Scotland > Glasgow,55.86026,-4.25596,IT Jobs,35000.0,40000.0,,full_time,2026-09-02 20:11:01+00:00,2026-09-20 01:07:51.986106+00:00,2026-09-02,37500.0,1,37500.0,BI Analyst,Mid / Unspecified,Scotland,0,0,0,0,0,0,0,0,0,0,0,0,0,0,0,0,0,0,0,0,0,0,17.206145672523146
5867249869,business intelligence analyst,Data Analyst,Supernova Technology,"London, UK",UK > London,51.503378,-0.139134,IT Jobs,45669.5,45669.5,,full_time,2026-09-02 17:11:00+00:00,2026-09-20 01:07:51.986106+00:00,2026-09-02,45669.5,1,45669.5,Data Analyst,Mid / Unspecified,London,0,0,0,0,0,0,0,0,0,0,0,0,0,0,0,0,0,0,0,0,0,0,17.331157246597222
5867249007,business intelligence analyst,Business Intelligence Analyst,Unisys,UK,UK,,,IT Jobs,55617.14,55617.14,,full_time,2026-09-02 17:10:38+00:00,2026-09-20 01:07:51.986106+00:00,2026-09-02,55617.14,1,55617.14,BI Analyst,Mid / Unspecified,UK,1,0,0,1,0,0,0,0,0,0,0,0,0,0,0,0,0,0,0,0,0,2,17.331411876226852
5867240123,business intelligence analyst,BI Developer,EOS,"Banbridge, County Down",UK > Northern Ireland > County Down > Banbridge,54.351002,-6.26702,IT Jobs,52867.07,52867.07,,,2026-09-02 17:06:38+00:00,2026-09-20 01:07:51.986106+00:00,2026-09-02,52867.07,1,52867.07,BI Analyst,Mid / Unspecified,Northern Ireland,0,0,0,0,0,0,0,0,0,0,0,0,0,0,0,0,0,0,0,0,0,0,17.33418965400463
5866718600,business intelligence analyst,Business Intelligence Analyst - Facilities & Innovation,ABM UK,"Canary Wharf, East London",UK > London > East London > Canary Wharf,51.508092,-0.022997,IT Jobs,45000.0,45000.0,,full_time,2026-09-02 09:24:18+00:00,2026-09-20 01:07:51.986106+00:00,2026-09-02,45000.0,1,45000.0,BI Analyst,Mid / Unspecified,London,0,0,0,0,0,0,0,0,0,0,0,0,0,0,0,0,0,0,0,0,0,0,17.655254468819443
5866532951,business intelligence analyst,Data Analyst Placement Programme No Experience Needed,IT Online Learning,"Glasgow, Scotland",UK > Scotland > Glasgow,55.86026,-4.25596,IT Jobs,65000.0,65000.0,permanent,,2026-09-02 05:55:36+00:00,2026-09-20 01:07:51.986106+00:00,2026-09-02,65000.0,1,65000.0,Data Analyst,Mid / Unspecified,Scotland,0,0,0,0,0,0,0,0,0,0,0,0,0,0,0,0,0,0,0,0,0,0,17.800185024375
5866532946,business intelligence analyst,Data Analyst Placement Programme No Experience Needed,IT Online Learning,"Manchester, Greater Manchester",UK > North West England > Greater Manchester > Manchester,,,IT Jobs,65000.0,65000.0,permanent,,2026-09-02 05:55:35+00:00,2026-09-20 01:07:51.986106+00:00,2026-09-02,65000.0,1,65000.0,Data Analyst,Mid / Unspecified,North West England,0,0,0,0,0,0,0,0,0,0,0,0,0,0,0,0,0,0,0,0,0,0,17.800196598449073
5866532945,business intelligence analyst,Data Analyst Placement Programme No Experience Needed,IT Online Learning,"Liverpool, Merseyside",UK > North West England > Merseyside > Liverpool,53.410801,-2.97784,IT Jobs,65000.0,65000.0,permanent,,2026-09-02 05:55:35+00:00,2026-09-20 01:07:51.986106+00:00,2026-09-02,65000.0,1,65000.0,Data Analyst,Mid / Unspecified,North West England,0,0,0,0,0,0,0,0,0,0,0,0,0,0,0,0,0,0,0,0,0,0,17.800196598449073
5866532944,business intelligence analyst,Data Analyst Placement Programme No Experience Needed,IT Online Learning,"Leeds, West Yorkshire",UK > Yorkshire And The Humber > West Yorkshire > Leeds,53.799599,-1.54912,IT Jobs,65000.0,65000.0,permanent,,2026-09-02 05:55:35+00:00,2026-09-20 01:07:51.986106+00:00,2026-09-02,65000.0,1,65000.0,Data Analyst,Mid / Unspecified,Yorkshire And The Humber,0,0,0,0,0,0,0,0,0,0,0,0,0,0,0,0,0,0,0,0,0,0,17.800196598449073
5865267722,business intelligence analyst,Trainee Data Analyst No experience needed,IT Online Learning,UK,UK,,,IT Jobs,65000.0,65000.0,,,2026-09-01 21:40:14+00:00,2026-09-20 01:07:51.986106+00:00,2026-09-01,65000.0,1,65000.0,Data Analyst,Junior,UK,0,0,0,0,0,0,0,0,0,0,0,0,0,0,0,0,0,0,0,0,0,0,18.144189654004627
5865265484,business intelligence analyst,Data Analyst Placement Programme No Experience Needed,IT Online Learning,"Birmingham, West Midlands",UK > West Midlands > Birmingham,52.483002,-1.89359,IT Jobs,65000.0,65000.0,,,2026-09-01 21:39:03+00:00,2026-09-20 01:07:51.986106+00:00,2026-09-01,65000.0,1,65000.0,Data Analyst,Mid / Unspecified,West Midlands,0,0,0,0,0,0,0,0,0,0,0,0,0,0,0,0,0,0,0,0,0,0,18.145011413263887
5865265477,business intelligence analyst,Data Analyst Placement Programme No Experience Needed,IT Online Learning,"Cardiff, Cardiff County",UK > Wales > Cardiff County > Cardiff,51.4813,-3.1805,IT Jobs,65000.0,65000.0,,,2026-09-01 21:39:02+00:00,2026-09-20 01:07:51.986106+00:00,2026-09-01,65000.0,1,65000.0,Data Analyst,Mid / Unspecified,Wales,0,0,0,0,0,0,0,0,0,0,0,0,0,0,0,0,0,0,0,0,0,0,18.145022987337963
5865265463,business intelligence analyst,Data Analyst Placement Programme No Experience Needed,IT Online Learning,"North London, London",UK > London > North London,51.586237,-0.123313,IT Jobs,65000.0,65000.0,,,2026-09-01 21:39:02+00:00,2026-09-20 01:07:51.986106+00:00,2026-09-01,65000.0,1,65000.0,Data Analyst,Mid / Unspecified,London,0,0,0,0,0,0,0,0,0,0,0,0,0,0,0,0,0,0,0,0,0,0,18.145022987337963
5865190461,business intelligence analyst,Data Analyst Placement Programme,Ad Warrior Ltd,"Belgrave, Leicester",UK > East Midlands > Leicestershire > Leicester > Belgrave,52.633577,-1.13299,IT Jobs,30000.0,80000.0,,,2026-09-01 20:00:07+00:00,2026-09-20 01:07:51.986106+00:00,2026-09-01,55000.0,1,55000.0,Data Analyst,Mid / Unspecified,East Midlands,0,0,0,0,0,0,0,0,0,0,0,0,0,0,0,0,0,0,0,0,0,0,18.21371511696759
5865190460,business intelligence analyst,Data Analyst Placement Programme,Ad Warrior Ltd,"Caversham, Reading",UK > South East England > Berkshire > Reading > Caversham,51.456915,-0.969761,IT Jobs,30000.0,80000.0,,,2026-09-01 20:00:07+00:00,2026-09-20 01:07:51.986106+00:00,2026-09-01,55000.0,1,55000.0,Data Analyst,Mid / Unspecified,South East England,0,0,0,0,0,0,0,0,0,0,0,0,0,0,0,0,0,0,0,0,0,0,18.21371511696759
5865190456,business intelligence analyst,Data Analyst Placement Programme,Ad Warrior Ltd,"Hackney, East London",UK > London > East London > Hackney,51.5439,-0.066098,IT Jobs,30000.0,80000.0,,,2026-09-01 20:00:06+00:00,2026-09-20 01:07:51.986106+00:00,2026-09-01,55000.0,1,55000.0,Data Analyst,Mid / Unspecified,London,0,0,0,0,0,0,0,0,0,0,0,0,0,0,0,0,0,0,0,0,0,0,18.213726691041664
5865190431,business intelligence analyst,Trainee Data Analyst,Ad Warrior Ltd,"Birmingham, West Midlands",UK > West Midlands > Birmingham,,,IT Jobs,35000.0,80000.0,,,2026-09-01 20:00:06+00:00,2026-09-20 01:07:51.986106+00:00,2026-09-01,57500.0,1,57500.0,Data Analyst,Junior,West Midlands,0,0,0,0,0,0,0,0,0,0,0,0,0,0,0,0,0,0,0,0,0,0,18.213726691041664
5865190433,business intelligence analyst,Trainee Data Analyst,Ad Warrior Ltd,"Sneinton, Nottingham",UK > East Midlands > Nottinghamshire > Nottingham > Sneinton,52.948059,-1.144547,IT Jobs,35000.0,80000.0,,,2026-09-01 20:00:06+00:00,2026-09-20 01:07:51.986106+00:00,2026-09-01,57500.0,1,57500.0,Data Analyst,Junior,East Midlands,0,0,0,0,0,0,0,0,0,0,0,0,0,0,0,0,0,0,0,0,0,0,18.213726691041664
5865190429,business intelligence analyst,Trainee Data Analyst,Ad Warrior Ltd,"Manchester, Greater Manchester",UK > North West England > Greater Manchester > Manchester,53.480701,-2.23438,IT Jobs,35000.0,80000.0,,,2026-09-01 20:00:06+00:00,2026-09-20 01:07:51.986106+00:00,2026-09-01,57500.0,1,57500.0,Data Analyst,Junior,North West England,0,0,0,0,0,0,0,0,0,0,0,0,0,0,0,0,0,0,0,0,0,0,18.213726691041664
5865190459,business intelligence analyst,Data Analyst Placement Programme,Ad Warrior Ltd,"Manchester, Greater Manchester",UK > North West England > Greater Manchester > Manchester,53.480701,-2.23438,IT Jobs,30000.0,80000.0,,,2026-09-01 20:00:06+00:00,2026-09-20 01:07:51.986106+00:00,2026-09-01,55000.0,1,55000.0,Data Analyst,Mid / Unspecified,North West England,0,0,0,0,0,0,0,0,0,0,0,0,0,0,0,0,0,0,0,0,0,0,18.213726691041664
5865190428,business intelligence analyst,Trainee Data Analyst,Ad Warrior Ltd,"Hackney, East London",UK > London > East London > Hackney,51.5439,-0.066098,IT Jobs,35000.0,80000.0,,,2026-09-01 20:00:06+00:00,2026-09-20 01:07:51.986106+00:00,2026-09-01,57500.0,1,57500.0,Data Analyst,Junior,London,0,0,0,0,0,0,0,0,0,0,0,0,0,0,0,0,0,0,0,0,0,0,18.213726691041664
5857901116,business intelligence analyst,Data Analyst,Reed Technology,"Birmingham, West Midlands",UK > West Midlands > Birmingham,52.483002,-1.89359,IT Jobs,45000.0,45000.0,contract,,2026-08-27 05:37:45+00:00,2026-09-20 01:07:51.986106+00:00,2026-08-27,45000.0,1,45000.0,Data Analyst,Mid / Unspecified,West Midlands,0,0,0,0,0,0,0,0,0,0,0,0,0,0,0,0,0,0,0,0,0,0,23.812580857708333
5856892687,business intelligence analyst,Data Analyst,Reed Technology,"Balsall Heath, Birmingham",UK > West Midlands > Birmingham > Balsall Heath,52.460083,-1.902086,IT Jobs,35000.0,45000.0,contract,full_time,2026-08-26 15:24:05+00:00,2026-09-20 01:07:51.986106+00:00,2026-08-26,40000.0,1,40000.0,Data Analyst,Mid / Unspecified,West Midlands,0,0,0,0,0,0,0,0,0,0,0,0,0,0,0,0,0,0,0,0,0,0,24.405404931782407
5855716764,business intelligence analyst,Data Analyst,Truespeed,"Bath, Bath & N E Somerset",UK > South West England > Bath & N E Somerset > Bath,51.3811,-2.35862,IT Jobs,35000.0,35000.0,permanent,full_time,2026-08-25 21:39:08+00:00,2026-09-20 01:07:51.986106+00:00,2026-08-25,35000.0,1,35000.0,Data Analyst,Mid / Unspecified,South West England,0,0,0,0,0,0,0,0,0,0,0,0,0,0,0,0,0,0,0,0,0,0,25.144953542893518
5855604687,business intelligence analyst,Data Analyst,Truespeed,"Stoney Stratton, Shepton Mallet",UK > South West England > Somerset > Shepton Mallet > Stoney Stratton,51.164963,-2.503787,IT Jobs,35000.0,40000.0,permanent,full_time,2026-08-25 17:34:34+00:00,2026-09-20 01:07:51.986106+00:00,2026-08-25,37500.0,1,37500.0,Data Analyst,Mid / Unspecified,South West England,0,0,0,0,0,0,0,0,0,0,0,0,0,0,0,0,0,0,0,0,0,0,25.31479150585648
5854366209,business intelligence analyst,Data Analyst,Reed Technology,"Dickens Heath, Shirley",UK > West Midlands > Solihull > Shirley > Dickens Heath,52.4006,-1.825874,IT Jobs,37440.0,47840.0,contract,,2026-08-24 13:12:54+00:00,2026-09-20 01:07:51.986106+00:00,2026-08-24,42640.0,1,42640.0,Data Analyst,Mid / Unspecified,West Midlands,0,0,0,0,0,0,0,0,0,0,0,0,0,0,0,0,0,0,0,0,0,0,26.49650446881944
5890530872,BI analyst,BI Business Analyst – Revenue Reporting,LearnPro Group,"Davidsons Mains, Edinburgh",UK > Scotland > Edinburgh > Davidsons Mains,55.971489,-3.284231,Accounting & Finance Jobs,30000.0,30000.0,contract,full_time,2026-09-19 11:53:12+00:00,2026-09-20 01:07:51.986106+00:00,2026-09-19,30000.0,1,30000.0,BI Analyst,Mid / Unspecified,Scotland,0,0,0,1,1,1,1,0,0,0,0,0,0,0,0,0,0,0,0,0,0,4,0.5518516910416666
5889704954,BI analyst,BI Developer - Power BI | SQL | Microsoft Fabric,MSA Data Analytics Ltd,"Redditch, Worcestershire",UK > West Midlands > Worcestershire > Redditch,,,IT Jobs,38000.0,48000.0,contract,full_time,2026-09-18 19:33:50+00:00,2026-09-20 01:07:51.986106+00:00,2026-09-18,43000.0,1,43000.0,BI Analyst,Mid / Unspecified,West Midlands,1,0,0,1,0,0,0,0,0,0,0,0,0,0,0,0,0,0,0,0,0,2,1.2319674317824074
5889479740,BI analyst,Bi/GCP Analyst,Sphere Digital Recruitment,"London, UK",UK > London,,,IT Jobs,84500.0,94900.0,contract,part_time,2026-09-18 16:39:14+00:00,2026-09-20 01:07:51.986106+00:00,2026-09-18,89700.0,1,89700.0,BI Analyst,Mid / Unspecified,London,0,0,0,0,0,0,0,0,0,1,0,0,0,0,0,0,0,0,0,0,0,1,1.3532174317824073
5889022631,BI analyst,Advanced Workforce BI Analyst,University Hospital Southampton NHS Foundation Trust,"Rownhams, Southampton",UK > South East England > Hampshire > Southampton > Rownhams,50.933022,-1.435104,IT Jobs,14560.0,14560.0,contract,full_time,2026-09-18 10:49:17+00:00,2026-09-20 01:07:51.986106+00:00,2026-09-18,14560.0,1,14560.0,BI Analyst,Mid / Unspecified,South East England,0,0,0,0,0,0,0,0,0,0,0,0,0,0,0,0,0,0,0,0,0,0,1.5962382651157407
5887689857,BI analyst,Reporting Analyst,Macildowie Recruitment and Retention,"Derby, Derbyshire",UK > East Midlands > Derbyshire > Derby,52.921902,-1.47564,IT Jobs,35000.0,40000.0,,full_time,2026-09-17 13:27:55+00:00,2026-09-20 01:07:51.986106+00:00,2026-09-17,37500.0,1,37500.0,Reporting Analyst,Mid / Unspecified,East Midlands,0,0,0,1,0,0,0,0,0,0,0,0,0,0,0,0,0,0,0,0,0,1,2.4860762280787037
5886974014,BI analyst,Graduate Data Analyst,Consula Group LTD,"Shropshire, West Midlands",UK > West Midlands > Shropshire,52.685086,-2.738525,Graduate Jobs,32500.0,35500.0,permanent,full_time,2026-09-17 02:21:10+00:00,2026-09-20 01:07:51.986106+00:00,2026-09-17,34000.0,1,34000.0,Data Analyst,Junior,West Midlands,0,0,0,0,0,0,0,0,0,0,0,0,0,0,0,0,0,0,0,0,0,0,2.949097061412037
5886556100,BI analyst,Senior Data Analyst,Ada Meher,"Farringdon, Central London",UK > London > Central London > Farringdon,51.523772,-0.103815,IT Jobs,55000.0,60000.0,,full_time,2026-09-16 18:54:58+00:00,2026-09-20 01:07:51.986106+00:00,2026-09-16,57500.0,1,57500.0,Data Analyst,Senior,London,1,1,0,0,1,0,0,0,0,0,1,0,0,1,0,0,0,0,0,0,0,5,3.2589581725231485
5885146764,BI analyst,BI Analyst -(Fixed Term 9 Months),Almac Group,"Craigavon, Northern Ireland",UK > Northern Ireland > Craigavon,54.448101,-6.38758,IT Jobs,45060.62,45060.62,contract,full_time,2026-09-15 21:58:56+00:00,2026-09-20 01:07:51.986106+00:00,2026-09-15,45060.62,1,45060.62,BI Analyst,Mid / Unspecified,Northern Ireland,0,0,0,1,0,0,0,0,0,0,0,0,0,0,0,0,0,0,0,0,0,1,4.131203542893519
5885033522,BI analyst,BI Analyst -(Fixed Term 9 Months),Almac Group Ltd,"Craigavon, Northern Ireland",UK > Northern Ireland > Craigavon,54.448101,-6.38758,IT Jobs,40863.46,40863.46,contract,,2026-09-15 20:08:27+00:00,2026-09-20 01:07:51.986106+00:00,2026-09-15,40863.46,1,40863.46,BI Analyst,Mid / Unspecified,Northern Ireland,0,0,0,1,0,0,0,0,0,0,0,0,0,0,0,0,0,0,0,0,0,1,4.207928079930556
5884623746,BI analyst,Data & BI Developer,Proactive Appointments,"London, UK",UK > London,51.503378,-0.139134,IT Jobs,45000.0,54000.0,,full_time,2026-09-15 13:19:00+00:00,2026-09-20 01:07:51.986106+00:00,2026-09-15,49500.0,1,49500.0,BI Analyst,Mid / Unspecified,London,0,0,0,0,0,0,0,0,0,0,0,0,0,0,0,0,0,0,0,0,0,0,4.492268357708333
5884623744,BI analyst,BI Analyst,Robert Walters,"Birmingham, West Midlands",UK > West Midlands > Birmingham,52.483002,-1.89359,IT Jobs,57025.94,57025.94,contract,full_time,2026-09-15 13:19:00+00:00,2026-09-20 01:07:51.986106+00:00,2026-09-15,57025.94,1,57025.94,BI Analyst,Mid / Unspecified,West Midlands,1,0,0,1,0,0,0,0,0,0,0,0,0,0,0,0,0,0,0,0,0,2,4.492268357708333
5884163643,BI analyst,Graduate Data Analyst,Consula Group LTD,"London, UK",UK > London,,,Graduate Jobs,48000.0,52000.0,permanent,full_time,2026-09-15 02:45:53+00:00,2026-09-20 01:07:51.986106+00:00,2026-09-15,50000.0,1,50000.0,Data Analyst,Junior,London,0,0,0,0,0,0,0,0,0,0,0,0,0,0,0,0,0,0,0,0,0,0,4.9319327095601855
5883907745,BI analyst,Data Analyst,Anson Mccade,"Central London, London",UK > London > Central London,51.51985,-0.11126,IT Jobs,64481.09,64481.09,permanent,,2026-09-14 21:54:10+00:00,2026-09-20 01:07:51.986106+00:00,2026-09-14,64481.09,1,64481.09,Data Analyst,Mid / Unspecified,London,0,0,0,0,0,0,0,0,0,0,0,0,0,0,0,0,0,0,0,0,0,0,5.134513728078704
5883752290,BI analyst,Lead BI Analyst,Harnham - Data & Analytics Recruitment,"Manchester, Greater Manchester",UK > North West England > Greater Manchester > Manchester,,,IT Jobs,70000.0,90000.0,,full_time,2026-09-14 17:08:57+00:00,2026-09-20 01:07:51.986106+00:00,2026-09-14,80000.0,1,80000.0,BI Analyst,Senior,North West England,1,0,0,0,0,0,0,0,0,0,0,0,0,0,0,0,0,0,0,0,0,1,5.332580857708334
5883638987,BI analyst,Graduate Data Analyst,Consula Group LTD,"Manchester, Greater Manchester",UK > North West England > Greater Manchester > Manchester,,,Graduate Jobs,48000.0,52000.0,permanent,full_time,2026-09-14 14:45:33+00:00,2026-09-20 01:07:51.986106+00:00,2026-09-14,50000.0,1,50000.0,Data Analyst,Junior,North West England,0,0,0,0,0,0,0,0,0,0,0,0,0,0,0,0,0,0,0,0,0,0,5.432164191041667
5883638890,BI analyst,Graduate Data Analyst,Consula Group LTD,"Newcastle Upon Tyne, Tyne & Wear",UK > North East England > Tyne & Wear > Newcastle Upon Tyne,,,Graduate Jobs,48000.0,52000.0,permanent,full_time,2026-09-14 14:45:32+00:00,2026-09-20 01:07:51.986106+00:00,2026-09-14,50000.0,1,50000.0,Data Analyst,Junior,North East England,0,0,0,0,0,0,0,0,0,0,0,0,0,0,0,0,0,0,0,0,0,0,5.432175765115741
5883638868,BI analyst,Graduate Data Analyst,Consula Group LTD,"Birmingham, West Midlands",UK > West Midlands > Birmingham,52.483002,-1.89359,Graduate Jobs,48000.0,52000.0,permanent,full_time,2026-09-14 14:45:32+00:00,2026-09-20 01:07:51.986106+00:00,2026-09-14,50000.0,1,50000.0,Data Analyst,Junior,West Midlands,0,0,0,0,0,0,0,0,0,0,0,0,0,0,0,0,0,0,0,0,0,0,5.432175765115741
5883638821,BI analyst,Graduate Data Analyst,Consula Group LTD,"Glasgow City Centre, Glasgow",UK > Scotland > Glasgow > Glasgow City Centre,,,Graduate Jobs,45000.0,45000.0,permanent,full_time,2026-09-14 14:45:31+00:00,2026-09-20 01:07:51.986106+00:00,2026-09-14,45000.0,1,45000.0,Data Analyst,Junior,Scotland,0,0,0,0,0,0,0,0,0,0,0,0,0,0,0,0,0,0,0,0,0,0,5.432187339189815
5883633787,BI analyst,Data Analyst,Anson Mccade,"London, UK",UK > London,51.503378,-0.139134,IT Jobs,65875.25,65875.25,permanent,full_time,2026-09-14 14:26:10+00:00,2026-09-20 01:07:51.986106+00:00,2026-09-14,65875.25,1,65875.25,Data Analyst,Mid / Unspecified,London,0,0,0,0,0,0,0,0,0,0,0,0,0,0,0,0,0,0,0,0,0,0,5.445624839189815
5879821989,BI analyst,Data Analyst,Moxie People,"Cwmoody, Pontypool",UK > Wales > Torfaen > Pontypool > Cwmoody,51.718431,-2.997468,IT Jobs,0.0,39079.0,contract,full_time,2026-09-11 15:49:42+00:00,2026-09-20 01:07:51.986106+00:00,2026-09-11,19539.5,1,19539.5,Data Analyst,Mid / Unspecified,Wales,0,0,0,1,0,0,0,0,0,0,0,0,0,0,0,0,0,0,0,0,0,1,8.387615579930555
5878871185,BI analyst,Data Analyst,Anson Mccade,"South West London, London",UK > London > South West London,51.448229,-0.195605,IT Jobs,60000.0,60000.0,,,2026-09-10 21:45:34+00:00,2026-09-20 01:07:51.986106+00:00,2026-09-10,60000.0,1,60000.0,Data Analyst,Mid / Unspecified,London,0,0,0,0,0,0,0,0,0,0,0,0,0,0,0,0,0,0,0,0,0,0,9.140485950300926
5878831956,BI analyst,Finance System Reporting Analyst / BI Developer (Tableau),Michael Page Technology,"Birmingham, West Midlands",UK > West Midlands > Birmingham,52.483002,-1.89359,IT Jobs,40000.0,50000.0,contract,full_time,2026-09-10 20:48:31+00:00,2026-09-20 01:07:51.986106+00:00,2026-09-10,45000.0,1,45000.0,BI Analyst,Mid / Unspecified,West Midlands,0,0,0,0,1,0,0,0,0,0,0,0,0,0,0,0,0,0,0,0,0,1,9.180104005856482
5878831886,BI analyst,Power BI Data Analyst,Harnham - Data & Analytics Recruitment,"Leicester, Leicestershire",UK > East Midlands > Leicestershire > Leicester,52.6348,-1.12952,IT Jobs,91000.0,104000.0,contract,full_time,2026-09-10 20:48:30+00:00,2026-09-20 01:07:51.986106+00:00,2026-09-10,97500.0,1,97500.0,BI Analyst,Mid / Unspecified,East Midlands,0,0,0,1,0,0,0,0,0,0,0,0,0,0,0,0,0,0,0,0,0,1,9.180115579930556
5878802595,BI analyst,Finance System Reporting Analyst / BI Developer (Tableau),Michael Page,"Balsall Heath, Birmingham",UK > West Midlands > Birmingham > Balsall Heath,52.460083,-1.902086,IT Jobs,40000.0,50000.0,contract,,2026-09-10 18:47:26+00:00,2026-09-20 01:07:51.986106+00:00,2026-09-10,45000.0,1,45000.0,BI Analyst,Mid / Unspecified,West Midlands,0,0,0,0,1,0,0,0,0,0,0,0,0,0,0,0,0,0,0,0,0,1,9.26418965400463
5877618502,BI analyst,BI Analyst,Robert Walters,"Birmingham, West Midlands",UK > West Midlands > Birmingham,52.483002,-1.89359,IT Jobs,78000.0,104000.0,contract,full_time,2026-09-09 23:36:00+00:00,2026-09-20 01:07:51.986106+00:00,2026-09-09,91000.0,1,91000.0,BI Analyst,Mid / Unspecified,West Midlands,0,0,0,0,0,0,0,0,0,0,0,0,0,0,0,0,0,0,0,0,0,0,10.063796135486111
5877475768,BI analyst,BI Analyst,Harnham - Data & Analytics Recruitment,"London, UK",UK > London,,,IT Jobs,130000.0,143000.0,contract,full_time,2026-09-09 20:48:31+00:00,2026-09-20 01:07:51.986106+00:00,2026-09-09,136500.0,1,136500.0,BI Analyst,Mid / Unspecified,London,0,0,0,0,0,0,0,0,0,0,0,0,0,0,0,0,0,0,0,0,0,0,10.180104005856482
5877449133,BI analyst,Power BI/SQL Data Analyst,VANRATH,"Belfast, Northern Ireland",UK > Northern Ireland > Belfast,,,IT Jobs,40000.0,40000.0,,,2026-09-09 20:22:55+00:00,2026-09-20 01:07:51.986106+00:00,2026-09-09,40000.0,1,40000.0,BI Analyst,Mid / Unspecified,Northern Ireland,1,0,0,1,0,0,0,0,0,0,0,0,0,0,0,0,0,0,0,0,0,2,10.19788178363426
5877178556,BI analyst,Reporting Delivery Practice Lead Bank,SThree UK,"London, UK",UK > London,51.503378,-0.139134,Accounting & Finance Jobs,70000.0,130000.0,permanent,full_time,2026-09-09 15:45:58+00:00,2026-09-20 01:07:51.986106+00:00,2026-09-09,100000.0,1,100000.0,Reporting Analyst,Senior,London,0,0,0,0,0,0,0,0,0,0,0,0,0,0,0,0,0,0,0,0,0,0,10.390208172523149
5877178540,BI analyst,Reporting Delivery Practice Lead Bank,SThree UK,"The City, Central London",UK > London > Central London > The City,,,Accounting & Finance Jobs,70000.0,120000.0,permanent,full_time,2026-09-09 15:45:57+00:00,2026-09-20 01:07:51.986106+00:00,2026-09-09,95000.0,1,95000.0,Reporting Analyst,Senior,London,0,0,0,0,0,0,0,0,0,0,0,0,0,0,0,0,0,0,0,0,0,0,10.390219746597223
5876442514,BI analyst,Interim Commercial Accountant / Finance Analyst – Power BI,Cherry Professional - Relationship Led Recruitment,"Rugby, Warwickshire",UK > West Midlands > Warwickshire > Rugby,52.373199,-1.26174,Accounting & Finance Jobs,39000.0,91000.0,,full_time,2026-09-09 02:31:32+00:00,2026-09-20 01:07:51.986106+00:00,2026-09-09,65000.0,1,65000.0,BI Analyst,Mid / Unspecified,West Midlands,0,0,0,1,0,0,0,0,0,0,0,0,0,0,0,0,0,0,0,0,0,1,10.941897987337963
5875799525,BI analyst,Junior Data Analyst,Nextech,"Milton Keynes, Buckinghamshire",UK > South East England > Buckinghamshire > Milton Keynes,52.042198,-0.7047,IT Jobs,26000.0,28000.0,,full_time,2026-09-08 18:16:55+00:00,2026-09-20 01:07:51.986106+00:00,2026-09-08,27000.0,1,27000.0,Data Analyst,Junior,South East England,1,0,0,0,0,1,0,0,0,0,0,0,0,0,0,0,0,0,0,0,0,2,11.285381783634259
5875723827,BI analyst,Power BI Developer,Money Expert,"Chester, Cheshire",UK > North West England > Cheshire > Chester,53.191502,-2.89501,IT Jobs,30000.0,35000.0,contract,full_time,2026-09-08 16:54:33+00:00,2026-09-20 01:07:51.986106+00:00,2026-09-08,32500.0,1,32500.0,BI Analyst,Mid / Unspecified,North West England,0,0,0,1,0,0,0,0,0,0,0,0,0,0,0,0,0,0,0,0,0,1,11.342580857708334
5875588760,BI analyst,Power BI Developer,Cameron Clarke Associates,"Blacon, Chester",UK > North West England > Cheshire > Chester > Blacon,53.195102,-2.92761,IT Jobs,30000.0,35000.0,contract,full_time,2026-09-08 13:23:59+00:00,2026-09-20 01:07:51.986106+00:00,2026-09-08,32500.0,1,32500.0,BI Analyst,Mid / Unspecified,North West England,0,0,0,1,0,0,0,0,0,0,0,0,0,0,0,0,0,0,0,0,0,1,11.488807709560186
5874418500,BI analyst,BI Analyst,Harnham - Data & Analytics Recruitment,"London, UK",UK > London,,,Accounting & Finance Jobs,45000.0,46000.0,,full_time,2026-09-07 20:33:52+00:00,2026-09-20 01:07:51.986106+00:00,2026-09-07,45500.0,1,45500.0,BI Analyst,Mid / Unspecified,London,0,0,0,0,0,1,0,0,0,0,0,0,0,0,0,0,0,0,0,0,0,1,12.190277616967592
5873803025,BI analyst,Trainee Data Analyst No Experience Required,NEWTO TRAINING LIMITED,"Glasgow, Scotland",UK > Scotland > Glasgow,55.86026,-4.25596,IT Jobs,65000.0,65000.0,permanent,,2026-09-07 07:38:25+00:00,2026-09-20 01:07:51.986106+00:00,2026-09-07,65000.0,1,65000.0,Data Analyst,Junior,Scotland,0,0,0,0,0,0,0,0,0,0,0,0,0,0,0,0,0,0,0,0,0,0,12.728784561412036
5873203012,BI analyst,Senior BI Developer/ Senior Data Analyst,GSF Car Parts,"Minworth Industrial Park, Minworth",UK > West Midlands > Sutton Coldfield > Minworth > Minworth Industrial Park,52.525949,-1.773794,IT Jobs,52102.17,52102.17,,full_time,2026-09-06 16:53:45+00:00,2026-09-20 01:07:51.986106+00:00,2026-09-06,52102.17,1,52102.17,BI Analyst,Senior,West Midlands,0,0,0,1,0,0,0,0,0,0,0,0,0,0,0,0,0,0,0,0,0,1,13.343136413263888
5872260634,BI analyst,Trainee Data Analyst No Experience Required,NEWTO TRAINING LIMITED,"Sheffield, South Yorkshire",UK > Yorkshire And The Humber > South Yorkshire > Sheffield,53.383099,-1.4648,IT Jobs,65000.0,65000.0,permanent,,2026-09-05 19:34:33+00:00,2026-09-20 01:07:51.986106+00:00,2026-09-05,65000.0,1,65000.0,Data Analyst,Junior,Yorkshire And The Humber,0,0,0,0,0,0,0,0,0,0,0,0,0,0,0,0,0,0,0,0,0,0,14.231469746597222
5872110577,BI analyst,BI Engineer,Trayport,"London, UK",UK > London,,,IT Jobs,84625.36,84625.36,,full_time,2026-09-05 16:43:15+00:00,2026-09-20 01:07:51.986106+00:00,2026-09-05,84625.36,1,84625.36,BI Analyst,Mid / Unspecified,London,0,0,0,0,0,0,0,0,0,0,0,0,0,0,0,0,0,0,0,0,0,0,14.350428079930554
5871614422,BI analyst,Trainee Data Analyst No Experience Required,NEWTO TRAINING LIMITED,"Cardiff County, Wales",UK > Wales > Cardiff County,51.5078,-3.210445,IT Jobs,65000.0,65000.0,permanent,,2026-09-05 07:33:19+00:00,2026-09-20 01:07:51.986106+00:00,2026-09-05,65000.0,1,65000.0,Data Analyst,Junior,Wales,0,0,0,0,0,0,0,0,0,0,0,0,0,0,0,0,0,0,0,0,0,0,14.732326228078703
5871611701,BI analyst,Trainee Data Analyst No Experience Required,NEWTO TRAINING LIMITED,"Bristol, South West England",UK > South West England > Bristol,,,IT Jobs,65000.0,65000.0,permanent,,2026-09-05 07:31:41+00:00,2026-09-20 01:07:51.986106+00:00,2026-09-05,65000.0,1,65000.0,Data Analyst,Junior,South West England,0,0,0,0,0,0,0,0,0,0,0,0,0,0,0,0,0,0,0,0,0,0,14.733460487337961
5871014998,BI analyst,Power BI Developer,Morson Edge,"London, UK",UK > London,,,IT Jobs,117000.0,130000.0,contract,,2026-09-04 21:54:11+00:00,2026-09-20 01:07:51.986106+00:00,2026-09-04,123500.0,1,123500.0,BI Analyst,Mid / Unspecified,London,0,0,0,1,0,0,0,0,0,0,0,0,0,0,0,0,0,0,0,0,0,1,15.134502154004629
5869886950,BI analyst,Trainee Data Analyst No Experience Required,NEWTO TRAINING LIMITED,"Leeds, West Yorkshire",UK > Yorkshire And The Humber > West Yorkshire > Leeds,53.799599,-1.54912,IT Jobs,65000.0,65000.0,permanent,,2026-09-04 03:33:20+00:00,2026-09-20 01:07:51.986106+00:00,2026-09-04,65000.0,1,65000.0,Data Analyst,Junior,Yorkshire And The Humber,0,0,0,0,0,0,0,0,0,0,0,0,0,0,0,0,0,0,0,0,0,0,15.898981320671295
5869622912,BI analyst,Trainee Data Analyst No Experience Required,NEWTO TRAINING LIMITED,"Liverpool, Merseyside",UK > North West England > Merseyside > Liverpool,53.410801,-2.97784,IT Jobs,65000.0,65000.0,permanent,,2026-09-03 23:36:33+00:00,2026-09-20 01:07:51.986106+00:00,2026-09-03,65000.0,1,65000.0,Data Analyst,Junior,North West England,0,0,0,0,0,0,0,0,0,0,0,0,0,0,0,0,0,0,0,0,0,0,16.063414191041666
5869554109,BI analyst,Trainee Data Analyst No Experience Required,NEWTO TRAINING LIMITED,"Birmingham, West Midlands",UK > West Midlands > Birmingham,52.483002,-1.89359,IT Jobs,65000.0,65000.0,,,2026-09-03 21:51:50+00:00,2026-09-20 01:07:51.986106+00:00,2026-09-03,65000.0,1,65000.0,Data Analyst,Junior,West Midlands,0,0,0,0,0,0,0,0,0,0,0,0,0,0,0,0,0,0,0,0,0,0,16.136134098449073
5869552164,BI analyst,Trainee Data Analyst No Experience Required,NEWTO TRAINING LIMITED,"Cardiff, Cardiff County",UK > Wales > Cardiff County > Cardiff,51.4813,-3.1805,IT Jobs,65000.0,65000.0,,,2026-09-03 21:49:38+00:00,2026-09-20 01:07:51.986106+00:00,2026-09-03,65000.0,1,65000.0,Data Analyst,Junior,Wales,0,0,0,0,0,0,0,0,0,0,0,0,0,0,0,0,0,0,0,0,0,0,16.13766187622685
5869552162,BI analyst,Trainee Data Analyst No Experience Required,NEWTO TRAINING LIMITED,"North London, London",UK > London > North London,51.586237,-0.123313,IT Jobs,65000.0,65000.0,,,2026-09-03 21:49:38+00:00,2026-09-20 01:07:51.986106+00:00,2026-09-03,65000.0,1,65000.0,Data Analyst,Junior,London,0,0,0,0,0,0,0,0,0,0,0,0,0,0,0,0,0,0,0,0,0,0,16.13766187622685
5869552176,BI analyst,Trainee Data Analyst No Experience Required,NEWTO TRAINING LIMITED,"Hounslow, London",UK > London > Hounslow,51.467602,-0.361799,IT Jobs,65000.0,65000.0,,,2026-09-03 21:49:38+00:00,2026-09-20 01:07:51.986106+00:00,2026-09-03,65000.0,1,65000.0,Data Analyst,Junior,London,0,0,0,0,0,0,0,0,0,0,0,0,0,0,0,0,0,0,0,0,0,0,16.13766187622685
5869552144,BI analyst,Trainee Data Analyst No Experience Required,NEWTO TRAINING LIMITED,"Manchester, Greater Manchester",UK > North West England > Greater Manchester > Manchester,53.480701,-2.23438,IT Jobs,65000.0,65000.0,,,2026-09-03 21:49:37+00:00,2026-09-20 01:07:51.986106+00:00,2026-09-03,65000.0,1,65000.0,Data Analyst,Junior,North West England,0,0,0,0,0,0,0,0,0,0,0,0,0,0,0,0,0,0,0,0,0,0,16.137673450300923
5869550457,BI analyst,Management Reporting Analyst - Power BI,One Ten Associates,"London, UK",UK > London,51.503378,-0.139134,Accounting & Finance Jobs,49794.01,49794.01,contract,full_time,2026-09-03 21:46:59+00:00,2026-09-20 01:07:51.986106+00:00,2026-09-03,49794.01,1,49794.01,BI Analyst,Mid / Unspecified,London,0,0,0,1,0,0,0,0,0,0,0,0,0,0,0,0,0,0,0,0,0,1,16.139502154004628
5868984171,BI analyst,Data Analyst,MCS Group,"Belfast, Northern Ireland",UK > Northern Ireland > Belfast,,,IT Jobs,40000.0,40000.0,,,2026-09-03 15:30:32+00:00,2026-09-20 01:07:51.986106+00:00,2026-09-03,40000.0,1,40000.0,Data Analyst,Mid / Unspecified,Northern Ireland,0,0,0,0,0,0,0,0,0,0,0,0,0,0,0,0,0,0,0,0,0,0,16.40092576511574
5867643027,BI analyst,Trainee Data Analyst No Experience Needed,NEWTO TRAINING LIMITED,UK,UK,,,IT Jobs,65000.0,65000.0,,,2026-09-02 23:10:19+00:00,2026-09-20 01:07:51.986106+00:00,2026-09-02,65000.0,1,65000.0,Data Analyst,Junior,UK,0,0,0,0,0,0,0,0,0,0,0,0,0,0,0,0,0,0,0,0,0,0,17.081631783634258
5867151553,BI analyst,Power BI/SQL Data Analyst,VANRATH,"Belfast, Northern Ireland",UK > Northern Ireland > Belfast,,,IT Jobs,40000.0,40000.0,,,2026-09-02 14:55:47+00:00,2026-09-20 01:07:51.986106+00:00,2026-09-02,40000.0,1,40000.0,BI Analyst,Mid / Unspecified,Northern Ireland,1,0,0,1,0,0,0,0,0,0,0,0,0,0,0,0,0,0,0,0,0,2,17.425057709560186
5865265469,BI analyst,Data Analyst,Morson Edge,"London, UK",UK > London,,,IT Jobs,65000.0,104000.0,,,2026-09-01 21:39:02+00:00,2026-09-20 01:07:51.986106+00:00,2026-09-01,84500.0,1,84500.0,Data Analyst,Mid / Unspecified,London,0,0,0,0,0,0,0,0,0,0,0,0,0,0,0,0,0,0,0,0,0,0,18.145022987337963
5859656397,BI analyst,Power BI Analyst,Birketts LLP,"Ipswich, Suffolk",UK > Eastern England > Suffolk > Ipswich,52.059299,1.15567,IT Jobs,45470.77,45470.77,permanent,full_time,2026-08-28 13:32:55+00:00,2026-09-20 01:07:51.986106+00:00,2026-08-28,45470.77,1,45470.77,BI Analyst,Mid / Unspecified,Eastern England,0,0,0,1,0,0,0,0,0,0,0,0,0,0,0,0,0,0,0,0,0,1,22.48260400585648
5858654847,BI analyst,BI Developer (Power BI / Power Platform),MCS Group,"Belfast, Northern Ireland",UK > Northern Ireland > Belfast,,,IT Jobs,60000.0,60000.0,contract,,2026-08-27 20:53:40+00:00,2026-09-20 01:07:51.986106+00:00,2026-08-27,60000.0,1,60000.0,BI Analyst,Mid / Unspecified,Northern Ireland,0,0,0,1,0,0,0,0,0,0,0,0,0,0,0,0,0,0,0,0,0,1,23.17652761696759
5858371998,BI analyst,Senior Data Analyst,AEGIS London,"London, UK",UK > London,51.503378,-0.139134,IT Jobs,60835.59,60835.59,,full_time,2026-08-27 16:25:07+00:00,2026-09-20 01:07:51.986106+00:00,2026-08-27,60835.59,1,60835.59,Data Analyst,Senior,London,0,0,0,0,0,0,0,0,0,0,0,0,0,0,0,0,0,0,0,0,0,0,23.36302067252315
5858200065,BI analyst,BI Analyst,Hays Technology,"Fife, Scotland",UK > Scotland > Fife,56.219006,-3.129077,IT Jobs,45000.0,50000.0,permanent,full_time,2026-08-27 12:25:12+00:00,2026-09-20 01:07:51.986106+00:00,2026-08-27,47500.0,1,47500.0,BI Analyst,Mid / Unspecified,Scotland,0,0,0,0,0,0,0,0,0,0,0,0,0,0,0,0,0,0,0,0,0,0,23.529629468819444
5857249987,BI analyst,Reporting Delivery Practice Lead Bank,Huxley Associates,"The City, Central London",UK > London > Central London > The City,,,Accounting & Finance Jobs,100000.0,100000.0,permanent,,2026-08-26 21:36:24+00:00,2026-09-20 01:07:51.986106+00:00,2026-08-26,100000.0,1,100000.0,Reporting Analyst,Senior,London,0,0,0,0,0,0,0,0,0,0,0,0,0,0,0,0,0,0,0,0,0,0,24.146851691041665
5857249443,BI analyst,Reporting Delivery Practice Lead Bank,Huxley Associates,"London, UK",UK > London,,,Accounting & Finance Jobs,100000.0,100000.0,permanent,,2026-08-26 21:34:44+00:00,2026-09-20 01:07:51.986106+00:00,2026-08-26,100000.0,1,100000.0,Reporting Analyst,Senior,London,0,0,0,0,0,0,0,0,0,0,0,0,0,0,0,0,0,0,0,0,0,0,24.148009098449073
5857227791,BI analyst,Senior Data Analyst - Marketing Ops,MCS Group,"Belfast, Northern Ireland",UK > Northern Ireland > Belfast,,,"PR, Advertising & Marketing Jobs",60000.0,60000.0,,,2026-08-26 20:44:14+00:00,2026-09-20 01:07:51.986106+00:00,2026-08-26,60000.0,1,60000.0,Data Analyst,Senior,Northern Ireland,1,0,0,1,0,0,0,0,0,0,0,0,0,0,0,0,0,0,0,0,0,2,24.18307854289352
5857221137,BI analyst,Reporting & BI Analyst,Simarco,"Stoke-On-Trent, Staffordshire",UK > West Midlands > Staffordshire > Stoke-On-Trent,53.026501,-2.17664,IT Jobs,40276.88,40276.88,permanent,full_time,2026-08-26 20:21:19+00:00,2026-09-20 01:07:51.986106+00:00,2026-08-26,40276.88,1,40276.88,BI Analyst,Mid / Unspecified,West Midlands,0,0,0,0,0,0,0,0,0,0,0,0,0,0,0,0,0,0,0,0,0,0,24.19899289474537
5857221143,BI analyst,Reporting & BI Analyst,Simarco,"Witham, Essex",UK > Eastern England > Essex > Witham,51.798401,0.638568,IT Jobs,38562.91,38562.91,permanent,full_time,2026-08-26 20:21:19+00:00,2026-09-20 01:07:51.986106+00:00,2026-08-26,38562.91,1,38562.91,BI Analyst,Mid / Unspecified,Eastern England,0,0,0,0,0,0,0,0,0,0,0,0,0,0,0,0,0,0,0,0,0,0,24.19899289474537
5857215880,BI analyst,Senior Data Analyst,Eden James Consulting Limited,"London, UK",UK > London,,,Consultancy Jobs,68106.9,68106.9,,full_time,2026-08-26 19:44:01+00:00,2026-09-20 01:07:51.986106+00:00,2026-08-26,68106.9,1,68106.9,Data Analyst,Senior,London,0,0,0,0,0,0,0,0,0,0,0,0,0,0,0,0,0,0,0,0,0,0,24.224895672523147
5855716317,BI analyst,BI Analyst,TQR,"Plymouth, South West England",UK > South West England > Plymouth,50.370399,-4.14265,IT Jobs,35556.29,35556.29,,,2026-08-25 21:37:09+00:00,2026-09-20 01:07:51.986106+00:00,2026-08-25,35556.29,1,35556.29,BI Analyst,Mid / Unspecified,South West England,0,0,0,0,0,0,0,0,0,0,0,0,0,0,0,0,0,0,0,0,0,0,25.14633085770833
5855328200,BI analyst,Bi Analyst,TQR Consultancy Ltd,"Pillaton, Saltash",UK > South West England > Cornwall > Saltash > Pillaton,50.470617,-4.301132,IT Jobs,35561.58,35561.58,,full_time,2026-08-25 13:27:57+00:00,2026-09-20 01:07:51.986106+00:00,2026-08-25,35561.58,1,35561.58,BI Analyst,Mid / Unspecified,South West England,0,0,0,0,0,0,0,0,0,0,0,0,0,0,0,0,0,0,0,0,0,0,25.486053079930553
5854310824,BI analyst,Finance Systems Analyst / Power BI Developer,Michael Page,"Cheltenham Trade Park, Cheltenham",UK > South West England > Gloucestershire > Cheltenham > Cheltenham Trade Park,51.900726,-2.081834,IT Jobs,50000.0,60000.0,,full_time,2026-08-24 11:12:00+00:00,2026-09-20 01:07:51.986106+00:00,2026-08-24,55000.0,1,55000.0,BI Analyst,Mid / Unspecified,South West England,0,0,0,1,0,0,0,0,0,0,0,0,0,0,0,0,0,0,0,0,0,1,26.580462802152777
5853350923,BI analyst,Performance Reporting Business Partner,Pinnacle Group,"Holborn, Central London",UK > London > Central London > Holborn,51.517555,-0.122912,IT Jobs,74920.66,74920.66,permanent,full_time,2026-08-23 06:40:06+00:00,2026-09-20 01:07:51.986106+00:00,2026-08-23,74920.66,1,74920.66,Reporting Analyst,Mid / Unspecified,London,0,0,0,1,0,0,0,0,0,0,0,0,0,0,0,0,0,0,0,0,0,1,27.76928224659722
5890840991,reporting analyst,Client Reporting Analyst,Janus Henderson Investors,UK,UK,,,Accounting & Finance Jobs,0.0,6055.0,,,2026-09-19 17:33:07+00:00,2026-09-20 01:07:51.986106+00:00,2026-09-19,3027.5,1,,Reporting Analyst,Mid / Unspecified,UK,0,0,0,0,0,0,0,0,0,0,0,0,0,0,0,0,0,0,0,0,0,0,0.3157984503009259
5890838805,reporting analyst,Senior Analyst - Performance Reporting (12 months FTC ),Iberdrola,UK,UK,,,IT Jobs,0.0,56317.0,contract,,2026-09-19 17:32:52+00:00,2026-09-20 01:07:51.986106+00:00,2026-09-19,28158.5,1,28158.5,Reporting Analyst,Senior,UK,0,0,0,0,0,0,0,0,0,0,0,0,0,0,0,0,0,0,0,0,0,0,0.31597206141203704
5890406213,reporting analyst,Trade & Transaction Reporting Business Analyst / Project Manager,Capco,"Glasgow, Scotland",UK > Scotland > Glasgow,55.86026,-4.25596,IT Jobs,61768.62,61768.62,contract,,2026-09-19 11:07:50+00:00,2026-09-20 01:07:51.986106+00:00,2026-09-19,61768.62,1,61768.62,Reporting Analyst,Senior,Scotland,0,0,0,0,0,0,0,0,0,0,0,0,0,0,0,0,0,0,0,0,0,0,0.5833563206712963
5890394527,reporting analyst,Trade & Transaction Reporting Business Analyst / Project Manager,Capco,"London, UK",UK > London,51.503378,-0.139134,IT Jobs,70485.9,70485.9,contract,,2026-09-19 10:52:20+00:00,2026-09-20 01:07:51.986106+00:00,2026-09-19,70485.9,1,70485.9,Reporting Analyst,Senior,London,0,0,0,0,0,0,0,0,0,0,0,0,0,0,0,0,0,0,0,0,0,0,0.5941202095601852
5890098523,reporting analyst,Client Reporting Analyst,LegalAndGeneral,"Cardiff County, Wales",UK > Wales > Cardiff County,51.5078,-3.210445,Accounting & Finance Jobs,35662.89,35662.89,permanent,,2026-09-19 03:52:44+00:00,2026-09-20 01:07:51.986106+00:00,2026-09-19,35662.89,1,35662.89,Reporting Analyst,Mid / Unspecified,Wales,0,0,0,0,0,0,0,0,0,0,0,0,0,0,0,0,0,0,0,0,0,0,0.885509098449074
5890060824,reporting analyst,Reporting Analyst,Unknown,UK,UK,,,IT Jobs,36097.76,36097.76,permanent,full_time,2026-09-19 02:53:28+00:00,2026-09-20 01:07:51.986106+00:00,2026-09-19,36097.76,1,36097.76,Reporting Analyst,Mid / Unspecified,UK,1,0,0,0,0,0,0,0,0,0,0,0,0,0,0,0,0,0,0,0,0,1,0.9266665058564815
5889392074,reporting analyst,Trade & Transaction Reporting SME / Lead Business Analyst,G MASS,"London, UK",UK > London,51.503378,-0.139134,Accounting & Finance Jobs,74259.47,74259.47,contract,full_time,2026-09-18 15:46:53+00:00,2026-09-20 01:07:51.986106+00:00,2026-09-18,74259.47,1,74259.47,Reporting Analyst,Senior,London,0,0,0,0,0,0,0,0,0,0,0,0,0,0,0,0,0,0,0,0,0,0,1.389571598449074
5888879810,reporting analyst,Senior Regulatory Reporting Analyst,Rathbones Group Plc,"Low Hill, Liverpool",UK > North West England > Merseyside > Liverpool > Low Hill,53.404234,-2.994413,IT Jobs,37575.42,37575.42,permanent,,2026-09-18 08:49:52+00:00,2026-09-20 01:07:51.986106+00:00,2026-09-18,37575.42,1,37575.42,Reporting Analyst,Senior,North West England,0,0,0,0,0,0,0,0,0,0,0,0,0,0,0,0,0,0,0,0,0,0,1.6791665058564815
5888731224,reporting analyst,Senior Regulatory Reporting Analyst,Rathbones Group Plc,"Liverpool, Merseyside",UK > North West England > Merseyside > Liverpool,53.410801,-2.97784,IT Jobs,37079.36,37079.36,permanent,,2026-09-18 05:51:18+00:00,2026-09-20 01:07:51.986106+00:00,2026-09-18,37079.36,1,37079.36,Reporting Analyst,Senior,North West England,0,0,0,0,0,0,0,0,0,0,0,0,0,0,0,0,0,0,0,0,0,0,1.803171135486111
5888512333,reporting analyst,Regulatory Reporting Business Analyst - Senior AVP,Wells Fargo,"London, UK",UK > London,51.503378,-0.139134,Accounting & Finance Jobs,77564.0,77564.0,,,2026-09-18 02:14:26+00:00,2026-09-20 01:07:51.986106+00:00,2026-09-18,77564.0,1,77564.0,Reporting Analyst,Senior,London,0,0,0,0,0,0,0,0,0,0,0,0,0,0,0,0,0,0,0,0,0,0,1.953772987337963
5887464775,reporting analyst,Project Controls Data & Reporting Analyst,AtkinsRéalis,"London, UK",UK > London,,,IT Jobs,40997.66,40997.66,contract,full_time,2026-09-17 10:55:29+00:00,2026-09-20 01:07:51.986106+00:00,2026-09-17,40997.66,1,40997.66,Reporting Analyst,Mid / Unspecified,London,0,0,0,1,0,0,0,0,0,0,0,0,0,0,0,0,0,0,0,0,0,1,2.591932709560185
5887462518,reporting analyst,Regulatory Reporting Business Analyst - Senior AVP,Wells Fargo Bank,"London, UK",UK > London,,,Accounting & Finance Jobs,65291.71,65291.71,,full_time,2026-09-17 10:53:44+00:00,2026-09-20 01:07:51.986106+00:00,2026-09-17,65291.71,1,65291.71,Reporting Analyst,Senior,London,0,0,0,0,0,0,0,0,0,0,0,0,0,0,0,0,0,0,0,0,0,0,2.593147987337963
5887458795,reporting analyst,Client Proposals & Regulatory Fund Reporting Analyst,Wisdomtree UK,"London, UK",UK > London,51.503378,-0.139134,Accounting & Finance Jobs,50082.71,50082.71,,full_time,2026-09-17 10:51:16+00:00,2026-09-20 01:07:51.986106+00:00,2026-09-17,50082.71,1,50082.71,Reporting Analyst,Mid / Unspecified,London,0,0,0,0,0,0,0,0,0,0,0,0,0,0,0,0,0,0,0,0,0,0,2.5948609503009257
5887116833,reporting analyst,Reporting Insight Analyst,Bupa,UK,UK,,,IT Jobs,54071.15,54071.15,permanent,full_time,2026-09-17 05:00:18+00:00,2026-09-20 01:07:51.986106+00:00,2026-09-17,54071.15,1,54071.15,Reporting Analyst,Mid / Unspecified,UK,0,0,0,0,0,0,0,0,0,0,0,0,0,0,0,0,0,0,0,0,0,0,2.838587802152778
5886973927,reporting analyst,Financial Reporting Accountant,Reed,"Christchurch, Dorset",UK > South West England > Dorset > Christchurch,50.733799,-1.77602,Accounting & Finance Jobs,45000.0,50000.0,contract,full_time,2026-09-17 02:20:38+00:00,2026-09-20 01:07:51.986106+00:00,2026-09-17,47500.0,1,47500.0,Reporting Analyst,Mid / Unspecified,South West England,0,0,0,0,0,0,0,0,0,0,0,0,0,0,0,0,0,0,0,0,0,0,2.9494674317824074
5886972346,reporting analyst,Regulatory Reporting Business Analyst - Senior AVP,Wells Fargo,"The City, Central London",UK > London > Central London > The City,,,Accounting & Finance Jobs,77970.49,77970.49,,,2026-09-17 02:14:06+00:00,2026-09-20 01:07:51.986106+00:00,2026-09-17,77970.49,1,77970.49,Reporting Analyst,Senior,London,0,0,0,0,0,0,0,0,0,0,0,0,0,0,0,0,0,0,0,0,0,0,2.9540044688194445
5886595120,reporting analyst,Data Analyst,Elevation Recruitment Group,"Bradford, West Yorkshire",UK > Yorkshire And The Humber > West Yorkshire > Bradford,53.7939,-1.75244,IT Jobs,45977.9,45977.9,,full_time,2026-09-16 20:24:44+00:00,2026-09-20 01:07:51.986106+00:00,2026-09-16,45977.9,1,45977.9,Data Analyst,Mid / Unspecified,Yorkshire And The Humber,0,0,0,0,0,0,0,0,0,0,0,0,0,0,0,0,0,0,0,0,0,0,3.1966202095601854
5886244850,reporting analyst,Mandarin Speaking Management Reporting Analyst,People First,"London, UK",UK > London,,,Accounting & Finance Jobs,56156.34,56156.34,contract,full_time,2026-09-16 14:20:18+00:00,2026-09-20 01:07:51.986106+00:00,2026-09-16,56156.34,1,56156.34,Reporting Analyst,Mid / Unspecified,London,0,0,0,0,0,0,0,0,0,0,0,0,0,0,0,0,0,0,0,0,0,0,3.449698913263889
5886081660,reporting analyst,Reporting Finance Manager,Dominos,"Holcot, Northampton",UK > East Midlands > Northamptonshire > Northampton > Holcot,52.319636,-0.831728,Accounting & Finance Jobs,43210.45,43210.45,,full_time,2026-09-16 12:37:39+00:00,2026-09-20 01:07:51.986106+00:00,2026-09-16,43210.45,1,43210.45,Reporting Analyst,Senior,East Midlands,0,0,0,0,0,0,0,0,0,0,0,0,0,0,0,0,0,0,0,0,0,0,3.5209836354861115
5886081655,reporting analyst,Reporting Finance Manager,Dominos,"Grove, Leighton Buzzard",UK > Eastern England > Bedfordshire > Leighton Buzzard > Grove,51.90763,-0.663716,Accounting & Finance Jobs,42806.04,42806.04,,full_time,2026-09-16 12:37:39+00:00,2026-09-20 01:07:51.986106+00:00,2026-09-16,42806.04,1,42806.04,Reporting Analyst,Senior,Eastern England,0,0,0,0,0,0,0,0,0,0,0,0,0,0,0,0,0,0,0,0,0,0,3.5209836354861115
5886081656,reporting analyst,Reporting Finance Manager,Dominos,"Lathbury, Newport Pagnell",UK > South East England > Buckinghamshire > Newport Pagnell > Lathbury,52.089265,-0.721716,Accounting & Finance Jobs,46382.68,46382.68,,full_time,2026-09-16 12:37:39+00:00,2026-09-20 01:07:51.986106+00:00,2026-09-16,46382.68,1,46382.68,Reporting Analyst,Senior,South East England,0,0,0,0,0,0,0,0,0,0,0,0,0,0,0,0,0,0,0,0,0,0,3.5209836354861115
5885917374,reporting analyst,Senior Reporting Analyst,Mace,UK,UK,,,IT Jobs,49806.07,49806.07,,full_time,2026-09-16 10:41:40+00:00,2026-09-20 01:07:51.986106+00:00,2026-09-16,49806.07,1,49806.07,Reporting Analyst,Senior,UK,0,0,0,0,0,0,0,0,0,0,0,0,0,0,0,0,0,0,0,0,0,0,3.601527616967593
5885765591,reporting analyst,Tax Analyst (Compliance & Reporting),Morson Edge,"London, UK",UK > London,,,Accounting & Finance Jobs,51417.48,51417.48,permanent,,2026-09-16 07:59:33+00:00,2026-09-20 01:07:51.986106+00:00,2026-09-16,51417.48,1,51417.48,Reporting Analyst,Mid / Unspecified,London,0,0,0,0,0,0,0,0,0,0,0,0,0,0,0,0,0,0,0,0,0,0,3.7141086354861113
5885650887,reporting analyst,Tax Analyst (Compliance & Reporting),Morson Edge,"West London, London",UK > London > West London,51.511529,-0.23839,Accounting & Finance Jobs,51094.86,51094.86,,,2026-09-16 05:51:26+00:00,2026-09-20 01:07:51.986106+00:00,2026-09-16,51094.86,1,51094.86,Reporting Analyst,Mid / Unspecified,London,0,0,0,0,0,0,0,0,0,0,0,0,0,0,0,0,0,0,0,0,0,0,3.8030785428935188
5884644841,reporting analyst,Mandarin speaking Finance Analyst (Financial Reporting & Accounting),People First  Ltd,"Farringdon, Central London",UK > London > Central London > Farringdon,51.523772,-0.103815,Accounting & Finance Jobs,51102.52,51102.52,contract,,2026-09-15 14:53:03+00:00,2026-09-20 01:07:51.986106+00:00,2026-09-15,51102.52,1,51102.52,Reporting Analyst,Mid / Unspecified,London,0,0,0,0,0,0,0,0,0,0,0,0,0,0,0,0,0,0,0,0,0,0,4.426955857708333
5884640345,reporting analyst,"Finance, Regulatory Reporting Analyst - CER Financial",CER Financial,"London, UK",UK > London,51.503378,-0.139134,Accounting & Finance Jobs,67306.62,67306.62,permanent,full_time,2026-09-15 14:34:03+00:00,2026-09-20 01:07:51.986106+00:00,2026-09-15,67306.62,1,67306.62,Reporting Analyst,Mid / Unspecified,London,0,0,0,0,0,0,0,0,0,0,0,0,0,0,0,0,0,0,0,0,0,0,4.440150302152778
5884640247,reporting analyst,Transaction Reporting Business Analyst (18 month FTC) - Macquarie Group,Macquarie Group,"London, UK",UK > London,51.503378,-0.139134,Accounting & Finance Jobs,63444.48,63444.48,contract,full_time,2026-09-15 14:33:58+00:00,2026-09-20 01:07:51.986106+00:00,2026-09-15,63444.48,1,63444.48,Reporting Analyst,Mid / Unspecified,London,0,0,0,0,0,0,0,0,0,0,0,0,0,0,0,0,0,0,0,0,0,0,4.440208172523149
5884434818,reporting analyst,Senior Data Analyst,So Energy,"Gunnersbury, West London",UK > London > West London > Gunnersbury,51.494072,-0.27982,IT Jobs,47829.7,47829.7,,,2026-09-15 08:57:21+00:00,2026-09-20 01:07:51.986106+00:00,2026-09-15,47829.7,1,47829.7,Data Analyst,Senior,London,0,0,0,0,0,0,0,0,0,0,0,0,0,0,0,0,0,0,0,0,0,0,4.673969746597223
5884412263,reporting analyst,Risk Reporting Business Analyst,Emagine Consulting,"London, UK",UK > London,51.503378,-0.139134,Accounting & Finance Jobs,46446.46,46446.46,,full_time,2026-09-15 08:43:06+00:00,2026-09-20 01:07:51.986106+00:00,2026-09-15,46446.46,1,46446.46,Reporting Analyst,Mid / Unspecified,London,0,0,0,0,0,0,0,0,0,0,0,0,0,0,0,0,0,0,0,0,0,0,4.683865579930556
5884278206,reporting analyst,Finance Operations Reporting and MI Analyst,Bupa,"Brighton, East Sussex",UK > South East England > East Sussex > Brighton,50.8195,-0.13642,Accounting & Finance Jobs,45888.54,45888.54,permanent,full_time,2026-09-15 04:52:01+00:00,2026-09-20 01:07:51.986106+00:00,2026-09-15,45888.54,1,45888.54,Reporting Analyst,Mid / Unspecified,South East England,0,0,0,0,0,0,0,0,0,0,0,0,0,0,0,0,0,0,0,0,0,0,4.844340116967593
5883926420,reporting analyst,Treasury & Reporting Analyst,Tabeo,"London, UK",UK > London,51.503378,-0.139134,Accounting & Finance Jobs,57187.69,57187.69,,,2026-09-14 22:51:36+00:00,2026-09-20 01:07:51.986106+00:00,2026-09-14,57187.69,1,57187.69,Reporting Analyst,Mid / Unspecified,London,0,0,0,0,0,0,0,0,0,0,0,0,0,0,0,0,0,0,0,0,0,0,5.094629468819445
5883639102,reporting analyst,MIFID Transaction reporting TTR Business Analyst,Huxley Associates,"The City, Central London",UK > London > Central London > The City,,,Accounting & Finance Jobs,45000.0,75000.0,permanent,full_time,2026-09-14 14:45:38+00:00,2026-09-20 01:07:51.986106+00:00,2026-09-14,60000.0,1,60000.0,Reporting Analyst,Mid / Unspecified,London,0,0,0,0,0,0,0,0,0,0,0,0,0,0,0,0,0,0,0,0,0,0,5.432106320671297
5883638838,reporting analyst,Network Reporting Analyst,South West Water,"Exeter, Devon",UK > South West England > Devon > Exeter,50.721802,-3.53362,Admin Jobs,28000.0,32000.0,,full_time,2026-09-14 14:45:31+00:00,2026-09-20 01:07:51.986106+00:00,2026-09-14,30000.0,1,30000.0,Reporting Analyst,Mid / Unspecified,South West England,0,0,0,0,0,0,0,0,0,0,0,0,0,0,0,0,0,0,0,0,0,0,5.432187339189815
5883610902,reporting analyst,Sustainability Reporting Analyst,Workshop Recruitment,"Portsmouth, Hampshire",UK > South East England > Hampshire > Portsmouth,50.798901,-1.09116,IT Jobs,28000.0,38000.0,permanent,full_time,2026-09-14 13:09:13+00:00,2026-09-20 01:07:51.986106+00:00,2026-09-14,33000.0,1,33000.0,Reporting Analyst,Mid / Unspecified,South East England,0,0,0,0,0,0,0,0,0,0,0,0,0,0,0,0,0,0,0,0,0,0,5.499062339189815
5881151617,reporting analyst,Senior Reporting Analyst - 6 month FTC,Perk,"London, UK",UK > London,51.503378,-0.139134,IT Jobs,46022.43,46022.43,contract,full_time,2026-09-12 17:00:33+00:00,2026-09-20 01:07:51.986106+00:00,2026-09-12,46022.43,1,46022.43,Reporting Analyst,Senior,London,0,0,0,0,0,0,0,0,0,0,0,0,0,0,0,0,0,0,0,0,0,0,7.338414191041667
5881147417,reporting analyst,"Financial Reporting, Policy & Technical Accounting Senior Analyst - BPL",Barclays,UK,UK,,,Accounting & Finance Jobs,54627.09,54627.09,,full_time,2026-09-12 16:57:41+00:00,2026-09-20 01:07:51.986106+00:00,2026-09-12,54627.09,1,54627.09,Reporting Analyst,Senior,UK,0,0,0,0,0,0,0,0,0,0,0,0,0,0,0,0,0,0,0,0,0,0,7.340404931782408
5881140265,reporting analyst,Data Analyst Developer - Strategic Planning and Performance Insight - 106157 - Grade 7,The University of Birmingham,"Bournbrook, Birmingham",UK > West Midlands > Birmingham > Bournbrook,52.448975,-1.93086,IT Jobs,36636.0,46049.0,permanent,full_time,2026-09-12 16:54:45+00:00,2026-09-20 01:07:51.986106+00:00,2026-09-12,41342.5,1,41342.5,Data Analyst,Mid / Unspecified,West Midlands,0,0,0,0,0,0,0,0,0,0,0,0,0,0,0,0,0,0,0,0,0,0,7.342441968819445
5881115271,reporting analyst,Data & Reporting Analyst,Sopra Steria,"Churwell, Morley",UK > Yorkshire And The Humber > West Yorkshire > Leeds > Morley > Churwell,53.762228,-1.5776,IT Jobs,30000.0,30000.0,permanent,full_time,2026-09-12 16:45:02+00:00,2026-09-20 01:07:51.986106+00:00,2026-09-12,30000.0,1,30000.0,Reporting Analyst,Mid / Unspecified,Yorkshire And The Humber,0,0,0,0,0,0,0,0,0,0,0,0,0,0,0,0,0,0,0,0,0,0,7.34918965400463
5880700095,reporting analyst,ERP and Reporting Analyst,Erin Associates,UK,UK,,,IT Jobs,50000.0,50000.0,permanent,,2026-09-12 07:51:39+00:00,2026-09-20 01:07:51.986106+00:00,2026-09-12,50000.0,1,50000.0,Reporting Analyst,Mid / Unspecified,UK,0,0,0,0,0,0,0,0,0,0,0,0,0,0,0,0,0,0,0,0,0,0,7.719594746597222
5880541885,reporting analyst,SAP Group Reporting Analyst - S/4HANA Transformation,MAG Manchester Airports Group,"Manchester, Greater Manchester",UK > North West England > Greater Manchester > Manchester,53.480701,-2.23438,IT Jobs,68430.48,68430.48,contract,,2026-09-12 04:15:07+00:00,2026-09-20 01:07:51.986106+00:00,2026-09-12,68430.48,1,68430.48,Reporting Analyst,Mid / Unspecified,North West England,0,0,0,0,0,0,0,0,0,0,0,0,0,0,0,0,0,0,0,0,0,0,7.869965116967593
5880288646,reporting analyst,Data Analyst – Environmental Monitoring,HSL Compliance Limited,"Four Ashes, Shropshire",UK > West Midlands > Shropshire > Four Ashes,52.672152,-2.119346,IT Jobs,34956.6,34956.6,,,2026-09-12 01:04:44+00:00,2026-09-20 01:07:51.986106+00:00,2026-09-12,34956.6,1,34956.6,Data Analyst,Mid / Unspecified,West Midlands,0,0,0,0,0,0,0,0,0,0,0,0,0,0,0,0,0,0,0,0,0,0,8.00217576511574
5880147861,reporting analyst,Junior Data Analyst,Crew Clothing Head Office,"Kingston Upon Thames, South West London",UK > London > South West London > Kingston Upon Thames,51.4123,-0.300443,IT Jobs,30067.65,30067.65,,full_time,2026-09-11 23:28:03+00:00,2026-09-20 01:07:51.986106+00:00,2026-09-11,30067.65,1,30067.65,Data Analyst,Junior,London,0,0,0,0,0,0,0,0,0,0,0,0,0,0,0,0,0,0,0,0,0,0,8.069316968819445
5880140423,reporting analyst,Reporting Analyst,Adecco,"Farringdon, Central London",UK > London > Central London > Farringdon,51.523772,-0.103815,IT Jobs,91000.0,104000.0,contract,,2026-09-11 23:14:44+00:00,2026-09-20 01:07:51.986106+00:00,2026-09-11,97500.0,1,97500.0,Reporting Analyst,Mid / Unspecified,London,0,0,0,0,0,0,0,0,0,0,0,0,0,0,0,0,0,0,0,0,0,0,8.07856465400463
5880114036,reporting analyst,Transaction Reporting Analyst,LegalAndGeneral,"Cardiff County, Wales",UK > Wales > Cardiff County,51.5078,-3.210445,Accounting & Finance Jobs,35496.52,35496.52,permanent,,2026-09-11 21:55:14+00:00,2026-09-20 01:07:51.986106+00:00,2026-09-11,35496.52,1,35496.52,Reporting Analyst,Mid / Unspecified,Wales,0,0,0,0,0,0,0,0,0,0,0,0,0,0,0,0,0,0,0,0,0,0,8.133772987337963
5880096667,reporting analyst,Remote - Financial Planning & Reporting Analyst,Transaction Recruitment,"Balsall Heath, Birmingham",UK > West Midlands > Birmingham > Balsall Heath,52.460083,-1.902086,Accounting & Finance Jobs,45000.0,50000.0,,full_time,2026-09-11 20:48:19+00:00,2026-09-20 01:07:51.986106+00:00,2026-09-11,47500.0,1,47500.0,Reporting Analyst,Mid / Unspecified,West Midlands,0,0,0,0,0,0,0,0,0,0,0,0,0,0,0,0,0,0,0,0,0,0,8.180242894745371
5879935715,reporting analyst,Data and Reporting Analyst,Rolls-Royce,UK,UK,,,IT Jobs,58968.14,58968.14,,full_time,2026-09-11 17:04:41+00:00,2026-09-20 01:07:51.986106+00:00,2026-09-11,58968.14,1,58968.14,Reporting Analyst,Mid / Unspecified,UK,0,0,0,0,0,0,0,0,0,0,0,0,0,0,0,0,0,0,0,0,0,0,8.335543820671296
5879929568,reporting analyst,Regulatory Reporting Analyst,South East Water,"Farnborough, Hampshire",UK > South East England > Hampshire > Farnborough,51.293999,-0.754624,Scientific & QA Jobs,41601.95,41601.95,,full_time,2026-09-11 17:01:38+00:00,2026-09-20 01:07:51.986106+00:00,2026-09-11,41601.95,1,41601.95,Reporting Analyst,Mid / Unspecified,South East England,0,0,0,0,0,0,0,0,0,0,0,0,0,0,0,0,0,0,0,0,0,0,8.337661876226852
5879899034,reporting analyst,Senior Analyst - Performance Reporting (12 months FTC ),Iberdrola,"Glasgow, Scotland",UK > Scotland > Glasgow,55.86026,-4.25596,IT Jobs,55000.0,68750.0,contract,,2026-09-11 16:51:30+00:00,2026-09-20 01:07:51.986106+00:00,2026-09-11,61875.0,1,61875.0,Reporting Analyst,Senior,Scotland,0,0,0,0,0,0,0,0,0,0,0,0,0,0,0,0,0,0,0,0,0,0,8.344698913263889
5879878117,reporting analyst,Sustainability Reporting Analyst,Workshop Recruitment,"Cosham, Portsmouth",UK > South East England > Hampshire > Portsmouth > Cosham,50.846672,-1.069839,IT Jobs,28000.0,38000.0,permanent,full_time,2026-09-11 16:43:11+00:00,2026-09-20 01:07:51.986106+00:00,2026-09-11,33000.0,1,33000.0,Reporting Analyst,Mid / Unspecified,South East England,0,0,0,0,0,0,0,0,0,0,0,0,0,0,0,0,0,0,0,0,0,0,8.350474376226853
5879749780,reporting analyst,Data Analyst,Anson Mccade,"London, UK",UK > London,51.503378,-0.139134,IT Jobs,49156.57,49156.57,permanent,full_time,2026-09-11 13:56:37+00:00,2026-09-20 01:07:51.986106+00:00,2026-09-11,49156.57,1,49156.57,Data Analyst,Mid / Unspecified,London,0,0,0,0,0,0,0,0,0,0,0,0,0,0,0,0,0,0,0,0,0,0,8.46614567252315
5879305677,reporting analyst,Data Analyst,Anson Mccade,"Central London, London",UK > London > Central London,51.51985,-0.11126,IT Jobs,48423.05,48423.05,permanent,,2026-09-11 05:49:07+00:00,2026-09-20 01:07:51.986106+00:00,2026-09-11,48423.05,1,48423.05,Data Analyst,Mid / Unspecified,London,0,0,0,0,0,1,0,0,0,0,0,0,0,0,0,0,0,0,0,0,0,1,8.804687339189815
5878703811,reporting analyst,12 Month Internship – Data Engineer/Data Analyst,Crédit Agricole CIB,"London, UK",UK > London,,,Accounting & Finance Jobs,56153.94,56153.94,contract,,2026-09-10 17:07:21+00:00,2026-09-20 01:07:51.986106+00:00,2026-09-10,56153.94,1,56153.94,Data Analyst,Mid / Unspecified,London,0,0,0,0,0,0,0,0,0,0,0,0,0,0,0,0,0,0,0,0,0,0,9.333691968819444
5878684717,reporting analyst,Client Tax Reporting Lead Analyst - Contract,Schroders,"Horsham, West Sussex",UK > South East England > West Sussex > Horsham,51.063801,-0.327003,Accounting & Finance Jobs,52430.25,52430.25,contract,full_time,2026-09-10 16:58:26+00:00,2026-09-20 01:07:51.986106+00:00,2026-09-10,52430.25,1,52430.25,Reporting Analyst,Senior,South East England,0,0,0,0,0,0,0,0,0,0,0,0,0,0,0,0,0,0,0,0,0,0,9.339884098449074
5878390899,reporting analyst,ERP and Reporting Analyst,Erin Associates,"North Lincolnshire, Yorkshire And The Humber",UK > Yorkshire And The Humber > North Lincolnshire,53.602879,-0.547873,IT Jobs,35000.0,50000.0,,full_time,2026-09-10 12:46:08+00:00,2026-09-20 01:07:51.986106+00:00,2026-09-10,42500.0,1,42500.0,Reporting Analyst,Mid / Unspecified,Yorkshire And The Humber,0,0,0,0,0,0,0,0,0,0,0,0,0,0,0,0,0,0,0,0,0,0,9.515092431782408
5877618526,reporting analyst,Senior BI Developer,Harnham - Data & Analytics Recruitment,"London, UK",UK > London,,,IT Jobs,117000.0,130000.0,contract,full_time,2026-09-09 23:36:00+00:00,2026-09-20 01:07:51.986106+00:00,2026-09-09,123500.0,1,123500.0,BI Analyst,Senior,London,0,0,0,1,0,0,0,0,0,0,0,0,0,0,0,0,0,0,0,0,0,1,10.063796135486111
5877557446,reporting analyst,Finance Analyst Regulatory Reporting,Prime Personnel,"Central London, London",UK > London > Central London,51.51985,-0.11126,Accounting & Finance Jobs,50000.0,50000.0,,,2026-09-09 21:48:18+00:00,2026-09-20 01:07:51.986106+00:00,2026-09-09,50000.0,1,50000.0,Reporting Analyst,Mid / Unspecified,London,0,0,0,0,0,0,0,0,0,0,0,0,0,0,0,0,0,0,0,0,0,0,10.138587802152777
5877552048,reporting analyst,MIFID TTR Reporting business analyst,Huxley Associates,"London, UK",UK > London,,,Accounting & Finance Jobs,75000.0,75000.0,permanent,,2026-09-09 21:46:50+00:00,2026-09-20 01:07:51.986106+00:00,2026-09-09,75000.0,1,75000.0,Reporting Analyst,Mid / Unspecified,London,0,0,0,0,0,0,0,0,0,0,0,0,0,0,0,0,0,0,0,0,0,0,10.139606320671296
5877472560,reporting analyst,Finance Analyst – Regulatory Reporting,Prime Personnel,"London, UK",UK > London,,,Accounting & Finance Jobs,50000.0,50000.0,,full_time,2026-09-09 20:45:25+00:00,2026-09-20 01:07:51.986106+00:00,2026-09-09,50000.0,1,50000.0,Reporting Analyst,Mid / Unspecified,London,0,0,0,0,0,0,0,0,0,0,0,0,0,0,0,0,0,0,0,0,0,0,10.18225678363426
5877396199,reporting analyst,Regulatory Reporting Analyst,South East Water,"Mytchett, Camberley",UK > South East England > Surrey > Camberley > Mytchett,51.286562,-0.73797,Scientific & QA Jobs,37293.71,37293.71,,full_time,2026-09-09 18:22:21+00:00,2026-09-20 01:07:51.986106+00:00,2026-09-09,37293.71,1,37293.71,Reporting Analyst,Mid / Unspecified,South East England,0,0,0,0,0,0,0,0,0,0,0,0,0,0,0,0,0,0,0,0,0,0,10.281608635486112
5877238460,reporting analyst,MIFID TTR Reporting business analyst,Huxley Associates,"Farringdon, Central London",UK > London > Central London > Farringdon,51.523772,-0.103815,Accounting & Finance Jobs,50000.0,75000.0,permanent,full_time,2026-09-09 16:39:35+00:00,2026-09-20 01:07:51.986106+00:00,2026-09-09,62500.0,1,62500.0,Reporting Analyst,Mid / Unspecified,London,0,0,0,0,0,0,0,0,0,0,0,0,0,0,0,0,0,0,0,0,0,0,10.352974376226852
5877237889,reporting analyst,Finance Analyst – Regulatory Reporting,Prime Personnel UK,"St James's, South West London",UK > London > South West London > St James's,51.507943,-0.144926,Accounting & Finance Jobs,50000.0,50000.0,,full_time,2026-09-09 16:39:18+00:00,2026-09-20 01:07:51.986106+00:00,2026-09-09,50000.0,1,50000.0,Reporting Analyst,Mid / Unspecified,London,0,0,0,0,0,0,0,0,0,0,0,0,0,0,0,0,0,0,0,0,0,0,10.353171135486111
5877178557,reporting analyst,MIFID TTR Reporting business analyst,SThree UK,"London, UK",UK > London,51.503378,-0.139134,Accounting & Finance Jobs,50000.0,75000.0,permanent,full_time,2026-09-09 15:45:58+00:00,2026-09-20 01:07:51.986106+00:00,2026-09-09,62500.0,1,62500.0,Reporting Analyst,Mid / Unspecified,London,0,0,0,0,0,0,0,0,0,0,0,0,0,0,0,0,0,0,0,0,0,0,10.390208172523149
5876749308,reporting analyst,ERP and Reporting Specialist,Erin Associates,"East Butterwick, Scunthorpe",UK > Yorkshire And The Humber > North Lincolnshire > Scunthorpe > East Butterwick,53.544201,-0.736598,IT Jobs,50000.0,50000.0,permanent,,2026-09-09 07:41:48+00:00,2026-09-20 01:07:51.986106+00:00,2026-09-09,50000.0,1,50000.0,Reporting Analyst,Mid / Unspecified,Yorkshire And The Humber,0,0,0,0,0,0,0,0,0,0,0,0,0,0,0,0,0,0,0,0,0,0,10.726435024375
5876082199,reporting analyst,Mandarin speaking Finance Analyst (Financial Reporting & Accounting),People First,"London, UK",UK > London,,,Accounting & Finance Jobs,53546.04,53546.04,contract,full_time,2026-09-08 20:54:19+00:00,2026-09-20 01:07:51.986106+00:00,2026-09-08,53546.04,1,53546.04,Reporting Analyst,Mid / Unspecified,London,0,0,0,0,0,0,0,0,0,0,0,0,0,0,0,0,0,0,0,0,0,0,11.176076228078704
5875734423,reporting analyst,People Data Reporting Manager,Grant Thornton,"Leeds, West Yorkshire",UK > Yorkshire And The Humber > West Yorkshire > Leeds,53.799599,-1.54912,IT Jobs,31107.03,31107.03,,full_time,2026-09-08 17:01:34+00:00,2026-09-20 01:07:51.986106+00:00,2026-09-08,31107.03,1,31107.03,Reporting Analyst,Senior,Yorkshire And The Humber,0,0,0,0,0,0,0,0,0,0,0,0,0,0,0,0,0,0,0,0,0,0,11.337708172523149
5875587089,reporting analyst,"Credit | Analyst, Regulatory Reporting (6 month Contract) - PGIM",PGIM,"London, UK",UK > London,51.503378,-0.139134,Accounting & Finance Jobs,41585.37,41585.37,contract,part_time,2026-09-08 13:21:36+00:00,2026-09-20 01:07:51.986106+00:00,2026-09-08,41585.37,1,41585.37,Reporting Analyst,Mid / Unspecified,London,0,0,0,0,0,0,0,0,0,0,0,0,0,0,0,0,0,0,0,0,0,0,11.490462802152779
5874666935,reporting analyst,Cyber Metrics & Reporting Specialist,Lorien,"Reading, Berkshire",UK > South East England > Berkshire > Reading,51.455002,-0.969088,IT Jobs,82786.66,82786.66,contract,full_time,2026-09-07 22:09:42+00:00,2026-09-20 01:07:51.986106+00:00,2026-09-07,82786.66,1,82786.66,Reporting Analyst,Mid / Unspecified,South East England,0,0,0,0,0,0,0,0,0,0,0,0,0,0,0,0,0,0,0,0,0,0,12.123726691041666
5874417154,reporting analyst,Budgeting and Reporting Analyst,Notting Hill Genesis,"London, UK",UK > London,,,Accounting & Finance Jobs,46634.0,51815.0,permanent,full_time,2026-09-07 20:33:38+00:00,2026-09-20 01:07:51.986106+00:00,2026-09-07,49224.5,1,49224.5,Reporting Analyst,Mid / Unspecified,London,0,0,0,0,0,0,0,0,0,0,0,0,0,0,0,0,0,0,0,0,0,0,12.190439654004628
5874378112,reporting analyst,Investment Operations Reporting Analyst,PIC,"London, UK",UK > London,51.503378,-0.139134,Accounting & Finance Jobs,55303.6,55303.6,,full_time,2026-09-07 19:32:03+00:00,2026-09-20 01:07:51.986106+00:00,2026-09-07,55303.6,1,55303.6,Reporting Analyst,Mid / Unspecified,London,0,0,0,0,0,0,0,0,0,0,0,0,0,0,0,0,0,0,0,0,0,0,12.233205857708333
5873181355,reporting analyst,"Data, Analytics & Reporting Analyst - Data Engineering Team",Ameriprise,"London, UK",UK > London,,,Accounting & Finance Jobs,76585.45,76585.45,permanent,full_time,2026-09-06 16:39:15+00:00,2026-09-20 01:07:51.986106+00:00,2026-09-06,76585.45,1,76585.45,Reporting Analyst,Mid / Unspecified,London,0,0,0,0,0,0,0,0,0,0,0,0,0,0,0,0,0,0,0,0,0,0,13.353205857708332
5890839877,data scientist,Data Scientist III,Elsevier,UK,UK,,,IT Jobs,0.0,5.0,contract,,2026-09-19 17:32:58+00:00,2026-09-20 01:07:51.986106+00:00,2026-09-19,2.5,1,,Data Scientist,Mid / Unspecified,UK,0,0,0,0,0,0,0,0,0,0,0,0,0,0,0,0,0,0,0,0,0,0,0.3159026169675926
5890837415,data scientist,Data Scientist,Somerset County Council,UK,UK,,,IT Jobs,0.0,55.0,contract,full_time,2026-09-19 17:32:41+00:00,2026-09-20 01:07:51.986106+00:00,2026-09-19,27.5,1,,Data Scientist,Mid / Unspecified,UK,0,0,0,0,0,0,0,0,0,0,0,0,0,0,0,0,0,0,0,0,0,0,0.31609937622685186
5890834175,data scientist,Research & Development Data Scientist,The FA,"Needwood, Burton-On-Trent",UK > West Midlands > Staffordshire > Burton-On-Trent > Needwood,52.817736,-1.760087,IT Jobs,41132.41,41132.41,permanent,full_time,2026-09-19 17:32:10+00:00,2026-09-20 01:07:51.986106+00:00,2026-09-19,41132.41,1,41132.41,Data Scientist,Mid / Unspecified,West Midlands,0,0,0,0,0,0,0,0,0,0,0,0,0,0,0,0,0,0,1,1,0,2,0.3164581725231482
5890833887,data scientist,England Men's Insights Senior Data Scientist,The FA,"Needwood, Burton-On-Trent",UK > West Midlands > Staffordshire > Burton-On-Trent > Needwood,52.817736,-1.760087,IT Jobs,48097.98,48097.98,permanent,full_time,2026-09-19 17:32:08+00:00,2026-09-20 01:07:51.986106+00:00,2026-09-19,48097.98,1,48097.98,Data Scientist,Senior,West Midlands,0,0,0,0,0,0,0,0,0,0,0,0,0,0,0,0,0,0,0,0,0,0,0.3164813206712963
5890530274,data scientist,Data Scientist (Sovereign Territory Surveillance),SRT Marine Systems PLC,"North Waltham, Basingstoke",UK > South East England > Hampshire > Basingstoke > North Waltham,51.214789,-1.192195,IT Jobs,63000.0,103000.0,,full_time,2026-09-19 11:53:08+00:00,2026-09-20 01:07:51.986106+00:00,2026-09-19,83000.0,1,83000.0,Data Scientist,Mid / Unspecified,South East England,0,0,0,0,0,0,0,0,0,0,0,0,0,0,0,0,0,0,0,0,0,0,0.5518979873379629
5890529586,data scientist,"Principal Data Scientist – AI, MLOps & GenAI Lead",Hackajob Ltd,"Clerkenwell, Central London",UK > London > Central London > Clerkenwell,51.524443,-0.098338,IT Jobs,61000.0,101000.0,,full_time,2026-09-19 11:53:03+00:00,2026-09-20 01:07:51.986106+00:00,2026-09-19,81000.0,1,81000.0,Data Scientist,Senior,London,0,0,0,0,0,0,0,0,0,0,0,0,0,0,0,0,0,0,0,1,0,1,0.5519558577083333
5890399875,data scientist,Data Scientist,ADEVALUK Adelphi Values,"Macclesfield, Cheshire",UK > North West England > Cheshire > Macclesfield,53.260799,-2.12819,IT Jobs,40570.52,40570.52,,full_time,2026-09-19 11:01:16+00:00,2026-09-20 01:07:51.986106+00:00,2026-09-19,40570.52,1,40570.52,Data Scientist,Mid / Unspecified,North West England,0,0,0,0,0,0,0,0,0,0,0,0,0,0,0,0,0,0,0,0,0,0,0.5879165058564815
5890396724,data scientist,Senior Data Scientist (NLP  Applied AI),Wiley Global Technology,UK,UK,,,Scientific & QA Jobs,44200.0,63400.0,,full_time,2026-09-19 10:56:26+00:00,2026-09-20 01:07:51.986106+00:00,2026-09-19,53800.0,1,53800.0,Data Scientist,Senior,UK,0,0,0,0,0,0,0,0,0,0,0,0,0,0,0,0,0,0,0,0,0,0,0.591272987337963
5890393996,data scientist,All-Source Intelligence Data Scientist,Booz Allen Hamilton,UK,UK,,,IT Jobs,99000.0,225000.0,,full_time,2026-09-19 10:51:29+00:00,2026-09-20 01:07:51.986106+00:00,2026-09-19,162000.0,1,162000.0,Data Scientist,Mid / Unspecified,UK,0,0,0,0,0,0,0,0,0,0,0,0,0,0,0,0,0,0,0,0,0,0,0.594710487337963
5890035193,data scientist,Data Scientist - Artificial Intelligence | UK Public Sector,IBM,"Hursley, Winchester",UK > South East England > Hampshire > Winchester > Hursley,51.025299,-1.39064,IT Jobs,79057.23,79057.23,contract,,2026-09-19 02:16:03+00:00,2026-09-20 01:07:51.986106+00:00,2026-09-19,79057.23,1,79057.23,Data Scientist,Mid / Unspecified,South East England,0,0,0,0,0,0,0,0,0,0,0,0,0,0,0,0,0,0,0,0,0,0,0.9526503021527777
5890035214,data scientist,Data Scientist - Artificial Intelligence | UK Public Sector,IBM,"Leicester, Leicestershire",UK > East Midlands > Leicestershire > Leicester,52.6348,-1.12952,IT Jobs,79512.04,79512.04,contract,,2026-09-19 02:16:03+00:00,2026-09-20 01:07:51.986106+00:00,2026-09-19,79512.04,1,79512.04,Data Scientist,Mid / Unspecified,East Midlands,0,0,0,0,0,0,0,0,0,0,0,0,0,0,0,0,0,0,0,0,0,0,0.9526503021527777
5890035197,data scientist,Data Scientist - Artificial Intelligence | UK Public Sector,IBM,"Manchester, Greater Manchester",UK > North West England > Greater Manchester > Manchester,53.480701,-2.23438,IT Jobs,77358.56,77358.56,contract,,2026-09-19 02:16:03+00:00,2026-09-20 01:07:51.986106+00:00,2026-09-19,77358.56,1,77358.56,Data Scientist,Mid / Unspecified,North West England,0,0,0,0,0,0,0,0,0,0,0,0,0,0,0,0,0,0,0,0,0,0,0.9526503021527777
5890035183,data scientist,Data Scientist - Artificial Intelligence | UK Public Sector,IBM,"London, UK",UK > London,51.503378,-0.139134,IT Jobs,81862.76,81862.76,contract,,2026-09-19 02:16:03+00:00,2026-09-20 01:07:51.986106+00:00,2026-09-19,81862.76,1,81862.76,Data Scientist,Mid / Unspecified,London,0,0,0,0,0,0,0,0,0,0,0,0,0,0,0,0,0,0,0,0,0,0,0.9526503021527777
5890034444,data scientist,Principal Data Scientist,Cytel,"London, UK",UK > London,51.503378,-0.139134,IT Jobs,59520.99,59520.99,,,2026-09-19 02:15:41+00:00,2026-09-20 01:07:51.986106+00:00,2026-09-19,59520.99,1,59520.99,Data Scientist,Senior,London,0,0,0,0,0,0,0,0,0,0,0,0,0,0,0,0,0,0,0,0,0,0,0.9529049317824073
5889815169,data scientist,Power BI & Application Developer - AI,Harnham - Data & Analytics Recruitment,"London, UK",UK > London,,,IT Jobs,70000.0,75000.0,,full_time,2026-09-18 23:32:17+00:00,2026-09-20 01:07:51.986106+00:00,2026-09-18,72500.0,1,72500.0,BI Analyst,Mid / Unspecified,London,0,0,0,1,0,0,0,0,0,0,0,0,0,0,0,0,0,0,0,0,0,1,1.0663771540046296
5889787549,data scientist,Power BI & Application Developer - AI,Harnham - Data & Analytics Recruitment,"London, UK",UK > London,,,IT Jobs,70000.0,75000.0,,full_time,2026-09-18 22:27:51+00:00,2026-09-20 01:07:51.986106+00:00,2026-09-18,72500.0,1,72500.0,BI Analyst,Mid / Unspecified,London,0,0,0,1,0,0,0,0,0,0,0,0,0,0,0,0,0,0,0,0,0,1,1.111122524375
5889787458,data scientist,Data Scientist & Engineer,Norton Rose Fulbright LLP,"London, UK",UK > London,,,IT Jobs,58948.63,58948.63,,full_time,2026-09-18 22:27:49+00:00,2026-09-20 01:07:51.986106+00:00,2026-09-18,58948.63,1,58948.63,Data Scientist,Mid / Unspecified,London,0,0,0,0,0,0,0,0,0,0,0,0,0,0,0,0,0,0,0,0,0,0,1.111145672523148
5889787460,data scientist,Junior Data Scientist,Norton Rose Fulbright LLP,"London, UK",UK > London,,,IT Jobs,45316.91,45316.91,,full_time,2026-09-18 22:27:49+00:00,2026-09-20 01:07:51.986106+00:00,2026-09-18,45316.91,1,45316.91,Data Scientist,Junior,London,0,0,0,0,0,0,0,0,0,0,0,0,0,0,0,0,0,0,0,0,0,0,1.111145672523148
5889786902,data scientist,Data Scientist,Sagacity,"London, UK",UK > London,,,IT Jobs,49081.67,49081.67,,full_time,2026-09-18 22:27:43+00:00,2026-09-20 01:07:51.986106+00:00,2026-09-18,49081.67,1,49081.67,Data Scientist,Mid / Unspecified,London,0,0,0,0,0,0,0,0,0,0,0,0,0,0,0,0,0,0,0,0,0,0,1.1112151169675926
5889704993,data scientist,Power BI & Application Developer - (Vis Ops & AI),Harnham - Data & Analytics Recruitment,"London, UK",UK > London,,,IT Jobs,70000.0,75000.0,,full_time,2026-09-18 19:33:51+00:00,2026-09-20 01:07:51.986106+00:00,2026-09-18,72500.0,1,72500.0,BI Analyst,Mid / Unspecified,London,0,0,0,1,0,0,0,0,0,0,0,0,0,0,0,0,0,0,0,0,0,1,1.2319558577083334
5889090938,data scientist,Data Scientist,Searchability  Ltd,"Cheltenham, Gloucestershire",UK > South West England > Gloucestershire > Cheltenham,51.897999,-2.07131,IT Jobs,45000.0,75000.0,permanent,full_time,2026-09-18 11:46:57+00:00,2026-09-20 01:07:51.986106+00:00,2026-09-18,60000.0,1,60000.0,Data Scientist,Mid / Unspecified,South West England,0,1,0,0,0,0,0,1,1,0,0,0,0,0,0,0,0,0,0,1,0,4,1.5561919688194443
5889090937,data scientist,Data Scientist / AI Engineer,Searchability  Ltd,"Cheltenham, Gloucestershire",UK > South West England > Gloucestershire > Cheltenham,51.897999,-2.07131,IT Jobs,45000.0,95000.0,permanent,full_time,2026-09-18 11:46:57+00:00,2026-09-20 01:07:51.986106+00:00,2026-09-18,70000.0,1,70000.0,Data Scientist,Mid / Unspecified,South West England,0,0,0,0,0,0,0,0,0,0,0,0,0,0,0,0,0,0,0,1,0,1,1.5561919688194443
